sku,service,deployment_model,purchasing_model,service_tier,compute_tier,hardware,capacity_unit,capacity,memory_gb,memory_basis,lifecycle_status,release_date,preview_date,ga_date,date_confidence,milestone,milestone_label,inventory_doc,release_doc,notes,recommend_when,recommend_sources
Basic,Azure SQL Database,Single database,DTU,Basic,Provisioned,n/a (DTU model),DTU,5,,published,Generally available,2014-09,2014-04,2014-09,medium,sqldb-dtu-core,"DTU purchasing model: Basic, Standard, Premium service tiers",https://learn.microsoft.com/azure/azure-sql/database/resource-limits-dtu-single-databases,https://azure.microsoft.com/en-us/blog/new-azure-sql-database-service-tiers-generally-available-in-september-with-reduced-pricing-and-enhanced-sla/,Basic/Standard/Premium reached GA in September 2014; GA pricing took effect 2014-11-01.,"1. Purchasing model: pick DTU only if you want simple, preconfigured bundles of compute, storage, and I/O. Microsoft marks the vCore model as recommended, and Azure Hybrid Benefit, the serverless compute tier, and the Hyperscale service tier are all unavailable in the DTU model. | 2. Use for development, testing, and other infrequently accessed workloads that are less sensitive to performance variability - Basic data files sit on HDD-based Standard page blob storage. | 3. Only use when the database fits in 2 GB; that is the hard storage ceiling for the Basic tier. | 4. Do not use for resource-intensive or CPU-intensive work: Basic provides less than one vCore, and Microsoft recommends S3 or greater instead. | 5. Do not use if you need more than 7 days of point-in-time restore; Basic caps backup retention at 1-7 days while Standard and Premium go to 35 days. | 6. Avoid if you need columnstore indexing or In-Memory OLTP - neither is available in Basic.",https://learn.microsoft.com/azure/azure-sql/database/purchasing-models | https://learn.microsoft.com/azure/azure-sql/database/service-tiers-dtu | https://learn.microsoft.com/azure/azure-sql/database/resource-limits-dtu-single-databases
S0,Azure SQL Database,Single database,DTU,Standard,Provisioned,n/a (DTU model),DTU,10,,published,Generally available,2014-09,2014-04,2014-09,medium,sqldb-dtu-core,"DTU purchasing model: Basic, Standard, Premium service tiers",https://learn.microsoft.com/azure/azure-sql/database/resource-limits-dtu-single-databases,https://azure.microsoft.com/en-us/blog/new-azure-sql-database-service-tiers-generally-available-in-september-with-reduced-pricing-and-enhanced-sla/,Basic/Standard/Premium reached GA in September 2014; GA pricing took effect 2014-11-01.,"1. Purchasing model: pick DTU only if you want simple, preconfigured bundles of compute, storage, and I/O. Microsoft marks the vCore model as recommended, and Azure Hybrid Benefit, the serverless compute tier, and the Hyperscale service tier are all unavailable in the DTU model. | 2. Use for development, test, and light production workloads that fit within the 250 GB storage limit of S0-S2. | 3. S0 and S1 store data files on HDD-based Standard storage, so pick them only where performance variability is acceptable. | 4. Do not use for CPU-intensive workloads: S0, S1, and S2 each provide less than one vCore, and Microsoft recommends S3 or greater. | 5. Do not use as the target of a database restore - restore operations are resource-intensive and often require S3 or greater. You can scale back down afterwards.",https://learn.microsoft.com/azure/azure-sql/database/purchasing-models | https://learn.microsoft.com/azure/azure-sql/database/service-tiers-dtu | https://learn.microsoft.com/azure/azure-sql/database/resource-limits-dtu-single-databases
S1,Azure SQL Database,Single database,DTU,Standard,Provisioned,n/a (DTU model),DTU,20,,published,Generally available,2014-09,2014-04,2014-09,medium,sqldb-dtu-core,"DTU purchasing model: Basic, Standard, Premium service tiers",https://learn.microsoft.com/azure/azure-sql/database/resource-limits-dtu-single-databases,https://azure.microsoft.com/en-us/blog/new-azure-sql-database-service-tiers-generally-available-in-september-with-reduced-pricing-and-enhanced-sla/,Basic/Standard/Premium reached GA in September 2014; GA pricing took effect 2014-11-01.,"1. Purchasing model: pick DTU only if you want simple, preconfigured bundles of compute, storage, and I/O. Microsoft marks the vCore model as recommended, and Azure Hybrid Benefit, the serverless compute tier, and the Hyperscale service tier are all unavailable in the DTU model. | 2. Use for development, test, and light production workloads that fit within the 250 GB storage limit of S0-S2. | 3. S0 and S1 store data files on HDD-based Standard storage, so pick them only where performance variability is acceptable. | 4. Do not use for CPU-intensive workloads: S0, S1, and S2 each provide less than one vCore, and Microsoft recommends S3 or greater. | 5. Do not use as the target of a database restore - restore operations are resource-intensive and often require S3 or greater. You can scale back down afterwards.",https://learn.microsoft.com/azure/azure-sql/database/purchasing-models | https://learn.microsoft.com/azure/azure-sql/database/service-tiers-dtu | https://learn.microsoft.com/azure/azure-sql/database/resource-limits-dtu-single-databases
S2,Azure SQL Database,Single database,DTU,Standard,Provisioned,n/a (DTU model),DTU,50,,published,Generally available,2014-09,2014-04,2014-09,medium,sqldb-dtu-core,"DTU purchasing model: Basic, Standard, Premium service tiers",https://learn.microsoft.com/azure/azure-sql/database/resource-limits-dtu-single-databases,https://azure.microsoft.com/en-us/blog/new-azure-sql-database-service-tiers-generally-available-in-september-with-reduced-pricing-and-enhanced-sla/,Basic/Standard/Premium reached GA in September 2014; GA pricing took effect 2014-11-01.,"1. Purchasing model: pick DTU only if you want simple, preconfigured bundles of compute, storage, and I/O. Microsoft marks the vCore model as recommended, and Azure Hybrid Benefit, the serverless compute tier, and the Hyperscale service tier are all unavailable in the DTU model. | 2. Use for development, test, and light production workloads that fit within the 250 GB storage limit of S0-S2. | 3. S0 and S1 store data files on HDD-based Standard storage, so pick them only where performance variability is acceptable. | 4. Do not use for CPU-intensive workloads: S0, S1, and S2 each provide less than one vCore, and Microsoft recommends S3 or greater. | 5. Do not use as the target of a database restore - restore operations are resource-intensive and often require S3 or greater. You can scale back down afterwards.",https://learn.microsoft.com/azure/azure-sql/database/purchasing-models | https://learn.microsoft.com/azure/azure-sql/database/service-tiers-dtu | https://learn.microsoft.com/azure/azure-sql/database/resource-limits-dtu-single-databases
S3,Azure SQL Database,Single database,DTU,Standard,Provisioned,n/a (DTU model),DTU,100,,published,Generally available,2014-09,2014-04,2014-09,medium,sqldb-dtu-core,"DTU purchasing model: Basic, Standard, Premium service tiers",https://learn.microsoft.com/azure/azure-sql/database/resource-limits-dtu-single-databases,https://azure.microsoft.com/en-us/blog/new-azure-sql-database-service-tiers-generally-available-in-september-with-reduced-pricing-and-enhanced-sla/,Basic/Standard/Premium reached GA in September 2014; GA pricing took effect 2014-11-01.,"1. Purchasing model: pick DTU only if you want simple, preconfigured bundles of compute, storage, and I/O. Microsoft marks the vCore model as recommended, and Azure Hybrid Benefit, the serverless compute tier, and the Hyperscale service tier are all unavailable in the DTU model. | 2. Use for development and production workloads that need up to 1 TB of storage and up to 3000 DTU of blended compute. | 3. Choose S3 or greater whenever the workload is CPU-intensive, since S3 is the first Standard objective with a full vCore or more. | 4. Choose S3 or greater when the database is the target of a restore operation. | 5. S3 and above are the lowest Standard objectives that support columnstore indexing. | 6. Move up to Premium instead if you need In-Memory OLTP or approximately 2 ms IO latency - Standard delivers about 5 ms read and 10 ms write.",https://learn.microsoft.com/azure/azure-sql/database/purchasing-models | https://learn.microsoft.com/azure/azure-sql/database/service-tiers-dtu | https://learn.microsoft.com/azure/azure-sql/database/resource-limits-dtu-single-databases
S4,Azure SQL Database,Single database,DTU,Standard,Provisioned,n/a (DTU model),DTU,200,,published,Generally available,2016,2016-02,2016,low,sqldb-dtu-expanded,"Expanded DTU performance levels S4, S6, S7, S9, S12",https://learn.microsoft.com/azure/azure-sql/database/resource-limits-dtu-single-databases,https://azure.microsoft.com/updates/azure-sql-database-new-performance-levels-and-storage-add-ons-in-public-preview/,Announced as public preview in the 2016 'new performance levels and storage add-ons' update; GA followed later in 2016. Exact GA month not confirmed.,"1. Purchasing model: pick DTU only if you want simple, preconfigured bundles of compute, storage, and I/O. Microsoft marks the vCore model as recommended, and Azure Hybrid Benefit, the serverless compute tier, and the Hyperscale service tier are all unavailable in the DTU model. | 2. Use for development and production workloads that need up to 1 TB of storage and up to 3000 DTU of blended compute. | 3. Choose S3 or greater whenever the workload is CPU-intensive, since S3 is the first Standard objective with a full vCore or more. | 4. Choose S3 or greater when the database is the target of a restore operation. | 5. S3 and above are the lowest Standard objectives that support columnstore indexing. | 6. Move up to Premium instead if you need In-Memory OLTP or approximately 2 ms IO latency - Standard delivers about 5 ms read and 10 ms write.",https://learn.microsoft.com/azure/azure-sql/database/purchasing-models | https://learn.microsoft.com/azure/azure-sql/database/service-tiers-dtu | https://learn.microsoft.com/azure/azure-sql/database/resource-limits-dtu-single-databases
S6,Azure SQL Database,Single database,DTU,Standard,Provisioned,n/a (DTU model),DTU,400,,published,Generally available,2016,2016-02,2016,low,sqldb-dtu-expanded,"Expanded DTU performance levels S4, S6, S7, S9, S12",https://learn.microsoft.com/azure/azure-sql/database/resource-limits-dtu-single-databases,https://azure.microsoft.com/updates/azure-sql-database-new-performance-levels-and-storage-add-ons-in-public-preview/,Announced as public preview in the 2016 'new performance levels and storage add-ons' update; GA followed later in 2016. Exact GA month not confirmed.,"1. Purchasing model: pick DTU only if you want simple, preconfigured bundles of compute, storage, and I/O. Microsoft marks the vCore model as recommended, and Azure Hybrid Benefit, the serverless compute tier, and the Hyperscale service tier are all unavailable in the DTU model. | 2. Use for development and production workloads that need up to 1 TB of storage and up to 3000 DTU of blended compute. | 3. Choose S3 or greater whenever the workload is CPU-intensive, since S3 is the first Standard objective with a full vCore or more. | 4. Choose S3 or greater when the database is the target of a restore operation. | 5. S3 and above are the lowest Standard objectives that support columnstore indexing. | 6. Move up to Premium instead if you need In-Memory OLTP or approximately 2 ms IO latency - Standard delivers about 5 ms read and 10 ms write.",https://learn.microsoft.com/azure/azure-sql/database/purchasing-models | https://learn.microsoft.com/azure/azure-sql/database/service-tiers-dtu | https://learn.microsoft.com/azure/azure-sql/database/resource-limits-dtu-single-databases
S7,Azure SQL Database,Single database,DTU,Standard,Provisioned,n/a (DTU model),DTU,800,,published,Generally available,2016,2016-02,2016,low,sqldb-dtu-expanded,"Expanded DTU performance levels S4, S6, S7, S9, S12",https://learn.microsoft.com/azure/azure-sql/database/resource-limits-dtu-single-databases,https://azure.microsoft.com/updates/azure-sql-database-new-performance-levels-and-storage-add-ons-in-public-preview/,Announced as public preview in the 2016 'new performance levels and storage add-ons' update; GA followed later in 2016. Exact GA month not confirmed.,"1. Purchasing model: pick DTU only if you want simple, preconfigured bundles of compute, storage, and I/O. Microsoft marks the vCore model as recommended, and Azure Hybrid Benefit, the serverless compute tier, and the Hyperscale service tier are all unavailable in the DTU model. | 2. Use for development and production workloads that need up to 1 TB of storage and up to 3000 DTU of blended compute. | 3. Choose S3 or greater whenever the workload is CPU-intensive, since S3 is the first Standard objective with a full vCore or more. | 4. Choose S3 or greater when the database is the target of a restore operation. | 5. S3 and above are the lowest Standard objectives that support columnstore indexing. | 6. Move up to Premium instead if you need In-Memory OLTP or approximately 2 ms IO latency - Standard delivers about 5 ms read and 10 ms write.",https://learn.microsoft.com/azure/azure-sql/database/purchasing-models | https://learn.microsoft.com/azure/azure-sql/database/service-tiers-dtu | https://learn.microsoft.com/azure/azure-sql/database/resource-limits-dtu-single-databases
S9,Azure SQL Database,Single database,DTU,Standard,Provisioned,n/a (DTU model),DTU,1600,,published,Generally available,2016,2016-02,2016,low,sqldb-dtu-expanded,"Expanded DTU performance levels S4, S6, S7, S9, S12",https://learn.microsoft.com/azure/azure-sql/database/resource-limits-dtu-single-databases,https://azure.microsoft.com/updates/azure-sql-database-new-performance-levels-and-storage-add-ons-in-public-preview/,Announced as public preview in the 2016 'new performance levels and storage add-ons' update; GA followed later in 2016. Exact GA month not confirmed.,"1. Purchasing model: pick DTU only if you want simple, preconfigured bundles of compute, storage, and I/O. Microsoft marks the vCore model as recommended, and Azure Hybrid Benefit, the serverless compute tier, and the Hyperscale service tier are all unavailable in the DTU model. | 2. Use for development and production workloads that need up to 1 TB of storage and up to 3000 DTU of blended compute. | 3. Choose S3 or greater whenever the workload is CPU-intensive, since S3 is the first Standard objective with a full vCore or more. | 4. Choose S3 or greater when the database is the target of a restore operation. | 5. S3 and above are the lowest Standard objectives that support columnstore indexing. | 6. Move up to Premium instead if you need In-Memory OLTP or approximately 2 ms IO latency - Standard delivers about 5 ms read and 10 ms write.",https://learn.microsoft.com/azure/azure-sql/database/purchasing-models | https://learn.microsoft.com/azure/azure-sql/database/service-tiers-dtu | https://learn.microsoft.com/azure/azure-sql/database/resource-limits-dtu-single-databases
S12,Azure SQL Database,Single database,DTU,Standard,Provisioned,n/a (DTU model),DTU,3000,,published,Generally available,2016,2016-02,2016,low,sqldb-dtu-expanded,"Expanded DTU performance levels S4, S6, S7, S9, S12",https://learn.microsoft.com/azure/azure-sql/database/resource-limits-dtu-single-databases,https://azure.microsoft.com/updates/azure-sql-database-new-performance-levels-and-storage-add-ons-in-public-preview/,Announced as public preview in the 2016 'new performance levels and storage add-ons' update; GA followed later in 2016. Exact GA month not confirmed.,"1. Purchasing model: pick DTU only if you want simple, preconfigured bundles of compute, storage, and I/O. Microsoft marks the vCore model as recommended, and Azure Hybrid Benefit, the serverless compute tier, and the Hyperscale service tier are all unavailable in the DTU model. | 2. Use for development and production workloads that need up to 1 TB of storage and up to 3000 DTU of blended compute. | 3. Choose S3 or greater whenever the workload is CPU-intensive, since S3 is the first Standard objective with a full vCore or more. | 4. Choose S3 or greater when the database is the target of a restore operation. | 5. S3 and above are the lowest Standard objectives that support columnstore indexing. | 6. Move up to Premium instead if you need In-Memory OLTP or approximately 2 ms IO latency - Standard delivers about 5 ms read and 10 ms write.",https://learn.microsoft.com/azure/azure-sql/database/purchasing-models | https://learn.microsoft.com/azure/azure-sql/database/service-tiers-dtu | https://learn.microsoft.com/azure/azure-sql/database/resource-limits-dtu-single-databases
P1,Azure SQL Database,Single database,DTU,Premium,Provisioned,n/a (DTU model),DTU,125,,published,Generally available,2014-09,2014-04,2014-09,medium,sqldb-dtu-core,"DTU purchasing model: Basic, Standard, Premium service tiers",https://learn.microsoft.com/azure/azure-sql/database/resource-limits-dtu-single-databases,https://azure.microsoft.com/en-us/blog/new-azure-sql-database-service-tiers-generally-available-in-september-with-reduced-pricing-and-enhanced-sla/,Basic/Standard/Premium reached GA in September 2014; GA pricing took effect 2014-11-01.,"1. Purchasing model: pick DTU only if you want simple, preconfigured bundles of compute, storage, and I/O. Microsoft marks the vCore model as recommended, and Azure Hybrid Benefit, the serverless compute tier, and the Hyperscale service tier are all unavailable in the DTU model. | 2. Use for IO-intensive production workloads: Premium delivers more than 25 IOPS per DTU versus 1-4 IOPS per DTU in Basic and Standard. | 3. Use when the workload needs low IO latency - approximately 2 ms read and write, against about 5 ms read and 10 ms write in Basic and Standard. | 4. Choose Premium when you need In-Memory OLTP, which is not available in the Basic or Standard tiers. | 5. Choose P11 or P15 when the database needs more than 1 TB of storage, up to the 4 TB Premium maximum. | 6. Check region support before choosing P11 or P15 above 1 TB: storage is capped at 1 TB in China East, China North, Germany Central, and Germany Northeast.",https://learn.microsoft.com/azure/azure-sql/database/purchasing-models | https://learn.microsoft.com/azure/azure-sql/database/service-tiers-dtu | https://learn.microsoft.com/azure/azure-sql/database/resource-limits-dtu-single-databases
P2,Azure SQL Database,Single database,DTU,Premium,Provisioned,n/a (DTU model),DTU,250,,published,Generally available,2014-09,2014-04,2014-09,medium,sqldb-dtu-core,"DTU purchasing model: Basic, Standard, Premium service tiers",https://learn.microsoft.com/azure/azure-sql/database/resource-limits-dtu-single-databases,https://azure.microsoft.com/en-us/blog/new-azure-sql-database-service-tiers-generally-available-in-september-with-reduced-pricing-and-enhanced-sla/,Basic/Standard/Premium reached GA in September 2014; GA pricing took effect 2014-11-01.,"1. Purchasing model: pick DTU only if you want simple, preconfigured bundles of compute, storage, and I/O. Microsoft marks the vCore model as recommended, and Azure Hybrid Benefit, the serverless compute tier, and the Hyperscale service tier are all unavailable in the DTU model. | 2. Use for IO-intensive production workloads: Premium delivers more than 25 IOPS per DTU versus 1-4 IOPS per DTU in Basic and Standard. | 3. Use when the workload needs low IO latency - approximately 2 ms read and write, against about 5 ms read and 10 ms write in Basic and Standard. | 4. Choose Premium when you need In-Memory OLTP, which is not available in the Basic or Standard tiers. | 5. Choose P11 or P15 when the database needs more than 1 TB of storage, up to the 4 TB Premium maximum. | 6. Check region support before choosing P11 or P15 above 1 TB: storage is capped at 1 TB in China East, China North, Germany Central, and Germany Northeast.",https://learn.microsoft.com/azure/azure-sql/database/purchasing-models | https://learn.microsoft.com/azure/azure-sql/database/service-tiers-dtu | https://learn.microsoft.com/azure/azure-sql/database/resource-limits-dtu-single-databases
P4,Azure SQL Database,Single database,DTU,Premium,Provisioned,n/a (DTU model),DTU,500,,published,Generally available,2015,2014-09,2015,low,sqldb-dtu-p4-p11,DTU Premium performance levels P4 and P11,https://learn.microsoft.com/azure/azure-sql/database/resource-limits-dtu-single-databases,https://azure.microsoft.com/en-us/blog/new-azure-sql-database-service-tiers-generally-available-in-september-with-reduced-pricing-and-enhanced-sla/,P4 and P11 were introduced alongside the 2014 tier refresh; exact GA month not recoverable from a first-party dated announcement. Treat the year as approximate.,"1. Purchasing model: pick DTU only if you want simple, preconfigured bundles of compute, storage, and I/O. Microsoft marks the vCore model as recommended, and Azure Hybrid Benefit, the serverless compute tier, and the Hyperscale service tier are all unavailable in the DTU model. | 2. Use for IO-intensive production workloads: Premium delivers more than 25 IOPS per DTU versus 1-4 IOPS per DTU in Basic and Standard. | 3. Use when the workload needs low IO latency - approximately 2 ms read and write, against about 5 ms read and 10 ms write in Basic and Standard. | 4. Choose Premium when you need In-Memory OLTP, which is not available in the Basic or Standard tiers. | 5. Choose P11 or P15 when the database needs more than 1 TB of storage, up to the 4 TB Premium maximum. | 6. Check region support before choosing P11 or P15 above 1 TB: storage is capped at 1 TB in China East, China North, Germany Central, and Germany Northeast.",https://learn.microsoft.com/azure/azure-sql/database/purchasing-models | https://learn.microsoft.com/azure/azure-sql/database/service-tiers-dtu | https://learn.microsoft.com/azure/azure-sql/database/resource-limits-dtu-single-databases
P6,Azure SQL Database,Single database,DTU,Premium,Provisioned,n/a (DTU model),DTU,1000,,published,Generally available,2014-09,2014-04,2014-09,medium,sqldb-dtu-core,"DTU purchasing model: Basic, Standard, Premium service tiers",https://learn.microsoft.com/azure/azure-sql/database/resource-limits-dtu-single-databases,https://azure.microsoft.com/en-us/blog/new-azure-sql-database-service-tiers-generally-available-in-september-with-reduced-pricing-and-enhanced-sla/,Basic/Standard/Premium reached GA in September 2014; GA pricing took effect 2014-11-01.,"1. Purchasing model: pick DTU only if you want simple, preconfigured bundles of compute, storage, and I/O. Microsoft marks the vCore model as recommended, and Azure Hybrid Benefit, the serverless compute tier, and the Hyperscale service tier are all unavailable in the DTU model. | 2. Use for IO-intensive production workloads: Premium delivers more than 25 IOPS per DTU versus 1-4 IOPS per DTU in Basic and Standard. | 3. Use when the workload needs low IO latency - approximately 2 ms read and write, against about 5 ms read and 10 ms write in Basic and Standard. | 4. Choose Premium when you need In-Memory OLTP, which is not available in the Basic or Standard tiers. | 5. Choose P11 or P15 when the database needs more than 1 TB of storage, up to the 4 TB Premium maximum. | 6. Check region support before choosing P11 or P15 above 1 TB: storage is capped at 1 TB in China East, China North, Germany Central, and Germany Northeast.",https://learn.microsoft.com/azure/azure-sql/database/purchasing-models | https://learn.microsoft.com/azure/azure-sql/database/service-tiers-dtu | https://learn.microsoft.com/azure/azure-sql/database/resource-limits-dtu-single-databases
P11,Azure SQL Database,Single database,DTU,Premium,Provisioned,n/a (DTU model),DTU,1750,,published,Generally available,2015,2014-09,2015,low,sqldb-dtu-p4-p11,DTU Premium performance levels P4 and P11,https://learn.microsoft.com/azure/azure-sql/database/resource-limits-dtu-single-databases,https://azure.microsoft.com/en-us/blog/new-azure-sql-database-service-tiers-generally-available-in-september-with-reduced-pricing-and-enhanced-sla/,P4 and P11 were introduced alongside the 2014 tier refresh; exact GA month not recoverable from a first-party dated announcement. Treat the year as approximate.,"1. Purchasing model: pick DTU only if you want simple, preconfigured bundles of compute, storage, and I/O. Microsoft marks the vCore model as recommended, and Azure Hybrid Benefit, the serverless compute tier, and the Hyperscale service tier are all unavailable in the DTU model. | 2. Use for IO-intensive production workloads: Premium delivers more than 25 IOPS per DTU versus 1-4 IOPS per DTU in Basic and Standard. | 3. Use when the workload needs low IO latency - approximately 2 ms read and write, against about 5 ms read and 10 ms write in Basic and Standard. | 4. Choose Premium when you need In-Memory OLTP, which is not available in the Basic or Standard tiers. | 5. Choose P11 or P15 when the database needs more than 1 TB of storage, up to the 4 TB Premium maximum. | 6. Check region support before choosing P11 or P15 above 1 TB: storage is capped at 1 TB in China East, China North, Germany Central, and Germany Northeast.",https://learn.microsoft.com/azure/azure-sql/database/purchasing-models | https://learn.microsoft.com/azure/azure-sql/database/service-tiers-dtu | https://learn.microsoft.com/azure/azure-sql/database/resource-limits-dtu-single-databases
P15,Azure SQL Database,Single database,DTU,Premium,Provisioned,n/a (DTU model),DTU,4000,,published,Generally available,2016-08,2016-02,2016-08,medium,sqldb-dtu-p15,DTU Premium performance level P15 (4000 DTU),https://learn.microsoft.com/azure/azure-sql/database/resource-limits-dtu-single-databases,https://azure.microsoft.com/updates?id=general-availability-new-azure-sql-database-premium-performance-level-p15,"Azure update: 'General availability: New Azure SQL Database Premium performance level, P15'.","1. Purchasing model: pick DTU only if you want simple, preconfigured bundles of compute, storage, and I/O. Microsoft marks the vCore model as recommended, and Azure Hybrid Benefit, the serverless compute tier, and the Hyperscale service tier are all unavailable in the DTU model. | 2. Use for IO-intensive production workloads: Premium delivers more than 25 IOPS per DTU versus 1-4 IOPS per DTU in Basic and Standard. | 3. Use when the workload needs low IO latency - approximately 2 ms read and write, against about 5 ms read and 10 ms write in Basic and Standard. | 4. Choose Premium when you need In-Memory OLTP, which is not available in the Basic or Standard tiers. | 5. Choose P11 or P15 when the database needs more than 1 TB of storage, up to the 4 TB Premium maximum. | 6. Check region support before choosing P11 or P15 above 1 TB: storage is capped at 1 TB in China East, China North, Germany Central, and Germany Northeast.",https://learn.microsoft.com/azure/azure-sql/database/purchasing-models | https://learn.microsoft.com/azure/azure-sql/database/service-tiers-dtu | https://learn.microsoft.com/azure/azure-sql/database/resource-limits-dtu-single-databases
BasicPool_50,Azure SQL Database,Elastic pool,DTU,Basic,Provisioned,n/a (DTU model),eDTU,50,,published,Generally available,2014-09,2014-04,2014-09,medium,sqldb-dtu-core,"DTU purchasing model: Basic, Standard, Premium service tiers",https://learn.microsoft.com/azure/azure-sql/database/resource-limits-dtu-elastic-pools,https://azure.microsoft.com/en-us/blog/new-azure-sql-database-service-tiers-generally-available-in-september-with-reduced-pricing-and-enhanced-sla/,Basic/Standard/Premium reached GA in September 2014; GA pricing took effect 2014-11-01.,"1. Purchasing model: pick DTU only if you want simple, preconfigured bundles of compute, storage, and I/O. Microsoft marks the vCore model as recommended, and Azure Hybrid Benefit, the serverless compute tier, and the Hyperscale service tier are all unavailable in the DTU model. | 2. Use when you have many databases with a low average resource utilization and relatively infrequent utilization spikes. | 3. Use when per-database usage is unpredictable and you want a single, predictable budget for the group rather than provisioning each database separately. | 4. Use when you want a guarantee that no single database can consume all the resources, while every database keeps a minimum reservation. | 5. Move a database out of the pool and onto a single database if it shows consistently high utilization that impacts the others. | 6. Match the pool tier to the databases: Basic pools cap at 5 eDTU and 2 GB per database, Standard pools at 3000 eDTU, Premium pools at 4000 eDTU and 100 databases per pool.",https://learn.microsoft.com/azure/azure-sql/database/purchasing-models | https://learn.microsoft.com/azure/azure-sql/database/service-tiers-dtu | https://learn.microsoft.com/azure/azure-sql/database/resource-limits-dtu-elastic-pools | https://learn.microsoft.com/azure/azure-sql/database/elastic-pool-overview
BasicPool_100,Azure SQL Database,Elastic pool,DTU,Basic,Provisioned,n/a (DTU model),eDTU,100,,published,Generally available,2014-09,2014-04,2014-09,medium,sqldb-dtu-core,"DTU purchasing model: Basic, Standard, Premium service tiers",https://learn.microsoft.com/azure/azure-sql/database/resource-limits-dtu-elastic-pools,https://azure.microsoft.com/en-us/blog/new-azure-sql-database-service-tiers-generally-available-in-september-with-reduced-pricing-and-enhanced-sla/,Basic/Standard/Premium reached GA in September 2014; GA pricing took effect 2014-11-01.,"1. Purchasing model: pick DTU only if you want simple, preconfigured bundles of compute, storage, and I/O. Microsoft marks the vCore model as recommended, and Azure Hybrid Benefit, the serverless compute tier, and the Hyperscale service tier are all unavailable in the DTU model. | 2. Use when you have many databases with a low average resource utilization and relatively infrequent utilization spikes. | 3. Use when per-database usage is unpredictable and you want a single, predictable budget for the group rather than provisioning each database separately. | 4. Use when you want a guarantee that no single database can consume all the resources, while every database keeps a minimum reservation. | 5. Move a database out of the pool and onto a single database if it shows consistently high utilization that impacts the others. | 6. Match the pool tier to the databases: Basic pools cap at 5 eDTU and 2 GB per database, Standard pools at 3000 eDTU, Premium pools at 4000 eDTU and 100 databases per pool.",https://learn.microsoft.com/azure/azure-sql/database/purchasing-models | https://learn.microsoft.com/azure/azure-sql/database/service-tiers-dtu | https://learn.microsoft.com/azure/azure-sql/database/resource-limits-dtu-elastic-pools | https://learn.microsoft.com/azure/azure-sql/database/elastic-pool-overview
BasicPool_200,Azure SQL Database,Elastic pool,DTU,Basic,Provisioned,n/a (DTU model),eDTU,200,,published,Generally available,2014-09,2014-04,2014-09,medium,sqldb-dtu-core,"DTU purchasing model: Basic, Standard, Premium service tiers",https://learn.microsoft.com/azure/azure-sql/database/resource-limits-dtu-elastic-pools,https://azure.microsoft.com/en-us/blog/new-azure-sql-database-service-tiers-generally-available-in-september-with-reduced-pricing-and-enhanced-sla/,Basic/Standard/Premium reached GA in September 2014; GA pricing took effect 2014-11-01.,"1. Purchasing model: pick DTU only if you want simple, preconfigured bundles of compute, storage, and I/O. Microsoft marks the vCore model as recommended, and Azure Hybrid Benefit, the serverless compute tier, and the Hyperscale service tier are all unavailable in the DTU model. | 2. Use when you have many databases with a low average resource utilization and relatively infrequent utilization spikes. | 3. Use when per-database usage is unpredictable and you want a single, predictable budget for the group rather than provisioning each database separately. | 4. Use when you want a guarantee that no single database can consume all the resources, while every database keeps a minimum reservation. | 5. Move a database out of the pool and onto a single database if it shows consistently high utilization that impacts the others. | 6. Match the pool tier to the databases: Basic pools cap at 5 eDTU and 2 GB per database, Standard pools at 3000 eDTU, Premium pools at 4000 eDTU and 100 databases per pool.",https://learn.microsoft.com/azure/azure-sql/database/purchasing-models | https://learn.microsoft.com/azure/azure-sql/database/service-tiers-dtu | https://learn.microsoft.com/azure/azure-sql/database/resource-limits-dtu-elastic-pools | https://learn.microsoft.com/azure/azure-sql/database/elastic-pool-overview
BasicPool_300,Azure SQL Database,Elastic pool,DTU,Basic,Provisioned,n/a (DTU model),eDTU,300,,published,Generally available,2014-09,2014-04,2014-09,medium,sqldb-dtu-core,"DTU purchasing model: Basic, Standard, Premium service tiers",https://learn.microsoft.com/azure/azure-sql/database/resource-limits-dtu-elastic-pools,https://azure.microsoft.com/en-us/blog/new-azure-sql-database-service-tiers-generally-available-in-september-with-reduced-pricing-and-enhanced-sla/,Basic/Standard/Premium reached GA in September 2014; GA pricing took effect 2014-11-01.,"1. Purchasing model: pick DTU only if you want simple, preconfigured bundles of compute, storage, and I/O. Microsoft marks the vCore model as recommended, and Azure Hybrid Benefit, the serverless compute tier, and the Hyperscale service tier are all unavailable in the DTU model. | 2. Use when you have many databases with a low average resource utilization and relatively infrequent utilization spikes. | 3. Use when per-database usage is unpredictable and you want a single, predictable budget for the group rather than provisioning each database separately. | 4. Use when you want a guarantee that no single database can consume all the resources, while every database keeps a minimum reservation. | 5. Move a database out of the pool and onto a single database if it shows consistently high utilization that impacts the others. | 6. Match the pool tier to the databases: Basic pools cap at 5 eDTU and 2 GB per database, Standard pools at 3000 eDTU, Premium pools at 4000 eDTU and 100 databases per pool.",https://learn.microsoft.com/azure/azure-sql/database/purchasing-models | https://learn.microsoft.com/azure/azure-sql/database/service-tiers-dtu | https://learn.microsoft.com/azure/azure-sql/database/resource-limits-dtu-elastic-pools | https://learn.microsoft.com/azure/azure-sql/database/elastic-pool-overview
BasicPool_400,Azure SQL Database,Elastic pool,DTU,Basic,Provisioned,n/a (DTU model),eDTU,400,,published,Generally available,2014-09,2014-04,2014-09,medium,sqldb-dtu-core,"DTU purchasing model: Basic, Standard, Premium service tiers",https://learn.microsoft.com/azure/azure-sql/database/resource-limits-dtu-elastic-pools,https://azure.microsoft.com/en-us/blog/new-azure-sql-database-service-tiers-generally-available-in-september-with-reduced-pricing-and-enhanced-sla/,Basic/Standard/Premium reached GA in September 2014; GA pricing took effect 2014-11-01.,"1. Purchasing model: pick DTU only if you want simple, preconfigured bundles of compute, storage, and I/O. Microsoft marks the vCore model as recommended, and Azure Hybrid Benefit, the serverless compute tier, and the Hyperscale service tier are all unavailable in the DTU model. | 2. Use when you have many databases with a low average resource utilization and relatively infrequent utilization spikes. | 3. Use when per-database usage is unpredictable and you want a single, predictable budget for the group rather than provisioning each database separately. | 4. Use when you want a guarantee that no single database can consume all the resources, while every database keeps a minimum reservation. | 5. Move a database out of the pool and onto a single database if it shows consistently high utilization that impacts the others. | 6. Match the pool tier to the databases: Basic pools cap at 5 eDTU and 2 GB per database, Standard pools at 3000 eDTU, Premium pools at 4000 eDTU and 100 databases per pool.",https://learn.microsoft.com/azure/azure-sql/database/purchasing-models | https://learn.microsoft.com/azure/azure-sql/database/service-tiers-dtu | https://learn.microsoft.com/azure/azure-sql/database/resource-limits-dtu-elastic-pools | https://learn.microsoft.com/azure/azure-sql/database/elastic-pool-overview
BasicPool_800,Azure SQL Database,Elastic pool,DTU,Basic,Provisioned,n/a (DTU model),eDTU,800,,published,Generally available,2014-09,2014-04,2014-09,medium,sqldb-dtu-core,"DTU purchasing model: Basic, Standard, Premium service tiers",https://learn.microsoft.com/azure/azure-sql/database/resource-limits-dtu-elastic-pools,https://azure.microsoft.com/en-us/blog/new-azure-sql-database-service-tiers-generally-available-in-september-with-reduced-pricing-and-enhanced-sla/,Basic/Standard/Premium reached GA in September 2014; GA pricing took effect 2014-11-01.,"1. Purchasing model: pick DTU only if you want simple, preconfigured bundles of compute, storage, and I/O. Microsoft marks the vCore model as recommended, and Azure Hybrid Benefit, the serverless compute tier, and the Hyperscale service tier are all unavailable in the DTU model. | 2. Use when you have many databases with a low average resource utilization and relatively infrequent utilization spikes. | 3. Use when per-database usage is unpredictable and you want a single, predictable budget for the group rather than provisioning each database separately. | 4. Use when you want a guarantee that no single database can consume all the resources, while every database keeps a minimum reservation. | 5. Move a database out of the pool and onto a single database if it shows consistently high utilization that impacts the others. | 6. Match the pool tier to the databases: Basic pools cap at 5 eDTU and 2 GB per database, Standard pools at 3000 eDTU, Premium pools at 4000 eDTU and 100 databases per pool.",https://learn.microsoft.com/azure/azure-sql/database/purchasing-models | https://learn.microsoft.com/azure/azure-sql/database/service-tiers-dtu | https://learn.microsoft.com/azure/azure-sql/database/resource-limits-dtu-elastic-pools | https://learn.microsoft.com/azure/azure-sql/database/elastic-pool-overview
BasicPool_1200,Azure SQL Database,Elastic pool,DTU,Basic,Provisioned,n/a (DTU model),eDTU,1200,,published,Generally available,2014-09,2014-04,2014-09,medium,sqldb-dtu-core,"DTU purchasing model: Basic, Standard, Premium service tiers",https://learn.microsoft.com/azure/azure-sql/database/resource-limits-dtu-elastic-pools,https://azure.microsoft.com/en-us/blog/new-azure-sql-database-service-tiers-generally-available-in-september-with-reduced-pricing-and-enhanced-sla/,Basic/Standard/Premium reached GA in September 2014; GA pricing took effect 2014-11-01.,"1. Purchasing model: pick DTU only if you want simple, preconfigured bundles of compute, storage, and I/O. Microsoft marks the vCore model as recommended, and Azure Hybrid Benefit, the serverless compute tier, and the Hyperscale service tier are all unavailable in the DTU model. | 2. Use when you have many databases with a low average resource utilization and relatively infrequent utilization spikes. | 3. Use when per-database usage is unpredictable and you want a single, predictable budget for the group rather than provisioning each database separately. | 4. Use when you want a guarantee that no single database can consume all the resources, while every database keeps a minimum reservation. | 5. Move a database out of the pool and onto a single database if it shows consistently high utilization that impacts the others. | 6. Match the pool tier to the databases: Basic pools cap at 5 eDTU and 2 GB per database, Standard pools at 3000 eDTU, Premium pools at 4000 eDTU and 100 databases per pool.",https://learn.microsoft.com/azure/azure-sql/database/purchasing-models | https://learn.microsoft.com/azure/azure-sql/database/service-tiers-dtu | https://learn.microsoft.com/azure/azure-sql/database/resource-limits-dtu-elastic-pools | https://learn.microsoft.com/azure/azure-sql/database/elastic-pool-overview
BasicPool_1600,Azure SQL Database,Elastic pool,DTU,Basic,Provisioned,n/a (DTU model),eDTU,1600,,published,Generally available,2014-09,2014-04,2014-09,medium,sqldb-dtu-core,"DTU purchasing model: Basic, Standard, Premium service tiers",https://learn.microsoft.com/azure/azure-sql/database/resource-limits-dtu-elastic-pools,https://azure.microsoft.com/en-us/blog/new-azure-sql-database-service-tiers-generally-available-in-september-with-reduced-pricing-and-enhanced-sla/,Basic/Standard/Premium reached GA in September 2014; GA pricing took effect 2014-11-01.,"1. Purchasing model: pick DTU only if you want simple, preconfigured bundles of compute, storage, and I/O. Microsoft marks the vCore model as recommended, and Azure Hybrid Benefit, the serverless compute tier, and the Hyperscale service tier are all unavailable in the DTU model. | 2. Use when you have many databases with a low average resource utilization and relatively infrequent utilization spikes. | 3. Use when per-database usage is unpredictable and you want a single, predictable budget for the group rather than provisioning each database separately. | 4. Use when you want a guarantee that no single database can consume all the resources, while every database keeps a minimum reservation. | 5. Move a database out of the pool and onto a single database if it shows consistently high utilization that impacts the others. | 6. Match the pool tier to the databases: Basic pools cap at 5 eDTU and 2 GB per database, Standard pools at 3000 eDTU, Premium pools at 4000 eDTU and 100 databases per pool.",https://learn.microsoft.com/azure/azure-sql/database/purchasing-models | https://learn.microsoft.com/azure/azure-sql/database/service-tiers-dtu | https://learn.microsoft.com/azure/azure-sql/database/resource-limits-dtu-elastic-pools | https://learn.microsoft.com/azure/azure-sql/database/elastic-pool-overview
StandardPool_50,Azure SQL Database,Elastic pool,DTU,Standard,Provisioned,n/a (DTU model),eDTU,50,,published,Generally available,2014-09,2014-04,2014-09,medium,sqldb-dtu-core,"DTU purchasing model: Basic, Standard, Premium service tiers",https://learn.microsoft.com/azure/azure-sql/database/resource-limits-dtu-elastic-pools,https://azure.microsoft.com/en-us/blog/new-azure-sql-database-service-tiers-generally-available-in-september-with-reduced-pricing-and-enhanced-sla/,Basic/Standard/Premium reached GA in September 2014; GA pricing took effect 2014-11-01.,"1. Purchasing model: pick DTU only if you want simple, preconfigured bundles of compute, storage, and I/O. Microsoft marks the vCore model as recommended, and Azure Hybrid Benefit, the serverless compute tier, and the Hyperscale service tier are all unavailable in the DTU model. | 2. Use when you have many databases with a low average resource utilization and relatively infrequent utilization spikes. | 3. Use when per-database usage is unpredictable and you want a single, predictable budget for the group rather than provisioning each database separately. | 4. Use when you want a guarantee that no single database can consume all the resources, while every database keeps a minimum reservation. | 5. Move a database out of the pool and onto a single database if it shows consistently high utilization that impacts the others. | 6. Match the pool tier to the databases: Basic pools cap at 5 eDTU and 2 GB per database, Standard pools at 3000 eDTU, Premium pools at 4000 eDTU and 100 databases per pool.",https://learn.microsoft.com/azure/azure-sql/database/purchasing-models | https://learn.microsoft.com/azure/azure-sql/database/service-tiers-dtu | https://learn.microsoft.com/azure/azure-sql/database/resource-limits-dtu-elastic-pools | https://learn.microsoft.com/azure/azure-sql/database/elastic-pool-overview
StandardPool_100,Azure SQL Database,Elastic pool,DTU,Standard,Provisioned,n/a (DTU model),eDTU,100,,published,Generally available,2014-09,2014-04,2014-09,medium,sqldb-dtu-core,"DTU purchasing model: Basic, Standard, Premium service tiers",https://learn.microsoft.com/azure/azure-sql/database/resource-limits-dtu-elastic-pools,https://azure.microsoft.com/en-us/blog/new-azure-sql-database-service-tiers-generally-available-in-september-with-reduced-pricing-and-enhanced-sla/,Basic/Standard/Premium reached GA in September 2014; GA pricing took effect 2014-11-01.,"1. Purchasing model: pick DTU only if you want simple, preconfigured bundles of compute, storage, and I/O. Microsoft marks the vCore model as recommended, and Azure Hybrid Benefit, the serverless compute tier, and the Hyperscale service tier are all unavailable in the DTU model. | 2. Use when you have many databases with a low average resource utilization and relatively infrequent utilization spikes. | 3. Use when per-database usage is unpredictable and you want a single, predictable budget for the group rather than provisioning each database separately. | 4. Use when you want a guarantee that no single database can consume all the resources, while every database keeps a minimum reservation. | 5. Move a database out of the pool and onto a single database if it shows consistently high utilization that impacts the others. | 6. Match the pool tier to the databases: Basic pools cap at 5 eDTU and 2 GB per database, Standard pools at 3000 eDTU, Premium pools at 4000 eDTU and 100 databases per pool.",https://learn.microsoft.com/azure/azure-sql/database/purchasing-models | https://learn.microsoft.com/azure/azure-sql/database/service-tiers-dtu | https://learn.microsoft.com/azure/azure-sql/database/resource-limits-dtu-elastic-pools | https://learn.microsoft.com/azure/azure-sql/database/elastic-pool-overview
StandardPool_200,Azure SQL Database,Elastic pool,DTU,Standard,Provisioned,n/a (DTU model),eDTU,200,,published,Generally available,2014-09,2014-04,2014-09,medium,sqldb-dtu-core,"DTU purchasing model: Basic, Standard, Premium service tiers",https://learn.microsoft.com/azure/azure-sql/database/resource-limits-dtu-elastic-pools,https://azure.microsoft.com/en-us/blog/new-azure-sql-database-service-tiers-generally-available-in-september-with-reduced-pricing-and-enhanced-sla/,Basic/Standard/Premium reached GA in September 2014; GA pricing took effect 2014-11-01.,"1. Purchasing model: pick DTU only if you want simple, preconfigured bundles of compute, storage, and I/O. Microsoft marks the vCore model as recommended, and Azure Hybrid Benefit, the serverless compute tier, and the Hyperscale service tier are all unavailable in the DTU model. | 2. Use when you have many databases with a low average resource utilization and relatively infrequent utilization spikes. | 3. Use when per-database usage is unpredictable and you want a single, predictable budget for the group rather than provisioning each database separately. | 4. Use when you want a guarantee that no single database can consume all the resources, while every database keeps a minimum reservation. | 5. Move a database out of the pool and onto a single database if it shows consistently high utilization that impacts the others. | 6. Match the pool tier to the databases: Basic pools cap at 5 eDTU and 2 GB per database, Standard pools at 3000 eDTU, Premium pools at 4000 eDTU and 100 databases per pool.",https://learn.microsoft.com/azure/azure-sql/database/purchasing-models | https://learn.microsoft.com/azure/azure-sql/database/service-tiers-dtu | https://learn.microsoft.com/azure/azure-sql/database/resource-limits-dtu-elastic-pools | https://learn.microsoft.com/azure/azure-sql/database/elastic-pool-overview
StandardPool_300,Azure SQL Database,Elastic pool,DTU,Standard,Provisioned,n/a (DTU model),eDTU,300,,published,Generally available,2014-09,2014-04,2014-09,medium,sqldb-dtu-core,"DTU purchasing model: Basic, Standard, Premium service tiers",https://learn.microsoft.com/azure/azure-sql/database/resource-limits-dtu-elastic-pools,https://azure.microsoft.com/en-us/blog/new-azure-sql-database-service-tiers-generally-available-in-september-with-reduced-pricing-and-enhanced-sla/,Basic/Standard/Premium reached GA in September 2014; GA pricing took effect 2014-11-01.,"1. Purchasing model: pick DTU only if you want simple, preconfigured bundles of compute, storage, and I/O. Microsoft marks the vCore model as recommended, and Azure Hybrid Benefit, the serverless compute tier, and the Hyperscale service tier are all unavailable in the DTU model. | 2. Use when you have many databases with a low average resource utilization and relatively infrequent utilization spikes. | 3. Use when per-database usage is unpredictable and you want a single, predictable budget for the group rather than provisioning each database separately. | 4. Use when you want a guarantee that no single database can consume all the resources, while every database keeps a minimum reservation. | 5. Move a database out of the pool and onto a single database if it shows consistently high utilization that impacts the others. | 6. Match the pool tier to the databases: Basic pools cap at 5 eDTU and 2 GB per database, Standard pools at 3000 eDTU, Premium pools at 4000 eDTU and 100 databases per pool.",https://learn.microsoft.com/azure/azure-sql/database/purchasing-models | https://learn.microsoft.com/azure/azure-sql/database/service-tiers-dtu | https://learn.microsoft.com/azure/azure-sql/database/resource-limits-dtu-elastic-pools | https://learn.microsoft.com/azure/azure-sql/database/elastic-pool-overview
StandardPool_400,Azure SQL Database,Elastic pool,DTU,Standard,Provisioned,n/a (DTU model),eDTU,400,,published,Generally available,2014-09,2014-04,2014-09,medium,sqldb-dtu-core,"DTU purchasing model: Basic, Standard, Premium service tiers",https://learn.microsoft.com/azure/azure-sql/database/resource-limits-dtu-elastic-pools,https://azure.microsoft.com/en-us/blog/new-azure-sql-database-service-tiers-generally-available-in-september-with-reduced-pricing-and-enhanced-sla/,Basic/Standard/Premium reached GA in September 2014; GA pricing took effect 2014-11-01.,"1. Purchasing model: pick DTU only if you want simple, preconfigured bundles of compute, storage, and I/O. Microsoft marks the vCore model as recommended, and Azure Hybrid Benefit, the serverless compute tier, and the Hyperscale service tier are all unavailable in the DTU model. | 2. Use when you have many databases with a low average resource utilization and relatively infrequent utilization spikes. | 3. Use when per-database usage is unpredictable and you want a single, predictable budget for the group rather than provisioning each database separately. | 4. Use when you want a guarantee that no single database can consume all the resources, while every database keeps a minimum reservation. | 5. Move a database out of the pool and onto a single database if it shows consistently high utilization that impacts the others. | 6. Match the pool tier to the databases: Basic pools cap at 5 eDTU and 2 GB per database, Standard pools at 3000 eDTU, Premium pools at 4000 eDTU and 100 databases per pool.",https://learn.microsoft.com/azure/azure-sql/database/purchasing-models | https://learn.microsoft.com/azure/azure-sql/database/service-tiers-dtu | https://learn.microsoft.com/azure/azure-sql/database/resource-limits-dtu-elastic-pools | https://learn.microsoft.com/azure/azure-sql/database/elastic-pool-overview
StandardPool_800,Azure SQL Database,Elastic pool,DTU,Standard,Provisioned,n/a (DTU model),eDTU,800,,published,Generally available,2014-09,2014-04,2014-09,medium,sqldb-dtu-core,"DTU purchasing model: Basic, Standard, Premium service tiers",https://learn.microsoft.com/azure/azure-sql/database/resource-limits-dtu-elastic-pools,https://azure.microsoft.com/en-us/blog/new-azure-sql-database-service-tiers-generally-available-in-september-with-reduced-pricing-and-enhanced-sla/,Basic/Standard/Premium reached GA in September 2014; GA pricing took effect 2014-11-01.,"1. Purchasing model: pick DTU only if you want simple, preconfigured bundles of compute, storage, and I/O. Microsoft marks the vCore model as recommended, and Azure Hybrid Benefit, the serverless compute tier, and the Hyperscale service tier are all unavailable in the DTU model. | 2. Use when you have many databases with a low average resource utilization and relatively infrequent utilization spikes. | 3. Use when per-database usage is unpredictable and you want a single, predictable budget for the group rather than provisioning each database separately. | 4. Use when you want a guarantee that no single database can consume all the resources, while every database keeps a minimum reservation. | 5. Move a database out of the pool and onto a single database if it shows consistently high utilization that impacts the others. | 6. Match the pool tier to the databases: Basic pools cap at 5 eDTU and 2 GB per database, Standard pools at 3000 eDTU, Premium pools at 4000 eDTU and 100 databases per pool.",https://learn.microsoft.com/azure/azure-sql/database/purchasing-models | https://learn.microsoft.com/azure/azure-sql/database/service-tiers-dtu | https://learn.microsoft.com/azure/azure-sql/database/resource-limits-dtu-elastic-pools | https://learn.microsoft.com/azure/azure-sql/database/elastic-pool-overview
StandardPool_1200,Azure SQL Database,Elastic pool,DTU,Standard,Provisioned,n/a (DTU model),eDTU,1200,,published,Generally available,2014-09,2014-04,2014-09,medium,sqldb-dtu-core,"DTU purchasing model: Basic, Standard, Premium service tiers",https://learn.microsoft.com/azure/azure-sql/database/resource-limits-dtu-elastic-pools,https://azure.microsoft.com/en-us/blog/new-azure-sql-database-service-tiers-generally-available-in-september-with-reduced-pricing-and-enhanced-sla/,Basic/Standard/Premium reached GA in September 2014; GA pricing took effect 2014-11-01.,"1. Purchasing model: pick DTU only if you want simple, preconfigured bundles of compute, storage, and I/O. Microsoft marks the vCore model as recommended, and Azure Hybrid Benefit, the serverless compute tier, and the Hyperscale service tier are all unavailable in the DTU model. | 2. Use when you have many databases with a low average resource utilization and relatively infrequent utilization spikes. | 3. Use when per-database usage is unpredictable and you want a single, predictable budget for the group rather than provisioning each database separately. | 4. Use when you want a guarantee that no single database can consume all the resources, while every database keeps a minimum reservation. | 5. Move a database out of the pool and onto a single database if it shows consistently high utilization that impacts the others. | 6. Match the pool tier to the databases: Basic pools cap at 5 eDTU and 2 GB per database, Standard pools at 3000 eDTU, Premium pools at 4000 eDTU and 100 databases per pool.",https://learn.microsoft.com/azure/azure-sql/database/purchasing-models | https://learn.microsoft.com/azure/azure-sql/database/service-tiers-dtu | https://learn.microsoft.com/azure/azure-sql/database/resource-limits-dtu-elastic-pools | https://learn.microsoft.com/azure/azure-sql/database/elastic-pool-overview
StandardPool_1600,Azure SQL Database,Elastic pool,DTU,Standard,Provisioned,n/a (DTU model),eDTU,1600,,published,Generally available,2014-09,2014-04,2014-09,medium,sqldb-dtu-core,"DTU purchasing model: Basic, Standard, Premium service tiers",https://learn.microsoft.com/azure/azure-sql/database/resource-limits-dtu-elastic-pools,https://azure.microsoft.com/en-us/blog/new-azure-sql-database-service-tiers-generally-available-in-september-with-reduced-pricing-and-enhanced-sla/,Basic/Standard/Premium reached GA in September 2014; GA pricing took effect 2014-11-01.,"1. Purchasing model: pick DTU only if you want simple, preconfigured bundles of compute, storage, and I/O. Microsoft marks the vCore model as recommended, and Azure Hybrid Benefit, the serverless compute tier, and the Hyperscale service tier are all unavailable in the DTU model. | 2. Use when you have many databases with a low average resource utilization and relatively infrequent utilization spikes. | 3. Use when per-database usage is unpredictable and you want a single, predictable budget for the group rather than provisioning each database separately. | 4. Use when you want a guarantee that no single database can consume all the resources, while every database keeps a minimum reservation. | 5. Move a database out of the pool and onto a single database if it shows consistently high utilization that impacts the others. | 6. Match the pool tier to the databases: Basic pools cap at 5 eDTU and 2 GB per database, Standard pools at 3000 eDTU, Premium pools at 4000 eDTU and 100 databases per pool.",https://learn.microsoft.com/azure/azure-sql/database/purchasing-models | https://learn.microsoft.com/azure/azure-sql/database/service-tiers-dtu | https://learn.microsoft.com/azure/azure-sql/database/resource-limits-dtu-elastic-pools | https://learn.microsoft.com/azure/azure-sql/database/elastic-pool-overview
StandardPool_2000,Azure SQL Database,Elastic pool,DTU,Standard,Provisioned,n/a (DTU model),eDTU,2000,,published,Generally available,2014-09,2014-04,2014-09,medium,sqldb-dtu-core,"DTU purchasing model: Basic, Standard, Premium service tiers",https://learn.microsoft.com/azure/azure-sql/database/resource-limits-dtu-elastic-pools,https://azure.microsoft.com/en-us/blog/new-azure-sql-database-service-tiers-generally-available-in-september-with-reduced-pricing-and-enhanced-sla/,Basic/Standard/Premium reached GA in September 2014; GA pricing took effect 2014-11-01.,"1. Purchasing model: pick DTU only if you want simple, preconfigured bundles of compute, storage, and I/O. Microsoft marks the vCore model as recommended, and Azure Hybrid Benefit, the serverless compute tier, and the Hyperscale service tier are all unavailable in the DTU model. | 2. Use when you have many databases with a low average resource utilization and relatively infrequent utilization spikes. | 3. Use when per-database usage is unpredictable and you want a single, predictable budget for the group rather than provisioning each database separately. | 4. Use when you want a guarantee that no single database can consume all the resources, while every database keeps a minimum reservation. | 5. Move a database out of the pool and onto a single database if it shows consistently high utilization that impacts the others. | 6. Match the pool tier to the databases: Basic pools cap at 5 eDTU and 2 GB per database, Standard pools at 3000 eDTU, Premium pools at 4000 eDTU and 100 databases per pool.",https://learn.microsoft.com/azure/azure-sql/database/purchasing-models | https://learn.microsoft.com/azure/azure-sql/database/service-tiers-dtu | https://learn.microsoft.com/azure/azure-sql/database/resource-limits-dtu-elastic-pools | https://learn.microsoft.com/azure/azure-sql/database/elastic-pool-overview
StandardPool_2500,Azure SQL Database,Elastic pool,DTU,Standard,Provisioned,n/a (DTU model),eDTU,2500,,published,Generally available,2014-09,2014-04,2014-09,medium,sqldb-dtu-core,"DTU purchasing model: Basic, Standard, Premium service tiers",https://learn.microsoft.com/azure/azure-sql/database/resource-limits-dtu-elastic-pools,https://azure.microsoft.com/en-us/blog/new-azure-sql-database-service-tiers-generally-available-in-september-with-reduced-pricing-and-enhanced-sla/,Basic/Standard/Premium reached GA in September 2014; GA pricing took effect 2014-11-01.,"1. Purchasing model: pick DTU only if you want simple, preconfigured bundles of compute, storage, and I/O. Microsoft marks the vCore model as recommended, and Azure Hybrid Benefit, the serverless compute tier, and the Hyperscale service tier are all unavailable in the DTU model. | 2. Use when you have many databases with a low average resource utilization and relatively infrequent utilization spikes. | 3. Use when per-database usage is unpredictable and you want a single, predictable budget for the group rather than provisioning each database separately. | 4. Use when you want a guarantee that no single database can consume all the resources, while every database keeps a minimum reservation. | 5. Move a database out of the pool and onto a single database if it shows consistently high utilization that impacts the others. | 6. Match the pool tier to the databases: Basic pools cap at 5 eDTU and 2 GB per database, Standard pools at 3000 eDTU, Premium pools at 4000 eDTU and 100 databases per pool.",https://learn.microsoft.com/azure/azure-sql/database/purchasing-models | https://learn.microsoft.com/azure/azure-sql/database/service-tiers-dtu | https://learn.microsoft.com/azure/azure-sql/database/resource-limits-dtu-elastic-pools | https://learn.microsoft.com/azure/azure-sql/database/elastic-pool-overview
StandardPool_3000,Azure SQL Database,Elastic pool,DTU,Standard,Provisioned,n/a (DTU model),eDTU,3000,,published,Generally available,2014-09,2014-04,2014-09,medium,sqldb-dtu-core,"DTU purchasing model: Basic, Standard, Premium service tiers",https://learn.microsoft.com/azure/azure-sql/database/resource-limits-dtu-elastic-pools,https://azure.microsoft.com/en-us/blog/new-azure-sql-database-service-tiers-generally-available-in-september-with-reduced-pricing-and-enhanced-sla/,Basic/Standard/Premium reached GA in September 2014; GA pricing took effect 2014-11-01.,"1. Purchasing model: pick DTU only if you want simple, preconfigured bundles of compute, storage, and I/O. Microsoft marks the vCore model as recommended, and Azure Hybrid Benefit, the serverless compute tier, and the Hyperscale service tier are all unavailable in the DTU model. | 2. Use when you have many databases with a low average resource utilization and relatively infrequent utilization spikes. | 3. Use when per-database usage is unpredictable and you want a single, predictable budget for the group rather than provisioning each database separately. | 4. Use when you want a guarantee that no single database can consume all the resources, while every database keeps a minimum reservation. | 5. Move a database out of the pool and onto a single database if it shows consistently high utilization that impacts the others. | 6. Match the pool tier to the databases: Basic pools cap at 5 eDTU and 2 GB per database, Standard pools at 3000 eDTU, Premium pools at 4000 eDTU and 100 databases per pool.",https://learn.microsoft.com/azure/azure-sql/database/purchasing-models | https://learn.microsoft.com/azure/azure-sql/database/service-tiers-dtu | https://learn.microsoft.com/azure/azure-sql/database/resource-limits-dtu-elastic-pools | https://learn.microsoft.com/azure/azure-sql/database/elastic-pool-overview
PremiumPool_125,Azure SQL Database,Elastic pool,DTU,Premium,Provisioned,n/a (DTU model),eDTU,125,,published,Generally available,2014-09,2014-04,2014-09,medium,sqldb-dtu-core,"DTU purchasing model: Basic, Standard, Premium service tiers",https://learn.microsoft.com/azure/azure-sql/database/resource-limits-dtu-elastic-pools,https://azure.microsoft.com/en-us/blog/new-azure-sql-database-service-tiers-generally-available-in-september-with-reduced-pricing-and-enhanced-sla/,Basic/Standard/Premium reached GA in September 2014; GA pricing took effect 2014-11-01.,"1. Purchasing model: pick DTU only if you want simple, preconfigured bundles of compute, storage, and I/O. Microsoft marks the vCore model as recommended, and Azure Hybrid Benefit, the serverless compute tier, and the Hyperscale service tier are all unavailable in the DTU model. | 2. Use when you have many databases with a low average resource utilization and relatively infrequent utilization spikes. | 3. Use when per-database usage is unpredictable and you want a single, predictable budget for the group rather than provisioning each database separately. | 4. Use when you want a guarantee that no single database can consume all the resources, while every database keeps a minimum reservation. | 5. Move a database out of the pool and onto a single database if it shows consistently high utilization that impacts the others. | 6. Match the pool tier to the databases: Basic pools cap at 5 eDTU and 2 GB per database, Standard pools at 3000 eDTU, Premium pools at 4000 eDTU and 100 databases per pool.",https://learn.microsoft.com/azure/azure-sql/database/purchasing-models | https://learn.microsoft.com/azure/azure-sql/database/service-tiers-dtu | https://learn.microsoft.com/azure/azure-sql/database/resource-limits-dtu-elastic-pools | https://learn.microsoft.com/azure/azure-sql/database/elastic-pool-overview
PremiumPool_250,Azure SQL Database,Elastic pool,DTU,Premium,Provisioned,n/a (DTU model),eDTU,250,,published,Generally available,2014-09,2014-04,2014-09,medium,sqldb-dtu-core,"DTU purchasing model: Basic, Standard, Premium service tiers",https://learn.microsoft.com/azure/azure-sql/database/resource-limits-dtu-elastic-pools,https://azure.microsoft.com/en-us/blog/new-azure-sql-database-service-tiers-generally-available-in-september-with-reduced-pricing-and-enhanced-sla/,Basic/Standard/Premium reached GA in September 2014; GA pricing took effect 2014-11-01.,"1. Purchasing model: pick DTU only if you want simple, preconfigured bundles of compute, storage, and I/O. Microsoft marks the vCore model as recommended, and Azure Hybrid Benefit, the serverless compute tier, and the Hyperscale service tier are all unavailable in the DTU model. | 2. Use when you have many databases with a low average resource utilization and relatively infrequent utilization spikes. | 3. Use when per-database usage is unpredictable and you want a single, predictable budget for the group rather than provisioning each database separately. | 4. Use when you want a guarantee that no single database can consume all the resources, while every database keeps a minimum reservation. | 5. Move a database out of the pool and onto a single database if it shows consistently high utilization that impacts the others. | 6. Match the pool tier to the databases: Basic pools cap at 5 eDTU and 2 GB per database, Standard pools at 3000 eDTU, Premium pools at 4000 eDTU and 100 databases per pool.",https://learn.microsoft.com/azure/azure-sql/database/purchasing-models | https://learn.microsoft.com/azure/azure-sql/database/service-tiers-dtu | https://learn.microsoft.com/azure/azure-sql/database/resource-limits-dtu-elastic-pools | https://learn.microsoft.com/azure/azure-sql/database/elastic-pool-overview
PremiumPool_500,Azure SQL Database,Elastic pool,DTU,Premium,Provisioned,n/a (DTU model),eDTU,500,,published,Generally available,2014-09,2014-04,2014-09,medium,sqldb-dtu-core,"DTU purchasing model: Basic, Standard, Premium service tiers",https://learn.microsoft.com/azure/azure-sql/database/resource-limits-dtu-elastic-pools,https://azure.microsoft.com/en-us/blog/new-azure-sql-database-service-tiers-generally-available-in-september-with-reduced-pricing-and-enhanced-sla/,Basic/Standard/Premium reached GA in September 2014; GA pricing took effect 2014-11-01.,"1. Purchasing model: pick DTU only if you want simple, preconfigured bundles of compute, storage, and I/O. Microsoft marks the vCore model as recommended, and Azure Hybrid Benefit, the serverless compute tier, and the Hyperscale service tier are all unavailable in the DTU model. | 2. Use when you have many databases with a low average resource utilization and relatively infrequent utilization spikes. | 3. Use when per-database usage is unpredictable and you want a single, predictable budget for the group rather than provisioning each database separately. | 4. Use when you want a guarantee that no single database can consume all the resources, while every database keeps a minimum reservation. | 5. Move a database out of the pool and onto a single database if it shows consistently high utilization that impacts the others. | 6. Match the pool tier to the databases: Basic pools cap at 5 eDTU and 2 GB per database, Standard pools at 3000 eDTU, Premium pools at 4000 eDTU and 100 databases per pool.",https://learn.microsoft.com/azure/azure-sql/database/purchasing-models | https://learn.microsoft.com/azure/azure-sql/database/service-tiers-dtu | https://learn.microsoft.com/azure/azure-sql/database/resource-limits-dtu-elastic-pools | https://learn.microsoft.com/azure/azure-sql/database/elastic-pool-overview
PremiumPool_1000,Azure SQL Database,Elastic pool,DTU,Premium,Provisioned,n/a (DTU model),eDTU,1000,,published,Generally available,2014-09,2014-04,2014-09,medium,sqldb-dtu-core,"DTU purchasing model: Basic, Standard, Premium service tiers",https://learn.microsoft.com/azure/azure-sql/database/resource-limits-dtu-elastic-pools,https://azure.microsoft.com/en-us/blog/new-azure-sql-database-service-tiers-generally-available-in-september-with-reduced-pricing-and-enhanced-sla/,Basic/Standard/Premium reached GA in September 2014; GA pricing took effect 2014-11-01.,"1. Purchasing model: pick DTU only if you want simple, preconfigured bundles of compute, storage, and I/O. Microsoft marks the vCore model as recommended, and Azure Hybrid Benefit, the serverless compute tier, and the Hyperscale service tier are all unavailable in the DTU model. | 2. Use when you have many databases with a low average resource utilization and relatively infrequent utilization spikes. | 3. Use when per-database usage is unpredictable and you want a single, predictable budget for the group rather than provisioning each database separately. | 4. Use when you want a guarantee that no single database can consume all the resources, while every database keeps a minimum reservation. | 5. Move a database out of the pool and onto a single database if it shows consistently high utilization that impacts the others. | 6. Match the pool tier to the databases: Basic pools cap at 5 eDTU and 2 GB per database, Standard pools at 3000 eDTU, Premium pools at 4000 eDTU and 100 databases per pool.",https://learn.microsoft.com/azure/azure-sql/database/purchasing-models | https://learn.microsoft.com/azure/azure-sql/database/service-tiers-dtu | https://learn.microsoft.com/azure/azure-sql/database/resource-limits-dtu-elastic-pools | https://learn.microsoft.com/azure/azure-sql/database/elastic-pool-overview
PremiumPool_1500,Azure SQL Database,Elastic pool,DTU,Premium,Provisioned,n/a (DTU model),eDTU,1500,,published,Generally available,2014-09,2014-04,2014-09,medium,sqldb-dtu-core,"DTU purchasing model: Basic, Standard, Premium service tiers",https://learn.microsoft.com/azure/azure-sql/database/resource-limits-dtu-elastic-pools,https://azure.microsoft.com/en-us/blog/new-azure-sql-database-service-tiers-generally-available-in-september-with-reduced-pricing-and-enhanced-sla/,Basic/Standard/Premium reached GA in September 2014; GA pricing took effect 2014-11-01.,"1. Purchasing model: pick DTU only if you want simple, preconfigured bundles of compute, storage, and I/O. Microsoft marks the vCore model as recommended, and Azure Hybrid Benefit, the serverless compute tier, and the Hyperscale service tier are all unavailable in the DTU model. | 2. Use when you have many databases with a low average resource utilization and relatively infrequent utilization spikes. | 3. Use when per-database usage is unpredictable and you want a single, predictable budget for the group rather than provisioning each database separately. | 4. Use when you want a guarantee that no single database can consume all the resources, while every database keeps a minimum reservation. | 5. Move a database out of the pool and onto a single database if it shows consistently high utilization that impacts the others. | 6. Match the pool tier to the databases: Basic pools cap at 5 eDTU and 2 GB per database, Standard pools at 3000 eDTU, Premium pools at 4000 eDTU and 100 databases per pool.",https://learn.microsoft.com/azure/azure-sql/database/purchasing-models | https://learn.microsoft.com/azure/azure-sql/database/service-tiers-dtu | https://learn.microsoft.com/azure/azure-sql/database/resource-limits-dtu-elastic-pools | https://learn.microsoft.com/azure/azure-sql/database/elastic-pool-overview
PremiumPool_2000,Azure SQL Database,Elastic pool,DTU,Premium,Provisioned,n/a (DTU model),eDTU,2000,,published,Generally available,2014-09,2014-04,2014-09,medium,sqldb-dtu-core,"DTU purchasing model: Basic, Standard, Premium service tiers",https://learn.microsoft.com/azure/azure-sql/database/resource-limits-dtu-elastic-pools,https://azure.microsoft.com/en-us/blog/new-azure-sql-database-service-tiers-generally-available-in-september-with-reduced-pricing-and-enhanced-sla/,Basic/Standard/Premium reached GA in September 2014; GA pricing took effect 2014-11-01.,"1. Purchasing model: pick DTU only if you want simple, preconfigured bundles of compute, storage, and I/O. Microsoft marks the vCore model as recommended, and Azure Hybrid Benefit, the serverless compute tier, and the Hyperscale service tier are all unavailable in the DTU model. | 2. Use when you have many databases with a low average resource utilization and relatively infrequent utilization spikes. | 3. Use when per-database usage is unpredictable and you want a single, predictable budget for the group rather than provisioning each database separately. | 4. Use when you want a guarantee that no single database can consume all the resources, while every database keeps a minimum reservation. | 5. Move a database out of the pool and onto a single database if it shows consistently high utilization that impacts the others. | 6. Match the pool tier to the databases: Basic pools cap at 5 eDTU and 2 GB per database, Standard pools at 3000 eDTU, Premium pools at 4000 eDTU and 100 databases per pool.",https://learn.microsoft.com/azure/azure-sql/database/purchasing-models | https://learn.microsoft.com/azure/azure-sql/database/service-tiers-dtu | https://learn.microsoft.com/azure/azure-sql/database/resource-limits-dtu-elastic-pools | https://learn.microsoft.com/azure/azure-sql/database/elastic-pool-overview
PremiumPool_2500,Azure SQL Database,Elastic pool,DTU,Premium,Provisioned,n/a (DTU model),eDTU,2500,,published,Generally available,2014-09,2014-04,2014-09,medium,sqldb-dtu-core,"DTU purchasing model: Basic, Standard, Premium service tiers",https://learn.microsoft.com/azure/azure-sql/database/resource-limits-dtu-elastic-pools,https://azure.microsoft.com/en-us/blog/new-azure-sql-database-service-tiers-generally-available-in-september-with-reduced-pricing-and-enhanced-sla/,Basic/Standard/Premium reached GA in September 2014; GA pricing took effect 2014-11-01.,"1. Purchasing model: pick DTU only if you want simple, preconfigured bundles of compute, storage, and I/O. Microsoft marks the vCore model as recommended, and Azure Hybrid Benefit, the serverless compute tier, and the Hyperscale service tier are all unavailable in the DTU model. | 2. Use when you have many databases with a low average resource utilization and relatively infrequent utilization spikes. | 3. Use when per-database usage is unpredictable and you want a single, predictable budget for the group rather than provisioning each database separately. | 4. Use when you want a guarantee that no single database can consume all the resources, while every database keeps a minimum reservation. | 5. Move a database out of the pool and onto a single database if it shows consistently high utilization that impacts the others. | 6. Match the pool tier to the databases: Basic pools cap at 5 eDTU and 2 GB per database, Standard pools at 3000 eDTU, Premium pools at 4000 eDTU and 100 databases per pool.",https://learn.microsoft.com/azure/azure-sql/database/purchasing-models | https://learn.microsoft.com/azure/azure-sql/database/service-tiers-dtu | https://learn.microsoft.com/azure/azure-sql/database/resource-limits-dtu-elastic-pools | https://learn.microsoft.com/azure/azure-sql/database/elastic-pool-overview
PremiumPool_3000,Azure SQL Database,Elastic pool,DTU,Premium,Provisioned,n/a (DTU model),eDTU,3000,,published,Generally available,2014-09,2014-04,2014-09,medium,sqldb-dtu-core,"DTU purchasing model: Basic, Standard, Premium service tiers",https://learn.microsoft.com/azure/azure-sql/database/resource-limits-dtu-elastic-pools,https://azure.microsoft.com/en-us/blog/new-azure-sql-database-service-tiers-generally-available-in-september-with-reduced-pricing-and-enhanced-sla/,Basic/Standard/Premium reached GA in September 2014; GA pricing took effect 2014-11-01.,"1. Purchasing model: pick DTU only if you want simple, preconfigured bundles of compute, storage, and I/O. Microsoft marks the vCore model as recommended, and Azure Hybrid Benefit, the serverless compute tier, and the Hyperscale service tier are all unavailable in the DTU model. | 2. Use when you have many databases with a low average resource utilization and relatively infrequent utilization spikes. | 3. Use when per-database usage is unpredictable and you want a single, predictable budget for the group rather than provisioning each database separately. | 4. Use when you want a guarantee that no single database can consume all the resources, while every database keeps a minimum reservation. | 5. Move a database out of the pool and onto a single database if it shows consistently high utilization that impacts the others. | 6. Match the pool tier to the databases: Basic pools cap at 5 eDTU and 2 GB per database, Standard pools at 3000 eDTU, Premium pools at 4000 eDTU and 100 databases per pool.",https://learn.microsoft.com/azure/azure-sql/database/purchasing-models | https://learn.microsoft.com/azure/azure-sql/database/service-tiers-dtu | https://learn.microsoft.com/azure/azure-sql/database/resource-limits-dtu-elastic-pools | https://learn.microsoft.com/azure/azure-sql/database/elastic-pool-overview
PremiumPool_3500,Azure SQL Database,Elastic pool,DTU,Premium,Provisioned,n/a (DTU model),eDTU,3500,,published,Generally available,2014-09,2014-04,2014-09,medium,sqldb-dtu-core,"DTU purchasing model: Basic, Standard, Premium service tiers",https://learn.microsoft.com/azure/azure-sql/database/resource-limits-dtu-elastic-pools,https://azure.microsoft.com/en-us/blog/new-azure-sql-database-service-tiers-generally-available-in-september-with-reduced-pricing-and-enhanced-sla/,Basic/Standard/Premium reached GA in September 2014; GA pricing took effect 2014-11-01.,"1. Purchasing model: pick DTU only if you want simple, preconfigured bundles of compute, storage, and I/O. Microsoft marks the vCore model as recommended, and Azure Hybrid Benefit, the serverless compute tier, and the Hyperscale service tier are all unavailable in the DTU model. | 2. Use when you have many databases with a low average resource utilization and relatively infrequent utilization spikes. | 3. Use when per-database usage is unpredictable and you want a single, predictable budget for the group rather than provisioning each database separately. | 4. Use when you want a guarantee that no single database can consume all the resources, while every database keeps a minimum reservation. | 5. Move a database out of the pool and onto a single database if it shows consistently high utilization that impacts the others. | 6. Match the pool tier to the databases: Basic pools cap at 5 eDTU and 2 GB per database, Standard pools at 3000 eDTU, Premium pools at 4000 eDTU and 100 databases per pool.",https://learn.microsoft.com/azure/azure-sql/database/purchasing-models | https://learn.microsoft.com/azure/azure-sql/database/service-tiers-dtu | https://learn.microsoft.com/azure/azure-sql/database/resource-limits-dtu-elastic-pools | https://learn.microsoft.com/azure/azure-sql/database/elastic-pool-overview
PremiumPool_4000,Azure SQL Database,Elastic pool,DTU,Premium,Provisioned,n/a (DTU model),eDTU,4000,,published,Generally available,2014-09,2014-04,2014-09,medium,sqldb-dtu-core,"DTU purchasing model: Basic, Standard, Premium service tiers",https://learn.microsoft.com/azure/azure-sql/database/resource-limits-dtu-elastic-pools,https://azure.microsoft.com/en-us/blog/new-azure-sql-database-service-tiers-generally-available-in-september-with-reduced-pricing-and-enhanced-sla/,Basic/Standard/Premium reached GA in September 2014; GA pricing took effect 2014-11-01.,"1. Purchasing model: pick DTU only if you want simple, preconfigured bundles of compute, storage, and I/O. Microsoft marks the vCore model as recommended, and Azure Hybrid Benefit, the serverless compute tier, and the Hyperscale service tier are all unavailable in the DTU model. | 2. Use when you have many databases with a low average resource utilization and relatively infrequent utilization spikes. | 3. Use when per-database usage is unpredictable and you want a single, predictable budget for the group rather than provisioning each database separately. | 4. Use when you want a guarantee that no single database can consume all the resources, while every database keeps a minimum reservation. | 5. Move a database out of the pool and onto a single database if it shows consistently high utilization that impacts the others. | 6. Match the pool tier to the databases: Basic pools cap at 5 eDTU and 2 GB per database, Standard pools at 3000 eDTU, Premium pools at 4000 eDTU and 100 databases per pool.",https://learn.microsoft.com/azure/azure-sql/database/purchasing-models | https://learn.microsoft.com/azure/azure-sql/database/service-tiers-dtu | https://learn.microsoft.com/azure/azure-sql/database/resource-limits-dtu-elastic-pools | https://learn.microsoft.com/azure/azure-sql/database/elastic-pool-overview
GP_S_Gen5_1,Azure SQL Database,Single database / Elastic pool,vCore,General Purpose,Serverless,Standard-series (Gen5),vCore,1,,published,Generally available,2019-11,2018-11,2019-11,medium,sqldb-serverless,"Serverless compute tier (General Purpose, standard-series)",https://learn.microsoft.com/azure/azure-sql/database/resource-limits-vcore-single-databases,https://learn.microsoft.com/azure/azure-sql/database/serverless-tier-overview,,"1. Purchasing model: vCore is the model Microsoft recommends. Choose it when you value flexibility, control, and transparency, want to scale compute and storage independently, or want to apply Azure Hybrid Benefit or reserved capacity pricing. | 2. Use for single databases with intermittent, unpredictable usage interspersed with periods of inactivity and low average compute utilization over time. | 3. Use for databases you currently rescale frequently and would rather delegate compute rescaling to the service. | 4. Use for new databases with no usage history, where compute sizing is hard or impossible to estimate before deployment. | 5. Only choose it if the workload can tolerate warm-up delay after an idle period, and the application implements connection retry logic - auto-resume connectivity errors are predictable. | 6. Do not choose it for regular, predictable usage with high average utilization; provisioned compute has a lower vCore unit price for those. | 7. Do not choose it for several intermittent databases that could instead be consolidated into an elastic pool for better price-performance. | 8. Availability constraint: serverless runs only on standard-series (Gen5), only in the vCore model, and is not offered in Business Critical.",https://learn.microsoft.com/azure/azure-sql/database/purchasing-models | https://learn.microsoft.com/azure/azure-sql/database/serverless-tier-overview | https://learn.microsoft.com/azure/azure-sql/database/service-tiers-sql-database-vcore
GP_S_Gen5_2,Azure SQL Database,Single database / Elastic pool,vCore,General Purpose,Serverless,Standard-series (Gen5),vCore,2,,published,Generally available,2019-11,2018-11,2019-11,medium,sqldb-serverless,"Serverless compute tier (General Purpose, standard-series)",https://learn.microsoft.com/azure/azure-sql/database/resource-limits-vcore-single-databases,https://learn.microsoft.com/azure/azure-sql/database/serverless-tier-overview,,"1. Purchasing model: vCore is the model Microsoft recommends. Choose it when you value flexibility, control, and transparency, want to scale compute and storage independently, or want to apply Azure Hybrid Benefit or reserved capacity pricing. | 2. Use for single databases with intermittent, unpredictable usage interspersed with periods of inactivity and low average compute utilization over time. | 3. Use for databases you currently rescale frequently and would rather delegate compute rescaling to the service. | 4. Use for new databases with no usage history, where compute sizing is hard or impossible to estimate before deployment. | 5. Only choose it if the workload can tolerate warm-up delay after an idle period, and the application implements connection retry logic - auto-resume connectivity errors are predictable. | 6. Do not choose it for regular, predictable usage with high average utilization; provisioned compute has a lower vCore unit price for those. | 7. Do not choose it for several intermittent databases that could instead be consolidated into an elastic pool for better price-performance. | 8. Availability constraint: serverless runs only on standard-series (Gen5), only in the vCore model, and is not offered in Business Critical.",https://learn.microsoft.com/azure/azure-sql/database/purchasing-models | https://learn.microsoft.com/azure/azure-sql/database/serverless-tier-overview | https://learn.microsoft.com/azure/azure-sql/database/service-tiers-sql-database-vcore
GP_S_Gen5_4,Azure SQL Database,Single database / Elastic pool,vCore,General Purpose,Serverless,Standard-series (Gen5),vCore,4,,published,Generally available,2019-11,2018-11,2019-11,medium,sqldb-serverless,"Serverless compute tier (General Purpose, standard-series)",https://learn.microsoft.com/azure/azure-sql/database/resource-limits-vcore-single-databases,https://learn.microsoft.com/azure/azure-sql/database/serverless-tier-overview,,"1. Purchasing model: vCore is the model Microsoft recommends. Choose it when you value flexibility, control, and transparency, want to scale compute and storage independently, or want to apply Azure Hybrid Benefit or reserved capacity pricing. | 2. Use for single databases with intermittent, unpredictable usage interspersed with periods of inactivity and low average compute utilization over time. | 3. Use for databases you currently rescale frequently and would rather delegate compute rescaling to the service. | 4. Use for new databases with no usage history, where compute sizing is hard or impossible to estimate before deployment. | 5. Only choose it if the workload can tolerate warm-up delay after an idle period, and the application implements connection retry logic - auto-resume connectivity errors are predictable. | 6. Do not choose it for regular, predictable usage with high average utilization; provisioned compute has a lower vCore unit price for those. | 7. Do not choose it for several intermittent databases that could instead be consolidated into an elastic pool for better price-performance. | 8. Availability constraint: serverless runs only on standard-series (Gen5), only in the vCore model, and is not offered in Business Critical.",https://learn.microsoft.com/azure/azure-sql/database/purchasing-models | https://learn.microsoft.com/azure/azure-sql/database/serverless-tier-overview | https://learn.microsoft.com/azure/azure-sql/database/service-tiers-sql-database-vcore
GP_S_Gen5_6,Azure SQL Database,Single database / Elastic pool,vCore,General Purpose,Serverless,Standard-series (Gen5),vCore,6,,published,Generally available,2019-11,2018-11,2019-11,medium,sqldb-serverless,"Serverless compute tier (General Purpose, standard-series)",https://learn.microsoft.com/azure/azure-sql/database/resource-limits-vcore-single-databases,https://learn.microsoft.com/azure/azure-sql/database/serverless-tier-overview,,"1. Purchasing model: vCore is the model Microsoft recommends. Choose it when you value flexibility, control, and transparency, want to scale compute and storage independently, or want to apply Azure Hybrid Benefit or reserved capacity pricing. | 2. Use for single databases with intermittent, unpredictable usage interspersed with periods of inactivity and low average compute utilization over time. | 3. Use for databases you currently rescale frequently and would rather delegate compute rescaling to the service. | 4. Use for new databases with no usage history, where compute sizing is hard or impossible to estimate before deployment. | 5. Only choose it if the workload can tolerate warm-up delay after an idle period, and the application implements connection retry logic - auto-resume connectivity errors are predictable. | 6. Do not choose it for regular, predictable usage with high average utilization; provisioned compute has a lower vCore unit price for those. | 7. Do not choose it for several intermittent databases that could instead be consolidated into an elastic pool for better price-performance. | 8. Availability constraint: serverless runs only on standard-series (Gen5), only in the vCore model, and is not offered in Business Critical.",https://learn.microsoft.com/azure/azure-sql/database/purchasing-models | https://learn.microsoft.com/azure/azure-sql/database/serverless-tier-overview | https://learn.microsoft.com/azure/azure-sql/database/service-tiers-sql-database-vcore
GP_S_Gen5_8,Azure SQL Database,Single database / Elastic pool,vCore,General Purpose,Serverless,Standard-series (Gen5),vCore,8,,published,Generally available,2019-11,2018-11,2019-11,medium,sqldb-serverless,"Serverless compute tier (General Purpose, standard-series)",https://learn.microsoft.com/azure/azure-sql/database/resource-limits-vcore-single-databases,https://learn.microsoft.com/azure/azure-sql/database/serverless-tier-overview,,"1. Purchasing model: vCore is the model Microsoft recommends. Choose it when you value flexibility, control, and transparency, want to scale compute and storage independently, or want to apply Azure Hybrid Benefit or reserved capacity pricing. | 2. Use for single databases with intermittent, unpredictable usage interspersed with periods of inactivity and low average compute utilization over time. | 3. Use for databases you currently rescale frequently and would rather delegate compute rescaling to the service. | 4. Use for new databases with no usage history, where compute sizing is hard or impossible to estimate before deployment. | 5. Only choose it if the workload can tolerate warm-up delay after an idle period, and the application implements connection retry logic - auto-resume connectivity errors are predictable. | 6. Do not choose it for regular, predictable usage with high average utilization; provisioned compute has a lower vCore unit price for those. | 7. Do not choose it for several intermittent databases that could instead be consolidated into an elastic pool for better price-performance. | 8. Availability constraint: serverless runs only on standard-series (Gen5), only in the vCore model, and is not offered in Business Critical.",https://learn.microsoft.com/azure/azure-sql/database/purchasing-models | https://learn.microsoft.com/azure/azure-sql/database/serverless-tier-overview | https://learn.microsoft.com/azure/azure-sql/database/service-tiers-sql-database-vcore
GP_S_Gen5_10,Azure SQL Database,Single database / Elastic pool,vCore,General Purpose,Serverless,Standard-series (Gen5),vCore,10,,published,Generally available,2019-11,2018-11,2019-11,medium,sqldb-serverless,"Serverless compute tier (General Purpose, standard-series)",https://learn.microsoft.com/azure/azure-sql/database/resource-limits-vcore-single-databases,https://learn.microsoft.com/azure/azure-sql/database/serverless-tier-overview,,"1. Purchasing model: vCore is the model Microsoft recommends. Choose it when you value flexibility, control, and transparency, want to scale compute and storage independently, or want to apply Azure Hybrid Benefit or reserved capacity pricing. | 2. Use for single databases with intermittent, unpredictable usage interspersed with periods of inactivity and low average compute utilization over time. | 3. Use for databases you currently rescale frequently and would rather delegate compute rescaling to the service. | 4. Use for new databases with no usage history, where compute sizing is hard or impossible to estimate before deployment. | 5. Only choose it if the workload can tolerate warm-up delay after an idle period, and the application implements connection retry logic - auto-resume connectivity errors are predictable. | 6. Do not choose it for regular, predictable usage with high average utilization; provisioned compute has a lower vCore unit price for those. | 7. Do not choose it for several intermittent databases that could instead be consolidated into an elastic pool for better price-performance. | 8. Availability constraint: serverless runs only on standard-series (Gen5), only in the vCore model, and is not offered in Business Critical.",https://learn.microsoft.com/azure/azure-sql/database/purchasing-models | https://learn.microsoft.com/azure/azure-sql/database/serverless-tier-overview | https://learn.microsoft.com/azure/azure-sql/database/service-tiers-sql-database-vcore
GP_S_Gen5_12,Azure SQL Database,Single database / Elastic pool,vCore,General Purpose,Serverless,Standard-series (Gen5),vCore,12,,published,Generally available,2019-11,2018-11,2019-11,medium,sqldb-serverless,"Serverless compute tier (General Purpose, standard-series)",https://learn.microsoft.com/azure/azure-sql/database/resource-limits-vcore-single-databases,https://learn.microsoft.com/azure/azure-sql/database/serverless-tier-overview,,"1. Purchasing model: vCore is the model Microsoft recommends. Choose it when you value flexibility, control, and transparency, want to scale compute and storage independently, or want to apply Azure Hybrid Benefit or reserved capacity pricing. | 2. Use for single databases with intermittent, unpredictable usage interspersed with periods of inactivity and low average compute utilization over time. | 3. Use for databases you currently rescale frequently and would rather delegate compute rescaling to the service. | 4. Use for new databases with no usage history, where compute sizing is hard or impossible to estimate before deployment. | 5. Only choose it if the workload can tolerate warm-up delay after an idle period, and the application implements connection retry logic - auto-resume connectivity errors are predictable. | 6. Do not choose it for regular, predictable usage with high average utilization; provisioned compute has a lower vCore unit price for those. | 7. Do not choose it for several intermittent databases that could instead be consolidated into an elastic pool for better price-performance. | 8. Availability constraint: serverless runs only on standard-series (Gen5), only in the vCore model, and is not offered in Business Critical.",https://learn.microsoft.com/azure/azure-sql/database/purchasing-models | https://learn.microsoft.com/azure/azure-sql/database/serverless-tier-overview | https://learn.microsoft.com/azure/azure-sql/database/service-tiers-sql-database-vcore
GP_S_Gen5_14,Azure SQL Database,Single database / Elastic pool,vCore,General Purpose,Serverless,Standard-series (Gen5),vCore,14,,published,Generally available,2019-11,2018-11,2019-11,medium,sqldb-serverless,"Serverless compute tier (General Purpose, standard-series)",https://learn.microsoft.com/azure/azure-sql/database/resource-limits-vcore-single-databases,https://learn.microsoft.com/azure/azure-sql/database/serverless-tier-overview,,"1. Purchasing model: vCore is the model Microsoft recommends. Choose it when you value flexibility, control, and transparency, want to scale compute and storage independently, or want to apply Azure Hybrid Benefit or reserved capacity pricing. | 2. Use for single databases with intermittent, unpredictable usage interspersed with periods of inactivity and low average compute utilization over time. | 3. Use for databases you currently rescale frequently and would rather delegate compute rescaling to the service. | 4. Use for new databases with no usage history, where compute sizing is hard or impossible to estimate before deployment. | 5. Only choose it if the workload can tolerate warm-up delay after an idle period, and the application implements connection retry logic - auto-resume connectivity errors are predictable. | 6. Do not choose it for regular, predictable usage with high average utilization; provisioned compute has a lower vCore unit price for those. | 7. Do not choose it for several intermittent databases that could instead be consolidated into an elastic pool for better price-performance. | 8. Availability constraint: serverless runs only on standard-series (Gen5), only in the vCore model, and is not offered in Business Critical.",https://learn.microsoft.com/azure/azure-sql/database/purchasing-models | https://learn.microsoft.com/azure/azure-sql/database/serverless-tier-overview | https://learn.microsoft.com/azure/azure-sql/database/service-tiers-sql-database-vcore
GP_S_Gen5_16,Azure SQL Database,Single database / Elastic pool,vCore,General Purpose,Serverless,Standard-series (Gen5),vCore,16,,published,Generally available,2019-11,2018-11,2019-11,medium,sqldb-serverless,"Serverless compute tier (General Purpose, standard-series)",https://learn.microsoft.com/azure/azure-sql/database/resource-limits-vcore-single-databases,https://learn.microsoft.com/azure/azure-sql/database/serverless-tier-overview,,"1. Purchasing model: vCore is the model Microsoft recommends. Choose it when you value flexibility, control, and transparency, want to scale compute and storage independently, or want to apply Azure Hybrid Benefit or reserved capacity pricing. | 2. Use for single databases with intermittent, unpredictable usage interspersed with periods of inactivity and low average compute utilization over time. | 3. Use for databases you currently rescale frequently and would rather delegate compute rescaling to the service. | 4. Use for new databases with no usage history, where compute sizing is hard or impossible to estimate before deployment. | 5. Only choose it if the workload can tolerate warm-up delay after an idle period, and the application implements connection retry logic - auto-resume connectivity errors are predictable. | 6. Do not choose it for regular, predictable usage with high average utilization; provisioned compute has a lower vCore unit price for those. | 7. Do not choose it for several intermittent databases that could instead be consolidated into an elastic pool for better price-performance. | 8. Availability constraint: serverless runs only on standard-series (Gen5), only in the vCore model, and is not offered in Business Critical.",https://learn.microsoft.com/azure/azure-sql/database/purchasing-models | https://learn.microsoft.com/azure/azure-sql/database/serverless-tier-overview | https://learn.microsoft.com/azure/azure-sql/database/service-tiers-sql-database-vcore
GP_S_Gen5_18,Azure SQL Database,Single database / Elastic pool,vCore,General Purpose,Serverless,Standard-series (Gen5),vCore,18,,published,Generally available,2019-11,2018-11,2019-11,medium,sqldb-serverless,"Serverless compute tier (General Purpose, standard-series)",https://learn.microsoft.com/azure/azure-sql/database/resource-limits-vcore-single-databases,https://learn.microsoft.com/azure/azure-sql/database/serverless-tier-overview,,"1. Purchasing model: vCore is the model Microsoft recommends. Choose it when you value flexibility, control, and transparency, want to scale compute and storage independently, or want to apply Azure Hybrid Benefit or reserved capacity pricing. | 2. Use for single databases with intermittent, unpredictable usage interspersed with periods of inactivity and low average compute utilization over time. | 3. Use for databases you currently rescale frequently and would rather delegate compute rescaling to the service. | 4. Use for new databases with no usage history, where compute sizing is hard or impossible to estimate before deployment. | 5. Only choose it if the workload can tolerate warm-up delay after an idle period, and the application implements connection retry logic - auto-resume connectivity errors are predictable. | 6. Do not choose it for regular, predictable usage with high average utilization; provisioned compute has a lower vCore unit price for those. | 7. Do not choose it for several intermittent databases that could instead be consolidated into an elastic pool for better price-performance. | 8. Availability constraint: serverless runs only on standard-series (Gen5), only in the vCore model, and is not offered in Business Critical.",https://learn.microsoft.com/azure/azure-sql/database/purchasing-models | https://learn.microsoft.com/azure/azure-sql/database/serverless-tier-overview | https://learn.microsoft.com/azure/azure-sql/database/service-tiers-sql-database-vcore
GP_S_Gen5_20,Azure SQL Database,Single database / Elastic pool,vCore,General Purpose,Serverless,Standard-series (Gen5),vCore,20,,published,Generally available,2019-11,2018-11,2019-11,medium,sqldb-serverless,"Serverless compute tier (General Purpose, standard-series)",https://learn.microsoft.com/azure/azure-sql/database/resource-limits-vcore-single-databases,https://learn.microsoft.com/azure/azure-sql/database/serverless-tier-overview,,"1. Purchasing model: vCore is the model Microsoft recommends. Choose it when you value flexibility, control, and transparency, want to scale compute and storage independently, or want to apply Azure Hybrid Benefit or reserved capacity pricing. | 2. Use for single databases with intermittent, unpredictable usage interspersed with periods of inactivity and low average compute utilization over time. | 3. Use for databases you currently rescale frequently and would rather delegate compute rescaling to the service. | 4. Use for new databases with no usage history, where compute sizing is hard or impossible to estimate before deployment. | 5. Only choose it if the workload can tolerate warm-up delay after an idle period, and the application implements connection retry logic - auto-resume connectivity errors are predictable. | 6. Do not choose it for regular, predictable usage with high average utilization; provisioned compute has a lower vCore unit price for those. | 7. Do not choose it for several intermittent databases that could instead be consolidated into an elastic pool for better price-performance. | 8. Availability constraint: serverless runs only on standard-series (Gen5), only in the vCore model, and is not offered in Business Critical.",https://learn.microsoft.com/azure/azure-sql/database/purchasing-models | https://learn.microsoft.com/azure/azure-sql/database/serverless-tier-overview | https://learn.microsoft.com/azure/azure-sql/database/service-tiers-sql-database-vcore
GP_S_Gen5_24,Azure SQL Database,Single database / Elastic pool,vCore,General Purpose,Serverless,Standard-series (Gen5),vCore,24,,published,Generally available,2019-11,2018-11,2019-11,medium,sqldb-serverless,"Serverless compute tier (General Purpose, standard-series)",https://learn.microsoft.com/azure/azure-sql/database/resource-limits-vcore-single-databases,https://learn.microsoft.com/azure/azure-sql/database/serverless-tier-overview,,"1. Purchasing model: vCore is the model Microsoft recommends. Choose it when you value flexibility, control, and transparency, want to scale compute and storage independently, or want to apply Azure Hybrid Benefit or reserved capacity pricing. | 2. Use for single databases with intermittent, unpredictable usage interspersed with periods of inactivity and low average compute utilization over time. | 3. Use for databases you currently rescale frequently and would rather delegate compute rescaling to the service. | 4. Use for new databases with no usage history, where compute sizing is hard or impossible to estimate before deployment. | 5. Only choose it if the workload can tolerate warm-up delay after an idle period, and the application implements connection retry logic - auto-resume connectivity errors are predictable. | 6. Do not choose it for regular, predictable usage with high average utilization; provisioned compute has a lower vCore unit price for those. | 7. Do not choose it for several intermittent databases that could instead be consolidated into an elastic pool for better price-performance. | 8. Availability constraint: serverless runs only on standard-series (Gen5), only in the vCore model, and is not offered in Business Critical.",https://learn.microsoft.com/azure/azure-sql/database/purchasing-models | https://learn.microsoft.com/azure/azure-sql/database/serverless-tier-overview | https://learn.microsoft.com/azure/azure-sql/database/service-tiers-sql-database-vcore
GP_S_Gen5_32,Azure SQL Database,Single database / Elastic pool,vCore,General Purpose,Serverless,Standard-series (Gen5),vCore,32,,published,Generally available,2019-11,2018-11,2019-11,medium,sqldb-serverless,"Serverless compute tier (General Purpose, standard-series)",https://learn.microsoft.com/azure/azure-sql/database/resource-limits-vcore-single-databases,https://learn.microsoft.com/azure/azure-sql/database/serverless-tier-overview,,"1. Purchasing model: vCore is the model Microsoft recommends. Choose it when you value flexibility, control, and transparency, want to scale compute and storage independently, or want to apply Azure Hybrid Benefit or reserved capacity pricing. | 2. Use for single databases with intermittent, unpredictable usage interspersed with periods of inactivity and low average compute utilization over time. | 3. Use for databases you currently rescale frequently and would rather delegate compute rescaling to the service. | 4. Use for new databases with no usage history, where compute sizing is hard or impossible to estimate before deployment. | 5. Only choose it if the workload can tolerate warm-up delay after an idle period, and the application implements connection retry logic - auto-resume connectivity errors are predictable. | 6. Do not choose it for regular, predictable usage with high average utilization; provisioned compute has a lower vCore unit price for those. | 7. Do not choose it for several intermittent databases that could instead be consolidated into an elastic pool for better price-performance. | 8. Availability constraint: serverless runs only on standard-series (Gen5), only in the vCore model, and is not offered in Business Critical.",https://learn.microsoft.com/azure/azure-sql/database/purchasing-models | https://learn.microsoft.com/azure/azure-sql/database/serverless-tier-overview | https://learn.microsoft.com/azure/azure-sql/database/service-tiers-sql-database-vcore
GP_S_Gen5_40,Azure SQL Database,Single database / Elastic pool,vCore,General Purpose,Serverless,Standard-series (Gen5),vCore,40,,published,Generally available,2019-11,2018-11,2019-11,medium,sqldb-serverless,"Serverless compute tier (General Purpose, standard-series)",https://learn.microsoft.com/azure/azure-sql/database/resource-limits-vcore-single-databases,https://learn.microsoft.com/azure/azure-sql/database/serverless-tier-overview,,"1. Purchasing model: vCore is the model Microsoft recommends. Choose it when you value flexibility, control, and transparency, want to scale compute and storage independently, or want to apply Azure Hybrid Benefit or reserved capacity pricing. | 2. Use for single databases with intermittent, unpredictable usage interspersed with periods of inactivity and low average compute utilization over time. | 3. Use for databases you currently rescale frequently and would rather delegate compute rescaling to the service. | 4. Use for new databases with no usage history, where compute sizing is hard or impossible to estimate before deployment. | 5. Only choose it if the workload can tolerate warm-up delay after an idle period, and the application implements connection retry logic - auto-resume connectivity errors are predictable. | 6. Do not choose it for regular, predictable usage with high average utilization; provisioned compute has a lower vCore unit price for those. | 7. Do not choose it for several intermittent databases that could instead be consolidated into an elastic pool for better price-performance. | 8. Availability constraint: serverless runs only on standard-series (Gen5), only in the vCore model, and is not offered in Business Critical.",https://learn.microsoft.com/azure/azure-sql/database/purchasing-models | https://learn.microsoft.com/azure/azure-sql/database/serverless-tier-overview | https://learn.microsoft.com/azure/azure-sql/database/service-tiers-sql-database-vcore
GP_S_Gen5_80,Azure SQL Database,Single database / Elastic pool,vCore,General Purpose,Serverless,Standard-series (Gen5),vCore,80,,published,Generally available,2019-11,2018-11,2019-11,medium,sqldb-serverless,"Serverless compute tier (General Purpose, standard-series)",https://learn.microsoft.com/azure/azure-sql/database/resource-limits-vcore-single-databases,https://learn.microsoft.com/azure/azure-sql/database/serverless-tier-overview,,"1. Purchasing model: vCore is the model Microsoft recommends. Choose it when you value flexibility, control, and transparency, want to scale compute and storage independently, or want to apply Azure Hybrid Benefit or reserved capacity pricing. | 2. Use for single databases with intermittent, unpredictable usage interspersed with periods of inactivity and low average compute utilization over time. | 3. Use for databases you currently rescale frequently and would rather delegate compute rescaling to the service. | 4. Use for new databases with no usage history, where compute sizing is hard or impossible to estimate before deployment. | 5. Only choose it if the workload can tolerate warm-up delay after an idle period, and the application implements connection retry logic - auto-resume connectivity errors are predictable. | 6. Do not choose it for regular, predictable usage with high average utilization; provisioned compute has a lower vCore unit price for those. | 7. Do not choose it for several intermittent databases that could instead be consolidated into an elastic pool for better price-performance. | 8. Availability constraint: serverless runs only on standard-series (Gen5), only in the vCore model, and is not offered in Business Critical.",https://learn.microsoft.com/azure/azure-sql/database/purchasing-models | https://learn.microsoft.com/azure/azure-sql/database/serverless-tier-overview | https://learn.microsoft.com/azure/azure-sql/database/service-tiers-sql-database-vcore
HS_S_Gen5_2,Azure SQL Database,Single database / Elastic pool,vCore,Hyperscale,Serverless,Standard-series (Gen5),vCore,2,,published,Generally available,2024-02,2023-02,2024-02,high,sqldb-hs-serverless,Serverless compute tier for Hyperscale,https://learn.microsoft.com/azure/azure-sql/database/resource-limits-vcore-single-databases,https://techcommunity.microsoft.com/blog/azuresqlblog/general-availability-serverless-for-hyperscale-in-azure-sql-database/4053589,,"1. Purchasing model: vCore is the model Microsoft recommends. Choose it when you value flexibility, control, and transparency, want to scale compute and storage independently, or want to apply Azure Hybrid Benefit or reserved capacity pricing. | 2. Use when you want Hyperscale's storage architecture together with automatic, per-second-billed compute autoscaling for an intermittent workload. | 3. Use for Hyperscale databases whose compute demand is unpredictable and that would otherwise be rescaled by hand. | 4. Be aware that auto-pause and auto-resume are currently supported only in General Purpose - Hyperscale serverless autoscales but does not pause to zero compute cost. | 5. Only choose it if the application implements connection retry logic. | 6. Availability constraint: standard-series (Gen5) only.",https://learn.microsoft.com/azure/azure-sql/database/purchasing-models | https://learn.microsoft.com/azure/azure-sql/database/serverless-tier-overview | https://learn.microsoft.com/azure/azure-sql/database/service-tier-hyperscale
HS_S_Gen5_4,Azure SQL Database,Single database / Elastic pool,vCore,Hyperscale,Serverless,Standard-series (Gen5),vCore,4,,published,Generally available,2024-02,2023-02,2024-02,high,sqldb-hs-serverless,Serverless compute tier for Hyperscale,https://learn.microsoft.com/azure/azure-sql/database/resource-limits-vcore-single-databases,https://techcommunity.microsoft.com/blog/azuresqlblog/general-availability-serverless-for-hyperscale-in-azure-sql-database/4053589,,"1. Purchasing model: vCore is the model Microsoft recommends. Choose it when you value flexibility, control, and transparency, want to scale compute and storage independently, or want to apply Azure Hybrid Benefit or reserved capacity pricing. | 2. Use when you want Hyperscale's storage architecture together with automatic, per-second-billed compute autoscaling for an intermittent workload. | 3. Use for Hyperscale databases whose compute demand is unpredictable and that would otherwise be rescaled by hand. | 4. Be aware that auto-pause and auto-resume are currently supported only in General Purpose - Hyperscale serverless autoscales but does not pause to zero compute cost. | 5. Only choose it if the application implements connection retry logic. | 6. Availability constraint: standard-series (Gen5) only.",https://learn.microsoft.com/azure/azure-sql/database/purchasing-models | https://learn.microsoft.com/azure/azure-sql/database/serverless-tier-overview | https://learn.microsoft.com/azure/azure-sql/database/service-tier-hyperscale
HS_S_Gen5_6,Azure SQL Database,Single database / Elastic pool,vCore,Hyperscale,Serverless,Standard-series (Gen5),vCore,6,,published,Generally available,2024-02,2023-02,2024-02,high,sqldb-hs-serverless,Serverless compute tier for Hyperscale,https://learn.microsoft.com/azure/azure-sql/database/resource-limits-vcore-single-databases,https://techcommunity.microsoft.com/blog/azuresqlblog/general-availability-serverless-for-hyperscale-in-azure-sql-database/4053589,,"1. Purchasing model: vCore is the model Microsoft recommends. Choose it when you value flexibility, control, and transparency, want to scale compute and storage independently, or want to apply Azure Hybrid Benefit or reserved capacity pricing. | 2. Use when you want Hyperscale's storage architecture together with automatic, per-second-billed compute autoscaling for an intermittent workload. | 3. Use for Hyperscale databases whose compute demand is unpredictable and that would otherwise be rescaled by hand. | 4. Be aware that auto-pause and auto-resume are currently supported only in General Purpose - Hyperscale serverless autoscales but does not pause to zero compute cost. | 5. Only choose it if the application implements connection retry logic. | 6. Availability constraint: standard-series (Gen5) only.",https://learn.microsoft.com/azure/azure-sql/database/purchasing-models | https://learn.microsoft.com/azure/azure-sql/database/serverless-tier-overview | https://learn.microsoft.com/azure/azure-sql/database/service-tier-hyperscale
HS_S_Gen5_8,Azure SQL Database,Single database / Elastic pool,vCore,Hyperscale,Serverless,Standard-series (Gen5),vCore,8,,published,Generally available,2024-02,2023-02,2024-02,high,sqldb-hs-serverless,Serverless compute tier for Hyperscale,https://learn.microsoft.com/azure/azure-sql/database/resource-limits-vcore-single-databases,https://techcommunity.microsoft.com/blog/azuresqlblog/general-availability-serverless-for-hyperscale-in-azure-sql-database/4053589,,"1. Purchasing model: vCore is the model Microsoft recommends. Choose it when you value flexibility, control, and transparency, want to scale compute and storage independently, or want to apply Azure Hybrid Benefit or reserved capacity pricing. | 2. Use when you want Hyperscale's storage architecture together with automatic, per-second-billed compute autoscaling for an intermittent workload. | 3. Use for Hyperscale databases whose compute demand is unpredictable and that would otherwise be rescaled by hand. | 4. Be aware that auto-pause and auto-resume are currently supported only in General Purpose - Hyperscale serverless autoscales but does not pause to zero compute cost. | 5. Only choose it if the application implements connection retry logic. | 6. Availability constraint: standard-series (Gen5) only.",https://learn.microsoft.com/azure/azure-sql/database/purchasing-models | https://learn.microsoft.com/azure/azure-sql/database/serverless-tier-overview | https://learn.microsoft.com/azure/azure-sql/database/service-tier-hyperscale
HS_S_Gen5_10,Azure SQL Database,Single database / Elastic pool,vCore,Hyperscale,Serverless,Standard-series (Gen5),vCore,10,,published,Generally available,2024-02,2023-02,2024-02,high,sqldb-hs-serverless,Serverless compute tier for Hyperscale,https://learn.microsoft.com/azure/azure-sql/database/resource-limits-vcore-single-databases,https://techcommunity.microsoft.com/blog/azuresqlblog/general-availability-serverless-for-hyperscale-in-azure-sql-database/4053589,,"1. Purchasing model: vCore is the model Microsoft recommends. Choose it when you value flexibility, control, and transparency, want to scale compute and storage independently, or want to apply Azure Hybrid Benefit or reserved capacity pricing. | 2. Use when you want Hyperscale's storage architecture together with automatic, per-second-billed compute autoscaling for an intermittent workload. | 3. Use for Hyperscale databases whose compute demand is unpredictable and that would otherwise be rescaled by hand. | 4. Be aware that auto-pause and auto-resume are currently supported only in General Purpose - Hyperscale serverless autoscales but does not pause to zero compute cost. | 5. Only choose it if the application implements connection retry logic. | 6. Availability constraint: standard-series (Gen5) only.",https://learn.microsoft.com/azure/azure-sql/database/purchasing-models | https://learn.microsoft.com/azure/azure-sql/database/serverless-tier-overview | https://learn.microsoft.com/azure/azure-sql/database/service-tier-hyperscale
HS_S_Gen5_12,Azure SQL Database,Single database / Elastic pool,vCore,Hyperscale,Serverless,Standard-series (Gen5),vCore,12,,published,Generally available,2024-02,2023-02,2024-02,high,sqldb-hs-serverless,Serverless compute tier for Hyperscale,https://learn.microsoft.com/azure/azure-sql/database/resource-limits-vcore-single-databases,https://techcommunity.microsoft.com/blog/azuresqlblog/general-availability-serverless-for-hyperscale-in-azure-sql-database/4053589,,"1. Purchasing model: vCore is the model Microsoft recommends. Choose it when you value flexibility, control, and transparency, want to scale compute and storage independently, or want to apply Azure Hybrid Benefit or reserved capacity pricing. | 2. Use when you want Hyperscale's storage architecture together with automatic, per-second-billed compute autoscaling for an intermittent workload. | 3. Use for Hyperscale databases whose compute demand is unpredictable and that would otherwise be rescaled by hand. | 4. Be aware that auto-pause and auto-resume are currently supported only in General Purpose - Hyperscale serverless autoscales but does not pause to zero compute cost. | 5. Only choose it if the application implements connection retry logic. | 6. Availability constraint: standard-series (Gen5) only.",https://learn.microsoft.com/azure/azure-sql/database/purchasing-models | https://learn.microsoft.com/azure/azure-sql/database/serverless-tier-overview | https://learn.microsoft.com/azure/azure-sql/database/service-tier-hyperscale
HS_S_Gen5_14,Azure SQL Database,Single database / Elastic pool,vCore,Hyperscale,Serverless,Standard-series (Gen5),vCore,14,,published,Generally available,2024-02,2023-02,2024-02,high,sqldb-hs-serverless,Serverless compute tier for Hyperscale,https://learn.microsoft.com/azure/azure-sql/database/resource-limits-vcore-single-databases,https://techcommunity.microsoft.com/blog/azuresqlblog/general-availability-serverless-for-hyperscale-in-azure-sql-database/4053589,,"1. Purchasing model: vCore is the model Microsoft recommends. Choose it when you value flexibility, control, and transparency, want to scale compute and storage independently, or want to apply Azure Hybrid Benefit or reserved capacity pricing. | 2. Use when you want Hyperscale's storage architecture together with automatic, per-second-billed compute autoscaling for an intermittent workload. | 3. Use for Hyperscale databases whose compute demand is unpredictable and that would otherwise be rescaled by hand. | 4. Be aware that auto-pause and auto-resume are currently supported only in General Purpose - Hyperscale serverless autoscales but does not pause to zero compute cost. | 5. Only choose it if the application implements connection retry logic. | 6. Availability constraint: standard-series (Gen5) only.",https://learn.microsoft.com/azure/azure-sql/database/purchasing-models | https://learn.microsoft.com/azure/azure-sql/database/serverless-tier-overview | https://learn.microsoft.com/azure/azure-sql/database/service-tier-hyperscale
HS_S_Gen5_16,Azure SQL Database,Single database / Elastic pool,vCore,Hyperscale,Serverless,Standard-series (Gen5),vCore,16,,published,Generally available,2024-02,2023-02,2024-02,high,sqldb-hs-serverless,Serverless compute tier for Hyperscale,https://learn.microsoft.com/azure/azure-sql/database/resource-limits-vcore-single-databases,https://techcommunity.microsoft.com/blog/azuresqlblog/general-availability-serverless-for-hyperscale-in-azure-sql-database/4053589,,"1. Purchasing model: vCore is the model Microsoft recommends. Choose it when you value flexibility, control, and transparency, want to scale compute and storage independently, or want to apply Azure Hybrid Benefit or reserved capacity pricing. | 2. Use when you want Hyperscale's storage architecture together with automatic, per-second-billed compute autoscaling for an intermittent workload. | 3. Use for Hyperscale databases whose compute demand is unpredictable and that would otherwise be rescaled by hand. | 4. Be aware that auto-pause and auto-resume are currently supported only in General Purpose - Hyperscale serverless autoscales but does not pause to zero compute cost. | 5. Only choose it if the application implements connection retry logic. | 6. Availability constraint: standard-series (Gen5) only.",https://learn.microsoft.com/azure/azure-sql/database/purchasing-models | https://learn.microsoft.com/azure/azure-sql/database/serverless-tier-overview | https://learn.microsoft.com/azure/azure-sql/database/service-tier-hyperscale
HS_S_Gen5_18,Azure SQL Database,Single database / Elastic pool,vCore,Hyperscale,Serverless,Standard-series (Gen5),vCore,18,,published,Generally available,2024-02,2023-02,2024-02,high,sqldb-hs-serverless,Serverless compute tier for Hyperscale,https://learn.microsoft.com/azure/azure-sql/database/resource-limits-vcore-single-databases,https://techcommunity.microsoft.com/blog/azuresqlblog/general-availability-serverless-for-hyperscale-in-azure-sql-database/4053589,,"1. Purchasing model: vCore is the model Microsoft recommends. Choose it when you value flexibility, control, and transparency, want to scale compute and storage independently, or want to apply Azure Hybrid Benefit or reserved capacity pricing. | 2. Use when you want Hyperscale's storage architecture together with automatic, per-second-billed compute autoscaling for an intermittent workload. | 3. Use for Hyperscale databases whose compute demand is unpredictable and that would otherwise be rescaled by hand. | 4. Be aware that auto-pause and auto-resume are currently supported only in General Purpose - Hyperscale serverless autoscales but does not pause to zero compute cost. | 5. Only choose it if the application implements connection retry logic. | 6. Availability constraint: standard-series (Gen5) only.",https://learn.microsoft.com/azure/azure-sql/database/purchasing-models | https://learn.microsoft.com/azure/azure-sql/database/serverless-tier-overview | https://learn.microsoft.com/azure/azure-sql/database/service-tier-hyperscale
HS_S_Gen5_20,Azure SQL Database,Single database / Elastic pool,vCore,Hyperscale,Serverless,Standard-series (Gen5),vCore,20,,published,Generally available,2024-02,2023-02,2024-02,high,sqldb-hs-serverless,Serverless compute tier for Hyperscale,https://learn.microsoft.com/azure/azure-sql/database/resource-limits-vcore-single-databases,https://techcommunity.microsoft.com/blog/azuresqlblog/general-availability-serverless-for-hyperscale-in-azure-sql-database/4053589,,"1. Purchasing model: vCore is the model Microsoft recommends. Choose it when you value flexibility, control, and transparency, want to scale compute and storage independently, or want to apply Azure Hybrid Benefit or reserved capacity pricing. | 2. Use when you want Hyperscale's storage architecture together with automatic, per-second-billed compute autoscaling for an intermittent workload. | 3. Use for Hyperscale databases whose compute demand is unpredictable and that would otherwise be rescaled by hand. | 4. Be aware that auto-pause and auto-resume are currently supported only in General Purpose - Hyperscale serverless autoscales but does not pause to zero compute cost. | 5. Only choose it if the application implements connection retry logic. | 6. Availability constraint: standard-series (Gen5) only.",https://learn.microsoft.com/azure/azure-sql/database/purchasing-models | https://learn.microsoft.com/azure/azure-sql/database/serverless-tier-overview | https://learn.microsoft.com/azure/azure-sql/database/service-tier-hyperscale
HS_S_Gen5_24,Azure SQL Database,Single database / Elastic pool,vCore,Hyperscale,Serverless,Standard-series (Gen5),vCore,24,,published,Generally available,2024-02,2023-02,2024-02,high,sqldb-hs-serverless,Serverless compute tier for Hyperscale,https://learn.microsoft.com/azure/azure-sql/database/resource-limits-vcore-single-databases,https://techcommunity.microsoft.com/blog/azuresqlblog/general-availability-serverless-for-hyperscale-in-azure-sql-database/4053589,,"1. Purchasing model: vCore is the model Microsoft recommends. Choose it when you value flexibility, control, and transparency, want to scale compute and storage independently, or want to apply Azure Hybrid Benefit or reserved capacity pricing. | 2. Use when you want Hyperscale's storage architecture together with automatic, per-second-billed compute autoscaling for an intermittent workload. | 3. Use for Hyperscale databases whose compute demand is unpredictable and that would otherwise be rescaled by hand. | 4. Be aware that auto-pause and auto-resume are currently supported only in General Purpose - Hyperscale serverless autoscales but does not pause to zero compute cost. | 5. Only choose it if the application implements connection retry logic. | 6. Availability constraint: standard-series (Gen5) only.",https://learn.microsoft.com/azure/azure-sql/database/purchasing-models | https://learn.microsoft.com/azure/azure-sql/database/serverless-tier-overview | https://learn.microsoft.com/azure/azure-sql/database/service-tier-hyperscale
HS_S_Gen5_32,Azure SQL Database,Single database / Elastic pool,vCore,Hyperscale,Serverless,Standard-series (Gen5),vCore,32,,published,Generally available,2024-02,2023-02,2024-02,high,sqldb-hs-serverless,Serverless compute tier for Hyperscale,https://learn.microsoft.com/azure/azure-sql/database/resource-limits-vcore-single-databases,https://techcommunity.microsoft.com/blog/azuresqlblog/general-availability-serverless-for-hyperscale-in-azure-sql-database/4053589,,"1. Purchasing model: vCore is the model Microsoft recommends. Choose it when you value flexibility, control, and transparency, want to scale compute and storage independently, or want to apply Azure Hybrid Benefit or reserved capacity pricing. | 2. Use when you want Hyperscale's storage architecture together with automatic, per-second-billed compute autoscaling for an intermittent workload. | 3. Use for Hyperscale databases whose compute demand is unpredictable and that would otherwise be rescaled by hand. | 4. Be aware that auto-pause and auto-resume are currently supported only in General Purpose - Hyperscale serverless autoscales but does not pause to zero compute cost. | 5. Only choose it if the application implements connection retry logic. | 6. Availability constraint: standard-series (Gen5) only.",https://learn.microsoft.com/azure/azure-sql/database/purchasing-models | https://learn.microsoft.com/azure/azure-sql/database/serverless-tier-overview | https://learn.microsoft.com/azure/azure-sql/database/service-tier-hyperscale
HS_S_Gen5_40,Azure SQL Database,Single database / Elastic pool,vCore,Hyperscale,Serverless,Standard-series (Gen5),vCore,40,,published,Generally available,2024-02,2023-02,2024-02,high,sqldb-hs-serverless,Serverless compute tier for Hyperscale,https://learn.microsoft.com/azure/azure-sql/database/resource-limits-vcore-single-databases,https://techcommunity.microsoft.com/blog/azuresqlblog/general-availability-serverless-for-hyperscale-in-azure-sql-database/4053589,,"1. Purchasing model: vCore is the model Microsoft recommends. Choose it when you value flexibility, control, and transparency, want to scale compute and storage independently, or want to apply Azure Hybrid Benefit or reserved capacity pricing. | 2. Use when you want Hyperscale's storage architecture together with automatic, per-second-billed compute autoscaling for an intermittent workload. | 3. Use for Hyperscale databases whose compute demand is unpredictable and that would otherwise be rescaled by hand. | 4. Be aware that auto-pause and auto-resume are currently supported only in General Purpose - Hyperscale serverless autoscales but does not pause to zero compute cost. | 5. Only choose it if the application implements connection retry logic. | 6. Availability constraint: standard-series (Gen5) only.",https://learn.microsoft.com/azure/azure-sql/database/purchasing-models | https://learn.microsoft.com/azure/azure-sql/database/serverless-tier-overview | https://learn.microsoft.com/azure/azure-sql/database/service-tier-hyperscale
HS_S_Gen5_80,Azure SQL Database,Single database / Elastic pool,vCore,Hyperscale,Serverless,Standard-series (Gen5),vCore,80,,published,Generally available,2024-02,2023-02,2024-02,high,sqldb-hs-serverless,Serverless compute tier for Hyperscale,https://learn.microsoft.com/azure/azure-sql/database/resource-limits-vcore-single-databases,https://techcommunity.microsoft.com/blog/azuresqlblog/general-availability-serverless-for-hyperscale-in-azure-sql-database/4053589,,"1. Purchasing model: vCore is the model Microsoft recommends. Choose it when you value flexibility, control, and transparency, want to scale compute and storage independently, or want to apply Azure Hybrid Benefit or reserved capacity pricing. | 2. Use when you want Hyperscale's storage architecture together with automatic, per-second-billed compute autoscaling for an intermittent workload. | 3. Use for Hyperscale databases whose compute demand is unpredictable and that would otherwise be rescaled by hand. | 4. Be aware that auto-pause and auto-resume are currently supported only in General Purpose - Hyperscale serverless autoscales but does not pause to zero compute cost. | 5. Only choose it if the application implements connection retry logic. | 6. Availability constraint: standard-series (Gen5) only.",https://learn.microsoft.com/azure/azure-sql/database/purchasing-models | https://learn.microsoft.com/azure/azure-sql/database/serverless-tier-overview | https://learn.microsoft.com/azure/azure-sql/database/service-tier-hyperscale
HS_MOPRMS_2,Azure SQL Database,Single database / Elastic pool,vCore,Hyperscale,Provisioned,Premium-series memory optimized,vCore,2,20.8,published,Generally available,2023-07,2022,2023-07,high,sqldb-hs-premium,Hyperscale premium-series and premium-series memory optimized hardware,https://learn.microsoft.com/azure/azure-sql/database/resource-limits-vcore-single-databases,https://aka.ms/AAiq28n,,"1. Purchasing model: vCore is the model Microsoft recommends. Choose it when you value flexibility, control, and transparency, want to scale compute and storage independently, or want to apply Azure Hybrid Benefit or reserved capacity pricing. | 2. Choose when the workload needs roughly double the memory per vCore of standard-series and premium-series - about 10.4 GB per vCore instead of 5.2 GB. | 3. Choose for memory-hungry Hyperscale workloads such as large working sets or high concurrency, where cache hit rate rather than CPU is the bottleneck. | 4. Microsoft positions premium-series memory optimized as the successor to the retired M-series hardware, with more memory at a lower price. | 5. Check regional availability first - memory optimized premium-series is offered in a subset of regions. | 6. Size within 2-80 vCores; go to premium-series instead if you need more than 80.",https://learn.microsoft.com/azure/azure-sql/database/purchasing-models | https://learn.microsoft.com/azure/azure-sql/database/service-tiers-sql-database-vcore | https://learn.microsoft.com/azure/azure-sql/database/resource-limits-vcore-single-databases
HS_MOPRMS_4,Azure SQL Database,Single database / Elastic pool,vCore,Hyperscale,Provisioned,Premium-series memory optimized,vCore,4,41.5,published,Generally available,2023-07,2022,2023-07,high,sqldb-hs-premium,Hyperscale premium-series and premium-series memory optimized hardware,https://learn.microsoft.com/azure/azure-sql/database/resource-limits-vcore-single-databases,https://aka.ms/AAiq28n,,"1. Purchasing model: vCore is the model Microsoft recommends. Choose it when you value flexibility, control, and transparency, want to scale compute and storage independently, or want to apply Azure Hybrid Benefit or reserved capacity pricing. | 2. Choose when the workload needs roughly double the memory per vCore of standard-series and premium-series - about 10.4 GB per vCore instead of 5.2 GB. | 3. Choose for memory-hungry Hyperscale workloads such as large working sets or high concurrency, where cache hit rate rather than CPU is the bottleneck. | 4. Microsoft positions premium-series memory optimized as the successor to the retired M-series hardware, with more memory at a lower price. | 5. Check regional availability first - memory optimized premium-series is offered in a subset of regions. | 6. Size within 2-80 vCores; go to premium-series instead if you need more than 80.",https://learn.microsoft.com/azure/azure-sql/database/purchasing-models | https://learn.microsoft.com/azure/azure-sql/database/service-tiers-sql-database-vcore | https://learn.microsoft.com/azure/azure-sql/database/resource-limits-vcore-single-databases
HS_MOPRMS_6,Azure SQL Database,Single database / Elastic pool,vCore,Hyperscale,Provisioned,Premium-series memory optimized,vCore,6,62.3,published,Generally available,2023-07,2022,2023-07,high,sqldb-hs-premium,Hyperscale premium-series and premium-series memory optimized hardware,https://learn.microsoft.com/azure/azure-sql/database/resource-limits-vcore-single-databases,https://aka.ms/AAiq28n,,"1. Purchasing model: vCore is the model Microsoft recommends. Choose it when you value flexibility, control, and transparency, want to scale compute and storage independently, or want to apply Azure Hybrid Benefit or reserved capacity pricing. | 2. Choose when the workload needs roughly double the memory per vCore of standard-series and premium-series - about 10.4 GB per vCore instead of 5.2 GB. | 3. Choose for memory-hungry Hyperscale workloads such as large working sets or high concurrency, where cache hit rate rather than CPU is the bottleneck. | 4. Microsoft positions premium-series memory optimized as the successor to the retired M-series hardware, with more memory at a lower price. | 5. Check regional availability first - memory optimized premium-series is offered in a subset of regions. | 6. Size within 2-80 vCores; go to premium-series instead if you need more than 80.",https://learn.microsoft.com/azure/azure-sql/database/purchasing-models | https://learn.microsoft.com/azure/azure-sql/database/service-tiers-sql-database-vcore | https://learn.microsoft.com/azure/azure-sql/database/resource-limits-vcore-single-databases
HS_MOPRMS_8,Azure SQL Database,Single database / Elastic pool,vCore,Hyperscale,Provisioned,Premium-series memory optimized,vCore,8,83.0,published,Generally available,2023-07,2022,2023-07,high,sqldb-hs-premium,Hyperscale premium-series and premium-series memory optimized hardware,https://learn.microsoft.com/azure/azure-sql/database/resource-limits-vcore-single-databases,https://aka.ms/AAiq28n,,"1. Purchasing model: vCore is the model Microsoft recommends. Choose it when you value flexibility, control, and transparency, want to scale compute and storage independently, or want to apply Azure Hybrid Benefit or reserved capacity pricing. | 2. Choose when the workload needs roughly double the memory per vCore of standard-series and premium-series - about 10.4 GB per vCore instead of 5.2 GB. | 3. Choose for memory-hungry Hyperscale workloads such as large working sets or high concurrency, where cache hit rate rather than CPU is the bottleneck. | 4. Microsoft positions premium-series memory optimized as the successor to the retired M-series hardware, with more memory at a lower price. | 5. Check regional availability first - memory optimized premium-series is offered in a subset of regions. | 6. Size within 2-80 vCores; go to premium-series instead if you need more than 80.",https://learn.microsoft.com/azure/azure-sql/database/purchasing-models | https://learn.microsoft.com/azure/azure-sql/database/service-tiers-sql-database-vcore | https://learn.microsoft.com/azure/azure-sql/database/resource-limits-vcore-single-databases
HS_MOPRMS_10,Azure SQL Database,Single database / Elastic pool,vCore,Hyperscale,Provisioned,Premium-series memory optimized,vCore,10,103.8,published,Generally available,2023-07,2022,2023-07,high,sqldb-hs-premium,Hyperscale premium-series and premium-series memory optimized hardware,https://learn.microsoft.com/azure/azure-sql/database/resource-limits-vcore-single-databases,https://aka.ms/AAiq28n,,"1. Purchasing model: vCore is the model Microsoft recommends. Choose it when you value flexibility, control, and transparency, want to scale compute and storage independently, or want to apply Azure Hybrid Benefit or reserved capacity pricing. | 2. Choose when the workload needs roughly double the memory per vCore of standard-series and premium-series - about 10.4 GB per vCore instead of 5.2 GB. | 3. Choose for memory-hungry Hyperscale workloads such as large working sets or high concurrency, where cache hit rate rather than CPU is the bottleneck. | 4. Microsoft positions premium-series memory optimized as the successor to the retired M-series hardware, with more memory at a lower price. | 5. Check regional availability first - memory optimized premium-series is offered in a subset of regions. | 6. Size within 2-80 vCores; go to premium-series instead if you need more than 80.",https://learn.microsoft.com/azure/azure-sql/database/purchasing-models | https://learn.microsoft.com/azure/azure-sql/database/service-tiers-sql-database-vcore | https://learn.microsoft.com/azure/azure-sql/database/resource-limits-vcore-single-databases
HS_MOPRMS_12,Azure SQL Database,Single database / Elastic pool,vCore,Hyperscale,Provisioned,Premium-series memory optimized,vCore,12,124.6,published,Generally available,2023-07,2022,2023-07,high,sqldb-hs-premium,Hyperscale premium-series and premium-series memory optimized hardware,https://learn.microsoft.com/azure/azure-sql/database/resource-limits-vcore-single-databases,https://aka.ms/AAiq28n,,"1. Purchasing model: vCore is the model Microsoft recommends. Choose it when you value flexibility, control, and transparency, want to scale compute and storage independently, or want to apply Azure Hybrid Benefit or reserved capacity pricing. | 2. Choose when the workload needs roughly double the memory per vCore of standard-series and premium-series - about 10.4 GB per vCore instead of 5.2 GB. | 3. Choose for memory-hungry Hyperscale workloads such as large working sets or high concurrency, where cache hit rate rather than CPU is the bottleneck. | 4. Microsoft positions premium-series memory optimized as the successor to the retired M-series hardware, with more memory at a lower price. | 5. Check regional availability first - memory optimized premium-series is offered in a subset of regions. | 6. Size within 2-80 vCores; go to premium-series instead if you need more than 80.",https://learn.microsoft.com/azure/azure-sql/database/purchasing-models | https://learn.microsoft.com/azure/azure-sql/database/service-tiers-sql-database-vcore | https://learn.microsoft.com/azure/azure-sql/database/resource-limits-vcore-single-databases
HS_MOPRMS_14,Azure SQL Database,Single database / Elastic pool,vCore,Hyperscale,Provisioned,Premium-series memory optimized,vCore,14,145.3,published,Generally available,2023-07,2022,2023-07,high,sqldb-hs-premium,Hyperscale premium-series and premium-series memory optimized hardware,https://learn.microsoft.com/azure/azure-sql/database/resource-limits-vcore-single-databases,https://aka.ms/AAiq28n,,"1. Purchasing model: vCore is the model Microsoft recommends. Choose it when you value flexibility, control, and transparency, want to scale compute and storage independently, or want to apply Azure Hybrid Benefit or reserved capacity pricing. | 2. Choose when the workload needs roughly double the memory per vCore of standard-series and premium-series - about 10.4 GB per vCore instead of 5.2 GB. | 3. Choose for memory-hungry Hyperscale workloads such as large working sets or high concurrency, where cache hit rate rather than CPU is the bottleneck. | 4. Microsoft positions premium-series memory optimized as the successor to the retired M-series hardware, with more memory at a lower price. | 5. Check regional availability first - memory optimized premium-series is offered in a subset of regions. | 6. Size within 2-80 vCores; go to premium-series instead if you need more than 80.",https://learn.microsoft.com/azure/azure-sql/database/purchasing-models | https://learn.microsoft.com/azure/azure-sql/database/service-tiers-sql-database-vcore | https://learn.microsoft.com/azure/azure-sql/database/resource-limits-vcore-single-databases
HS_MOPRMS_16,Azure SQL Database,Single database / Elastic pool,vCore,Hyperscale,Provisioned,Premium-series memory optimized,vCore,16,166.1,published,Generally available,2023-07,2022,2023-07,high,sqldb-hs-premium,Hyperscale premium-series and premium-series memory optimized hardware,https://learn.microsoft.com/azure/azure-sql/database/resource-limits-vcore-single-databases,https://aka.ms/AAiq28n,,"1. Purchasing model: vCore is the model Microsoft recommends. Choose it when you value flexibility, control, and transparency, want to scale compute and storage independently, or want to apply Azure Hybrid Benefit or reserved capacity pricing. | 2. Choose when the workload needs roughly double the memory per vCore of standard-series and premium-series - about 10.4 GB per vCore instead of 5.2 GB. | 3. Choose for memory-hungry Hyperscale workloads such as large working sets or high concurrency, where cache hit rate rather than CPU is the bottleneck. | 4. Microsoft positions premium-series memory optimized as the successor to the retired M-series hardware, with more memory at a lower price. | 5. Check regional availability first - memory optimized premium-series is offered in a subset of regions. | 6. Size within 2-80 vCores; go to premium-series instead if you need more than 80.",https://learn.microsoft.com/azure/azure-sql/database/purchasing-models | https://learn.microsoft.com/azure/azure-sql/database/service-tiers-sql-database-vcore | https://learn.microsoft.com/azure/azure-sql/database/resource-limits-vcore-single-databases
HS_MOPRMS_18,Azure SQL Database,Single database / Elastic pool,vCore,Hyperscale,Provisioned,Premium-series memory optimized,vCore,18,186.9,published,Generally available,2023-07,2022,2023-07,high,sqldb-hs-premium,Hyperscale premium-series and premium-series memory optimized hardware,https://learn.microsoft.com/azure/azure-sql/database/resource-limits-vcore-single-databases,https://aka.ms/AAiq28n,,"1. Purchasing model: vCore is the model Microsoft recommends. Choose it when you value flexibility, control, and transparency, want to scale compute and storage independently, or want to apply Azure Hybrid Benefit or reserved capacity pricing. | 2. Choose when the workload needs roughly double the memory per vCore of standard-series and premium-series - about 10.4 GB per vCore instead of 5.2 GB. | 3. Choose for memory-hungry Hyperscale workloads such as large working sets or high concurrency, where cache hit rate rather than CPU is the bottleneck. | 4. Microsoft positions premium-series memory optimized as the successor to the retired M-series hardware, with more memory at a lower price. | 5. Check regional availability first - memory optimized premium-series is offered in a subset of regions. | 6. Size within 2-80 vCores; go to premium-series instead if you need more than 80.",https://learn.microsoft.com/azure/azure-sql/database/purchasing-models | https://learn.microsoft.com/azure/azure-sql/database/service-tiers-sql-database-vcore | https://learn.microsoft.com/azure/azure-sql/database/resource-limits-vcore-single-databases
HS_MOPRMS_20,Azure SQL Database,Single database / Elastic pool,vCore,Hyperscale,Provisioned,Premium-series memory optimized,vCore,20,207.6,published,Generally available,2023-07,2022,2023-07,high,sqldb-hs-premium,Hyperscale premium-series and premium-series memory optimized hardware,https://learn.microsoft.com/azure/azure-sql/database/resource-limits-vcore-single-databases,https://aka.ms/AAiq28n,,"1. Purchasing model: vCore is the model Microsoft recommends. Choose it when you value flexibility, control, and transparency, want to scale compute and storage independently, or want to apply Azure Hybrid Benefit or reserved capacity pricing. | 2. Choose when the workload needs roughly double the memory per vCore of standard-series and premium-series - about 10.4 GB per vCore instead of 5.2 GB. | 3. Choose for memory-hungry Hyperscale workloads such as large working sets or high concurrency, where cache hit rate rather than CPU is the bottleneck. | 4. Microsoft positions premium-series memory optimized as the successor to the retired M-series hardware, with more memory at a lower price. | 5. Check regional availability first - memory optimized premium-series is offered in a subset of regions. | 6. Size within 2-80 vCores; go to premium-series instead if you need more than 80.",https://learn.microsoft.com/azure/azure-sql/database/purchasing-models | https://learn.microsoft.com/azure/azure-sql/database/service-tiers-sql-database-vcore | https://learn.microsoft.com/azure/azure-sql/database/resource-limits-vcore-single-databases
HS_MOPRMS_24,Azure SQL Database,Single database / Elastic pool,vCore,Hyperscale,Provisioned,Premium-series memory optimized,vCore,24,249.1,published,Generally available,2023-07,2022,2023-07,high,sqldb-hs-premium,Hyperscale premium-series and premium-series memory optimized hardware,https://learn.microsoft.com/azure/azure-sql/database/resource-limits-vcore-single-databases,https://aka.ms/AAiq28n,,"1. Purchasing model: vCore is the model Microsoft recommends. Choose it when you value flexibility, control, and transparency, want to scale compute and storage independently, or want to apply Azure Hybrid Benefit or reserved capacity pricing. | 2. Choose when the workload needs roughly double the memory per vCore of standard-series and premium-series - about 10.4 GB per vCore instead of 5.2 GB. | 3. Choose for memory-hungry Hyperscale workloads such as large working sets or high concurrency, where cache hit rate rather than CPU is the bottleneck. | 4. Microsoft positions premium-series memory optimized as the successor to the retired M-series hardware, with more memory at a lower price. | 5. Check regional availability first - memory optimized premium-series is offered in a subset of regions. | 6. Size within 2-80 vCores; go to premium-series instead if you need more than 80.",https://learn.microsoft.com/azure/azure-sql/database/purchasing-models | https://learn.microsoft.com/azure/azure-sql/database/service-tiers-sql-database-vcore | https://learn.microsoft.com/azure/azure-sql/database/resource-limits-vcore-single-databases
HS_MOPRMS_32,Azure SQL Database,Single database / Elastic pool,vCore,Hyperscale,Provisioned,Premium-series memory optimized,vCore,32,332.2,published,Generally available,2023-07,2022,2023-07,high,sqldb-hs-premium,Hyperscale premium-series and premium-series memory optimized hardware,https://learn.microsoft.com/azure/azure-sql/database/resource-limits-vcore-single-databases,https://aka.ms/AAiq28n,,"1. Purchasing model: vCore is the model Microsoft recommends. Choose it when you value flexibility, control, and transparency, want to scale compute and storage independently, or want to apply Azure Hybrid Benefit or reserved capacity pricing. | 2. Choose when the workload needs roughly double the memory per vCore of standard-series and premium-series - about 10.4 GB per vCore instead of 5.2 GB. | 3. Choose for memory-hungry Hyperscale workloads such as large working sets or high concurrency, where cache hit rate rather than CPU is the bottleneck. | 4. Microsoft positions premium-series memory optimized as the successor to the retired M-series hardware, with more memory at a lower price. | 5. Check regional availability first - memory optimized premium-series is offered in a subset of regions. | 6. Size within 2-80 vCores; go to premium-series instead if you need more than 80.",https://learn.microsoft.com/azure/azure-sql/database/purchasing-models | https://learn.microsoft.com/azure/azure-sql/database/service-tiers-sql-database-vcore | https://learn.microsoft.com/azure/azure-sql/database/resource-limits-vcore-single-databases
HS_MOPRMS_40,Azure SQL Database,Single database / Elastic pool,vCore,Hyperscale,Provisioned,Premium-series memory optimized,vCore,40,415.2,published,Generally available,2023-07,2022,2023-07,high,sqldb-hs-premium,Hyperscale premium-series and premium-series memory optimized hardware,https://learn.microsoft.com/azure/azure-sql/database/resource-limits-vcore-single-databases,https://aka.ms/AAiq28n,,"1. Purchasing model: vCore is the model Microsoft recommends. Choose it when you value flexibility, control, and transparency, want to scale compute and storage independently, or want to apply Azure Hybrid Benefit or reserved capacity pricing. | 2. Choose when the workload needs roughly double the memory per vCore of standard-series and premium-series - about 10.4 GB per vCore instead of 5.2 GB. | 3. Choose for memory-hungry Hyperscale workloads such as large working sets or high concurrency, where cache hit rate rather than CPU is the bottleneck. | 4. Microsoft positions premium-series memory optimized as the successor to the retired M-series hardware, with more memory at a lower price. | 5. Check regional availability first - memory optimized premium-series is offered in a subset of regions. | 6. Size within 2-80 vCores; go to premium-series instead if you need more than 80.",https://learn.microsoft.com/azure/azure-sql/database/purchasing-models | https://learn.microsoft.com/azure/azure-sql/database/service-tiers-sql-database-vcore | https://learn.microsoft.com/azure/azure-sql/database/resource-limits-vcore-single-databases
HS_MOPRMS_64,Azure SQL Database,Single database / Elastic pool,vCore,Hyperscale,Provisioned,Premium-series memory optimized,vCore,64,664.4,published,Generally available,2023-06,,2023-06,high,sqldb-hs-premium-64,64 vCore option for Hyperscale premium-series and memory optimized premium-series,https://learn.microsoft.com/azure/azure-sql/database/resource-limits-vcore-single-databases,https://learn.microsoft.com/azure/azure-sql/database/doc-changes-updates-release-notes-whats-new-archive,,"1. Purchasing model: vCore is the model Microsoft recommends. Choose it when you value flexibility, control, and transparency, want to scale compute and storage independently, or want to apply Azure Hybrid Benefit or reserved capacity pricing. | 2. Choose when the workload needs roughly double the memory per vCore of standard-series and premium-series - about 10.4 GB per vCore instead of 5.2 GB. | 3. Choose for memory-hungry Hyperscale workloads such as large working sets or high concurrency, where cache hit rate rather than CPU is the bottleneck. | 4. Microsoft positions premium-series memory optimized as the successor to the retired M-series hardware, with more memory at a lower price. | 5. Check regional availability first - memory optimized premium-series is offered in a subset of regions. | 6. Size within 2-80 vCores; go to premium-series instead if you need more than 80.",https://learn.microsoft.com/azure/azure-sql/database/purchasing-models | https://learn.microsoft.com/azure/azure-sql/database/service-tiers-sql-database-vcore | https://learn.microsoft.com/azure/azure-sql/database/resource-limits-vcore-single-databases
HS_MOPRMS_80,Azure SQL Database,Single database / Elastic pool,vCore,Hyperscale,Provisioned,Premium-series memory optimized,vCore,80,830.5,published,Generally available,2023-07,2022,2023-07,high,sqldb-hs-premium,Hyperscale premium-series and premium-series memory optimized hardware,https://learn.microsoft.com/azure/azure-sql/database/resource-limits-vcore-single-databases,https://aka.ms/AAiq28n,,"1. Purchasing model: vCore is the model Microsoft recommends. Choose it when you value flexibility, control, and transparency, want to scale compute and storage independently, or want to apply Azure Hybrid Benefit or reserved capacity pricing. | 2. Choose when the workload needs roughly double the memory per vCore of standard-series and premium-series - about 10.4 GB per vCore instead of 5.2 GB. | 3. Choose for memory-hungry Hyperscale workloads such as large working sets or high concurrency, where cache hit rate rather than CPU is the bottleneck. | 4. Microsoft positions premium-series memory optimized as the successor to the retired M-series hardware, with more memory at a lower price. | 5. Check regional availability first - memory optimized premium-series is offered in a subset of regions. | 6. Size within 2-80 vCores; go to premium-series instead if you need more than 80.",https://learn.microsoft.com/azure/azure-sql/database/purchasing-models | https://learn.microsoft.com/azure/azure-sql/database/service-tiers-sql-database-vcore | https://learn.microsoft.com/azure/azure-sql/database/resource-limits-vcore-single-databases
HS_PRMS_2,Azure SQL Database,Single database / Elastic pool,vCore,Hyperscale,Provisioned,Premium-series,vCore,2,10.4,published,Generally available,2023-07,2022,2023-07,high,sqldb-hs-premium,Hyperscale premium-series and premium-series memory optimized hardware,https://learn.microsoft.com/azure/azure-sql/database/resource-limits-vcore-single-databases,https://aka.ms/AAiq28n,,"1. Purchasing model: vCore is the model Microsoft recommends. Choose it when you value flexibility, control, and transparency, want to scale compute and storage independently, or want to apply Azure Hybrid Benefit or reserved capacity pricing. | 2. Choose over standard-series when you want a guarantee of running on newer CPUs; standard-series gives no such guarantee and may be placed on older hardware. | 3. Choose when a single Hyperscale database or pool needs more than the 80 vCores that standard-series tops out at - premium-series reaches 128. | 4. Cost is not a reason to avoid it: there is no price difference between premium-series and standard-series at the same vCore count. | 5. Check regional availability first - premium-series is not offered in every region, whereas standard-series is. | 6. Also available for Hyperscale elastic pools, so use it when pooled Hyperscale databases need the same CPU guarantee.",https://learn.microsoft.com/azure/azure-sql/database/purchasing-models | https://learn.microsoft.com/azure/azure-sql/database/service-tiers-sql-database-vcore | https://learn.microsoft.com/azure/azure-sql/database/resource-limits-vcore-single-databases
HS_PRMS_4,Azure SQL Database,Single database / Elastic pool,vCore,Hyperscale,Provisioned,Premium-series,vCore,4,20.8,published,Generally available,2023-07,2022,2023-07,high,sqldb-hs-premium,Hyperscale premium-series and premium-series memory optimized hardware,https://learn.microsoft.com/azure/azure-sql/database/resource-limits-vcore-single-databases,https://aka.ms/AAiq28n,,"1. Purchasing model: vCore is the model Microsoft recommends. Choose it when you value flexibility, control, and transparency, want to scale compute and storage independently, or want to apply Azure Hybrid Benefit or reserved capacity pricing. | 2. Choose over standard-series when you want a guarantee of running on newer CPUs; standard-series gives no such guarantee and may be placed on older hardware. | 3. Choose when a single Hyperscale database or pool needs more than the 80 vCores that standard-series tops out at - premium-series reaches 128. | 4. Cost is not a reason to avoid it: there is no price difference between premium-series and standard-series at the same vCore count. | 5. Check regional availability first - premium-series is not offered in every region, whereas standard-series is. | 6. Also available for Hyperscale elastic pools, so use it when pooled Hyperscale databases need the same CPU guarantee.",https://learn.microsoft.com/azure/azure-sql/database/purchasing-models | https://learn.microsoft.com/azure/azure-sql/database/service-tiers-sql-database-vcore | https://learn.microsoft.com/azure/azure-sql/database/resource-limits-vcore-single-databases
HS_PRMS_6,Azure SQL Database,Single database / Elastic pool,vCore,Hyperscale,Provisioned,Premium-series,vCore,6,31.1,published,Generally available,2023-07,2022,2023-07,high,sqldb-hs-premium,Hyperscale premium-series and premium-series memory optimized hardware,https://learn.microsoft.com/azure/azure-sql/database/resource-limits-vcore-single-databases,https://aka.ms/AAiq28n,,"1. Purchasing model: vCore is the model Microsoft recommends. Choose it when you value flexibility, control, and transparency, want to scale compute and storage independently, or want to apply Azure Hybrid Benefit or reserved capacity pricing. | 2. Choose over standard-series when you want a guarantee of running on newer CPUs; standard-series gives no such guarantee and may be placed on older hardware. | 3. Choose when a single Hyperscale database or pool needs more than the 80 vCores that standard-series tops out at - premium-series reaches 128. | 4. Cost is not a reason to avoid it: there is no price difference between premium-series and standard-series at the same vCore count. | 5. Check regional availability first - premium-series is not offered in every region, whereas standard-series is. | 6. Also available for Hyperscale elastic pools, so use it when pooled Hyperscale databases need the same CPU guarantee.",https://learn.microsoft.com/azure/azure-sql/database/purchasing-models | https://learn.microsoft.com/azure/azure-sql/database/service-tiers-sql-database-vcore | https://learn.microsoft.com/azure/azure-sql/database/resource-limits-vcore-single-databases
HS_PRMS_8,Azure SQL Database,Single database / Elastic pool,vCore,Hyperscale,Provisioned,Premium-series,vCore,8,41.5,published,Generally available,2023-07,2022,2023-07,high,sqldb-hs-premium,Hyperscale premium-series and premium-series memory optimized hardware,https://learn.microsoft.com/azure/azure-sql/database/resource-limits-vcore-single-databases,https://aka.ms/AAiq28n,,"1. Purchasing model: vCore is the model Microsoft recommends. Choose it when you value flexibility, control, and transparency, want to scale compute and storage independently, or want to apply Azure Hybrid Benefit or reserved capacity pricing. | 2. Choose over standard-series when you want a guarantee of running on newer CPUs; standard-series gives no such guarantee and may be placed on older hardware. | 3. Choose when a single Hyperscale database or pool needs more than the 80 vCores that standard-series tops out at - premium-series reaches 128. | 4. Cost is not a reason to avoid it: there is no price difference between premium-series and standard-series at the same vCore count. | 5. Check regional availability first - premium-series is not offered in every region, whereas standard-series is. | 6. Also available for Hyperscale elastic pools, so use it when pooled Hyperscale databases need the same CPU guarantee.",https://learn.microsoft.com/azure/azure-sql/database/purchasing-models | https://learn.microsoft.com/azure/azure-sql/database/service-tiers-sql-database-vcore | https://learn.microsoft.com/azure/azure-sql/database/resource-limits-vcore-single-databases
HS_PRMS_10,Azure SQL Database,Single database / Elastic pool,vCore,Hyperscale,Provisioned,Premium-series,vCore,10,51.9,published,Generally available,2023-07,2022,2023-07,high,sqldb-hs-premium,Hyperscale premium-series and premium-series memory optimized hardware,https://learn.microsoft.com/azure/azure-sql/database/resource-limits-vcore-single-databases,https://aka.ms/AAiq28n,,"1. Purchasing model: vCore is the model Microsoft recommends. Choose it when you value flexibility, control, and transparency, want to scale compute and storage independently, or want to apply Azure Hybrid Benefit or reserved capacity pricing. | 2. Choose over standard-series when you want a guarantee of running on newer CPUs; standard-series gives no such guarantee and may be placed on older hardware. | 3. Choose when a single Hyperscale database or pool needs more than the 80 vCores that standard-series tops out at - premium-series reaches 128. | 4. Cost is not a reason to avoid it: there is no price difference between premium-series and standard-series at the same vCore count. | 5. Check regional availability first - premium-series is not offered in every region, whereas standard-series is. | 6. Also available for Hyperscale elastic pools, so use it when pooled Hyperscale databases need the same CPU guarantee.",https://learn.microsoft.com/azure/azure-sql/database/purchasing-models | https://learn.microsoft.com/azure/azure-sql/database/service-tiers-sql-database-vcore | https://learn.microsoft.com/azure/azure-sql/database/resource-limits-vcore-single-databases
HS_PRMS_12,Azure SQL Database,Single database / Elastic pool,vCore,Hyperscale,Provisioned,Premium-series,vCore,12,62.3,published,Generally available,2023-07,2022,2023-07,high,sqldb-hs-premium,Hyperscale premium-series and premium-series memory optimized hardware,https://learn.microsoft.com/azure/azure-sql/database/resource-limits-vcore-single-databases,https://aka.ms/AAiq28n,,"1. Purchasing model: vCore is the model Microsoft recommends. Choose it when you value flexibility, control, and transparency, want to scale compute and storage independently, or want to apply Azure Hybrid Benefit or reserved capacity pricing. | 2. Choose over standard-series when you want a guarantee of running on newer CPUs; standard-series gives no such guarantee and may be placed on older hardware. | 3. Choose when a single Hyperscale database or pool needs more than the 80 vCores that standard-series tops out at - premium-series reaches 128. | 4. Cost is not a reason to avoid it: there is no price difference between premium-series and standard-series at the same vCore count. | 5. Check regional availability first - premium-series is not offered in every region, whereas standard-series is. | 6. Also available for Hyperscale elastic pools, so use it when pooled Hyperscale databases need the same CPU guarantee.",https://learn.microsoft.com/azure/azure-sql/database/purchasing-models | https://learn.microsoft.com/azure/azure-sql/database/service-tiers-sql-database-vcore | https://learn.microsoft.com/azure/azure-sql/database/resource-limits-vcore-single-databases
HS_PRMS_14,Azure SQL Database,Single database / Elastic pool,vCore,Hyperscale,Provisioned,Premium-series,vCore,14,72.7,published,Generally available,2023-07,2022,2023-07,high,sqldb-hs-premium,Hyperscale premium-series and premium-series memory optimized hardware,https://learn.microsoft.com/azure/azure-sql/database/resource-limits-vcore-single-databases,https://aka.ms/AAiq28n,,"1. Purchasing model: vCore is the model Microsoft recommends. Choose it when you value flexibility, control, and transparency, want to scale compute and storage independently, or want to apply Azure Hybrid Benefit or reserved capacity pricing. | 2. Choose over standard-series when you want a guarantee of running on newer CPUs; standard-series gives no such guarantee and may be placed on older hardware. | 3. Choose when a single Hyperscale database or pool needs more than the 80 vCores that standard-series tops out at - premium-series reaches 128. | 4. Cost is not a reason to avoid it: there is no price difference between premium-series and standard-series at the same vCore count. | 5. Check regional availability first - premium-series is not offered in every region, whereas standard-series is. | 6. Also available for Hyperscale elastic pools, so use it when pooled Hyperscale databases need the same CPU guarantee.",https://learn.microsoft.com/azure/azure-sql/database/purchasing-models | https://learn.microsoft.com/azure/azure-sql/database/service-tiers-sql-database-vcore | https://learn.microsoft.com/azure/azure-sql/database/resource-limits-vcore-single-databases
HS_PRMS_16,Azure SQL Database,Single database / Elastic pool,vCore,Hyperscale,Provisioned,Premium-series,vCore,16,83.0,published,Generally available,2023-07,2022,2023-07,high,sqldb-hs-premium,Hyperscale premium-series and premium-series memory optimized hardware,https://learn.microsoft.com/azure/azure-sql/database/resource-limits-vcore-single-databases,https://aka.ms/AAiq28n,,"1. Purchasing model: vCore is the model Microsoft recommends. Choose it when you value flexibility, control, and transparency, want to scale compute and storage independently, or want to apply Azure Hybrid Benefit or reserved capacity pricing. | 2. Choose over standard-series when you want a guarantee of running on newer CPUs; standard-series gives no such guarantee and may be placed on older hardware. | 3. Choose when a single Hyperscale database or pool needs more than the 80 vCores that standard-series tops out at - premium-series reaches 128. | 4. Cost is not a reason to avoid it: there is no price difference between premium-series and standard-series at the same vCore count. | 5. Check regional availability first - premium-series is not offered in every region, whereas standard-series is. | 6. Also available for Hyperscale elastic pools, so use it when pooled Hyperscale databases need the same CPU guarantee.",https://learn.microsoft.com/azure/azure-sql/database/purchasing-models | https://learn.microsoft.com/azure/azure-sql/database/service-tiers-sql-database-vcore | https://learn.microsoft.com/azure/azure-sql/database/resource-limits-vcore-single-databases
HS_PRMS_18,Azure SQL Database,Single database / Elastic pool,vCore,Hyperscale,Provisioned,Premium-series,vCore,18,93.4,published,Generally available,2023-07,2022,2023-07,high,sqldb-hs-premium,Hyperscale premium-series and premium-series memory optimized hardware,https://learn.microsoft.com/azure/azure-sql/database/resource-limits-vcore-single-databases,https://aka.ms/AAiq28n,,"1. Purchasing model: vCore is the model Microsoft recommends. Choose it when you value flexibility, control, and transparency, want to scale compute and storage independently, or want to apply Azure Hybrid Benefit or reserved capacity pricing. | 2. Choose over standard-series when you want a guarantee of running on newer CPUs; standard-series gives no such guarantee and may be placed on older hardware. | 3. Choose when a single Hyperscale database or pool needs more than the 80 vCores that standard-series tops out at - premium-series reaches 128. | 4. Cost is not a reason to avoid it: there is no price difference between premium-series and standard-series at the same vCore count. | 5. Check regional availability first - premium-series is not offered in every region, whereas standard-series is. | 6. Also available for Hyperscale elastic pools, so use it when pooled Hyperscale databases need the same CPU guarantee.",https://learn.microsoft.com/azure/azure-sql/database/purchasing-models | https://learn.microsoft.com/azure/azure-sql/database/service-tiers-sql-database-vcore | https://learn.microsoft.com/azure/azure-sql/database/resource-limits-vcore-single-databases
HS_PRMS_20,Azure SQL Database,Single database / Elastic pool,vCore,Hyperscale,Provisioned,Premium-series,vCore,20,103.8,published,Generally available,2023-07,2022,2023-07,high,sqldb-hs-premium,Hyperscale premium-series and premium-series memory optimized hardware,https://learn.microsoft.com/azure/azure-sql/database/resource-limits-vcore-single-databases,https://aka.ms/AAiq28n,,"1. Purchasing model: vCore is the model Microsoft recommends. Choose it when you value flexibility, control, and transparency, want to scale compute and storage independently, or want to apply Azure Hybrid Benefit or reserved capacity pricing. | 2. Choose over standard-series when you want a guarantee of running on newer CPUs; standard-series gives no such guarantee and may be placed on older hardware. | 3. Choose when a single Hyperscale database or pool needs more than the 80 vCores that standard-series tops out at - premium-series reaches 128. | 4. Cost is not a reason to avoid it: there is no price difference between premium-series and standard-series at the same vCore count. | 5. Check regional availability first - premium-series is not offered in every region, whereas standard-series is. | 6. Also available for Hyperscale elastic pools, so use it when pooled Hyperscale databases need the same CPU guarantee.",https://learn.microsoft.com/azure/azure-sql/database/purchasing-models | https://learn.microsoft.com/azure/azure-sql/database/service-tiers-sql-database-vcore | https://learn.microsoft.com/azure/azure-sql/database/resource-limits-vcore-single-databases
HS_PRMS_24,Azure SQL Database,Single database / Elastic pool,vCore,Hyperscale,Provisioned,Premium-series,vCore,24,124.6,published,Generally available,2023-07,2022,2023-07,high,sqldb-hs-premium,Hyperscale premium-series and premium-series memory optimized hardware,https://learn.microsoft.com/azure/azure-sql/database/resource-limits-vcore-single-databases,https://aka.ms/AAiq28n,,"1. Purchasing model: vCore is the model Microsoft recommends. Choose it when you value flexibility, control, and transparency, want to scale compute and storage independently, or want to apply Azure Hybrid Benefit or reserved capacity pricing. | 2. Choose over standard-series when you want a guarantee of running on newer CPUs; standard-series gives no such guarantee and may be placed on older hardware. | 3. Choose when a single Hyperscale database or pool needs more than the 80 vCores that standard-series tops out at - premium-series reaches 128. | 4. Cost is not a reason to avoid it: there is no price difference between premium-series and standard-series at the same vCore count. | 5. Check regional availability first - premium-series is not offered in every region, whereas standard-series is. | 6. Also available for Hyperscale elastic pools, so use it when pooled Hyperscale databases need the same CPU guarantee.",https://learn.microsoft.com/azure/azure-sql/database/purchasing-models | https://learn.microsoft.com/azure/azure-sql/database/service-tiers-sql-database-vcore | https://learn.microsoft.com/azure/azure-sql/database/resource-limits-vcore-single-databases
HS_PRMS_32,Azure SQL Database,Single database / Elastic pool,vCore,Hyperscale,Provisioned,Premium-series,vCore,32,166.1,published,Generally available,2023-07,2022,2023-07,high,sqldb-hs-premium,Hyperscale premium-series and premium-series memory optimized hardware,https://learn.microsoft.com/azure/azure-sql/database/resource-limits-vcore-single-databases,https://aka.ms/AAiq28n,,"1. Purchasing model: vCore is the model Microsoft recommends. Choose it when you value flexibility, control, and transparency, want to scale compute and storage independently, or want to apply Azure Hybrid Benefit or reserved capacity pricing. | 2. Choose over standard-series when you want a guarantee of running on newer CPUs; standard-series gives no such guarantee and may be placed on older hardware. | 3. Choose when a single Hyperscale database or pool needs more than the 80 vCores that standard-series tops out at - premium-series reaches 128. | 4. Cost is not a reason to avoid it: there is no price difference between premium-series and standard-series at the same vCore count. | 5. Check regional availability first - premium-series is not offered in every region, whereas standard-series is. | 6. Also available for Hyperscale elastic pools, so use it when pooled Hyperscale databases need the same CPU guarantee.",https://learn.microsoft.com/azure/azure-sql/database/purchasing-models | https://learn.microsoft.com/azure/azure-sql/database/service-tiers-sql-database-vcore | https://learn.microsoft.com/azure/azure-sql/database/resource-limits-vcore-single-databases
HS_PRMS_40,Azure SQL Database,Single database / Elastic pool,vCore,Hyperscale,Provisioned,Premium-series,vCore,40,207.6,published,Generally available,2023-07,2022,2023-07,high,sqldb-hs-premium,Hyperscale premium-series and premium-series memory optimized hardware,https://learn.microsoft.com/azure/azure-sql/database/resource-limits-vcore-single-databases,https://aka.ms/AAiq28n,,"1. Purchasing model: vCore is the model Microsoft recommends. Choose it when you value flexibility, control, and transparency, want to scale compute and storage independently, or want to apply Azure Hybrid Benefit or reserved capacity pricing. | 2. Choose over standard-series when you want a guarantee of running on newer CPUs; standard-series gives no such guarantee and may be placed on older hardware. | 3. Choose when a single Hyperscale database or pool needs more than the 80 vCores that standard-series tops out at - premium-series reaches 128. | 4. Cost is not a reason to avoid it: there is no price difference between premium-series and standard-series at the same vCore count. | 5. Check regional availability first - premium-series is not offered in every region, whereas standard-series is. | 6. Also available for Hyperscale elastic pools, so use it when pooled Hyperscale databases need the same CPU guarantee.",https://learn.microsoft.com/azure/azure-sql/database/purchasing-models | https://learn.microsoft.com/azure/azure-sql/database/service-tiers-sql-database-vcore | https://learn.microsoft.com/azure/azure-sql/database/resource-limits-vcore-single-databases
HS_PRMS_64,Azure SQL Database,Single database / Elastic pool,vCore,Hyperscale,Provisioned,Premium-series,vCore,64,332.2,published,Generally available,2023-06,,2023-06,high,sqldb-hs-premium-64,64 vCore option for Hyperscale premium-series and memory optimized premium-series,https://learn.microsoft.com/azure/azure-sql/database/resource-limits-vcore-single-databases,https://learn.microsoft.com/azure/azure-sql/database/doc-changes-updates-release-notes-whats-new-archive,,"1. Purchasing model: vCore is the model Microsoft recommends. Choose it when you value flexibility, control, and transparency, want to scale compute and storage independently, or want to apply Azure Hybrid Benefit or reserved capacity pricing. | 2. Choose over standard-series when you want a guarantee of running on newer CPUs; standard-series gives no such guarantee and may be placed on older hardware. | 3. Choose when a single Hyperscale database or pool needs more than the 80 vCores that standard-series tops out at - premium-series reaches 128. | 4. Cost is not a reason to avoid it: there is no price difference between premium-series and standard-series at the same vCore count. | 5. Check regional availability first - premium-series is not offered in every region, whereas standard-series is. | 6. Also available for Hyperscale elastic pools, so use it when pooled Hyperscale databases need the same CPU guarantee.",https://learn.microsoft.com/azure/azure-sql/database/purchasing-models | https://learn.microsoft.com/azure/azure-sql/database/service-tiers-sql-database-vcore | https://learn.microsoft.com/azure/azure-sql/database/resource-limits-vcore-single-databases
HS_PRMS_80,Azure SQL Database,Single database / Elastic pool,vCore,Hyperscale,Provisioned,Premium-series,vCore,80,415.2,published,Generally available,2023-07,2022,2023-07,high,sqldb-hs-premium,Hyperscale premium-series and premium-series memory optimized hardware,https://learn.microsoft.com/azure/azure-sql/database/resource-limits-vcore-single-databases,https://aka.ms/AAiq28n,,"1. Purchasing model: vCore is the model Microsoft recommends. Choose it when you value flexibility, control, and transparency, want to scale compute and storage independently, or want to apply Azure Hybrid Benefit or reserved capacity pricing. | 2. Choose over standard-series when you want a guarantee of running on newer CPUs; standard-series gives no such guarantee and may be placed on older hardware. | 3. Choose when a single Hyperscale database or pool needs more than the 80 vCores that standard-series tops out at - premium-series reaches 128. | 4. Cost is not a reason to avoid it: there is no price difference between premium-series and standard-series at the same vCore count. | 5. Check regional availability first - premium-series is not offered in every region, whereas standard-series is. | 6. Also available for Hyperscale elastic pools, so use it when pooled Hyperscale databases need the same CPU guarantee.",https://learn.microsoft.com/azure/azure-sql/database/purchasing-models | https://learn.microsoft.com/azure/azure-sql/database/service-tiers-sql-database-vcore | https://learn.microsoft.com/azure/azure-sql/database/resource-limits-vcore-single-databases
HS_PRMS_128,Azure SQL Database,Single database / Elastic pool,vCore,Hyperscale,Provisioned,Premium-series,vCore,128,625.0,published,Generally available,2023-07,2022,2023-07,high,sqldb-hs-premium,Hyperscale premium-series and premium-series memory optimized hardware,https://learn.microsoft.com/azure/azure-sql/database/resource-limits-vcore-single-databases,https://aka.ms/AAiq28n,,"1. Purchasing model: vCore is the model Microsoft recommends. Choose it when you value flexibility, control, and transparency, want to scale compute and storage independently, or want to apply Azure Hybrid Benefit or reserved capacity pricing. | 2. Choose over standard-series when you want a guarantee of running on newer CPUs; standard-series gives no such guarantee and may be placed on older hardware. | 3. Choose when a single Hyperscale database or pool needs more than the 80 vCores that standard-series tops out at - premium-series reaches 128. | 4. Cost is not a reason to avoid it: there is no price difference between premium-series and standard-series at the same vCore count. | 5. Check regional availability first - premium-series is not offered in every region, whereas standard-series is. | 6. Also available for Hyperscale elastic pools, so use it when pooled Hyperscale databases need the same CPU guarantee.",https://learn.microsoft.com/azure/azure-sql/database/purchasing-models | https://learn.microsoft.com/azure/azure-sql/database/service-tiers-sql-database-vcore | https://learn.microsoft.com/azure/azure-sql/database/resource-limits-vcore-single-databases
HS_PRMS_160,Azure SQL Database,Single database / Elastic pool,vCore,Hyperscale,Provisioned,Premium-series,vCore,160,830.4,published,Public preview,2026-03,2026-03,,high,sqldb-hs-premium-160-192,160 and 192 vCore options for Hyperscale premium-series,https://learn.microsoft.com/azure/azure-sql/database/resource-limits-vcore-single-databases,https://techcommunity.microsoft.com/blog/azuresqlblog/announcing-preview-of-160-and-192vcore-premium-series-options-for-azure-sql-data/4501367,Preview only as of the catalog date. Available for single databases and Hyperscale elastic pools.,"1. Purchasing model: vCore is the model Microsoft recommends. Choose it when you value flexibility, control, and transparency, want to scale compute and storage independently, or want to apply Azure Hybrid Benefit or reserved capacity pricing. | 2. Preview only - do not use for production unless you accept the Azure preview supplemental terms of use. | 3. Use when a single Hyperscale database or a Hyperscale elastic pool needs more than the 128 vCores available at general availability. | 4. Available for both single Hyperscale databases and Hyperscale elastic pools on premium-series hardware.",https://learn.microsoft.com/azure/azure-sql/database/purchasing-models | https://learn.microsoft.com/azure/azure-sql/database/service-tiers-sql-database-vcore | https://aka.ms/PRMS192vCores
HS_PRMS_192,Azure SQL Database,Single database / Elastic pool,vCore,Hyperscale,Provisioned,Premium-series,vCore,192,843.7,published,Public preview,2026-03,2026-03,,high,sqldb-hs-premium-160-192,160 and 192 vCore options for Hyperscale premium-series,https://learn.microsoft.com/azure/azure-sql/database/resource-limits-vcore-single-databases,https://techcommunity.microsoft.com/blog/azuresqlblog/announcing-preview-of-160-and-192vcore-premium-series-options-for-azure-sql-data/4501367,Preview only as of the catalog date. Available for single databases and Hyperscale elastic pools.,"1. Purchasing model: vCore is the model Microsoft recommends. Choose it when you value flexibility, control, and transparency, want to scale compute and storage independently, or want to apply Azure Hybrid Benefit or reserved capacity pricing. | 2. Preview only - do not use for production unless you accept the Azure preview supplemental terms of use. | 3. Use when a single Hyperscale database or a Hyperscale elastic pool needs more than the 128 vCores available at general availability. | 4. Available for both single Hyperscale databases and Hyperscale elastic pools on premium-series hardware.",https://learn.microsoft.com/azure/azure-sql/database/purchasing-models | https://learn.microsoft.com/azure/azure-sql/database/service-tiers-sql-database-vcore | https://aka.ms/PRMS192vCores
HS_Gen5_2,Azure SQL Database,Single database / Elastic pool,vCore,Hyperscale,Provisioned,Standard-series (Gen5),vCore,2,10.4,published,Generally available,2019-05,2018-10,2019-05,medium,sqldb-hyperscale,Hyperscale service tier,https://learn.microsoft.com/azure/azure-sql/database/resource-limits-vcore-single-databases,https://azure.microsoft.com/en-us/blog/announcing-azure-sql-database-hyperscale-public-preview/,,"1. Purchasing model: vCore is the model Microsoft recommends. Choose it when you value flexibility, control, and transparency, want to scale compute and storage independently, or want to apply Azure Hybrid Benefit or reserved capacity pricing. | 2. Microsoft's recommended and default service tier for all new and modernizing OLTP and HTAP workloads, not only large databases. | 3. Use when the database may grow past the 4 TB ceiling of General Purpose and Business Critical - Hyperscale scales to 128 TB. | 4. Use when you want to pay only for allocated data storage rather than a provisioned maximum, with a 10 GB minimum and no charge for log storage. | 5. Use when you want to choose the number of high availability replicas from 0 to 4 to trade resiliency against cost. | 6. Use when you need read scale-out through named replicas, fast scaling without waiting for data to copy, or fast restore of a large database. | 7. Do not choose it if the workload requires In-Memory OLTP tables, which Hyperscale does not support. | 8. Note that Azure Hybrid Benefit is not available for new Hyperscale databases as of December 2023.",https://learn.microsoft.com/azure/azure-sql/database/purchasing-models | https://learn.microsoft.com/azure/azure-sql/database/service-tiers-sql-database-vcore | https://learn.microsoft.com/azure/azure-sql/database/service-tier-hyperscale
HS_Gen5_4,Azure SQL Database,Single database / Elastic pool,vCore,Hyperscale,Provisioned,Standard-series (Gen5),vCore,4,20.8,published,Generally available,2019-05,2018-10,2019-05,medium,sqldb-hyperscale,Hyperscale service tier,https://learn.microsoft.com/azure/azure-sql/database/resource-limits-vcore-single-databases,https://azure.microsoft.com/en-us/blog/announcing-azure-sql-database-hyperscale-public-preview/,,"1. Purchasing model: vCore is the model Microsoft recommends. Choose it when you value flexibility, control, and transparency, want to scale compute and storage independently, or want to apply Azure Hybrid Benefit or reserved capacity pricing. | 2. Microsoft's recommended and default service tier for all new and modernizing OLTP and HTAP workloads, not only large databases. | 3. Use when the database may grow past the 4 TB ceiling of General Purpose and Business Critical - Hyperscale scales to 128 TB. | 4. Use when you want to pay only for allocated data storage rather than a provisioned maximum, with a 10 GB minimum and no charge for log storage. | 5. Use when you want to choose the number of high availability replicas from 0 to 4 to trade resiliency against cost. | 6. Use when you need read scale-out through named replicas, fast scaling without waiting for data to copy, or fast restore of a large database. | 7. Do not choose it if the workload requires In-Memory OLTP tables, which Hyperscale does not support. | 8. Note that Azure Hybrid Benefit is not available for new Hyperscale databases as of December 2023.",https://learn.microsoft.com/azure/azure-sql/database/purchasing-models | https://learn.microsoft.com/azure/azure-sql/database/service-tiers-sql-database-vcore | https://learn.microsoft.com/azure/azure-sql/database/service-tier-hyperscale
HS_Gen5_6,Azure SQL Database,Single database / Elastic pool,vCore,Hyperscale,Provisioned,Standard-series (Gen5),vCore,6,31.1,published,Generally available,2019-05,2018-10,2019-05,medium,sqldb-hyperscale,Hyperscale service tier,https://learn.microsoft.com/azure/azure-sql/database/resource-limits-vcore-single-databases,https://azure.microsoft.com/en-us/blog/announcing-azure-sql-database-hyperscale-public-preview/,,"1. Purchasing model: vCore is the model Microsoft recommends. Choose it when you value flexibility, control, and transparency, want to scale compute and storage independently, or want to apply Azure Hybrid Benefit or reserved capacity pricing. | 2. Microsoft's recommended and default service tier for all new and modernizing OLTP and HTAP workloads, not only large databases. | 3. Use when the database may grow past the 4 TB ceiling of General Purpose and Business Critical - Hyperscale scales to 128 TB. | 4. Use when you want to pay only for allocated data storage rather than a provisioned maximum, with a 10 GB minimum and no charge for log storage. | 5. Use when you want to choose the number of high availability replicas from 0 to 4 to trade resiliency against cost. | 6. Use when you need read scale-out through named replicas, fast scaling without waiting for data to copy, or fast restore of a large database. | 7. Do not choose it if the workload requires In-Memory OLTP tables, which Hyperscale does not support. | 8. Note that Azure Hybrid Benefit is not available for new Hyperscale databases as of December 2023.",https://learn.microsoft.com/azure/azure-sql/database/purchasing-models | https://learn.microsoft.com/azure/azure-sql/database/service-tiers-sql-database-vcore | https://learn.microsoft.com/azure/azure-sql/database/service-tier-hyperscale
HS_Gen5_8,Azure SQL Database,Single database / Elastic pool,vCore,Hyperscale,Provisioned,Standard-series (Gen5),vCore,8,41.5,published,Generally available,2019-05,2018-10,2019-05,medium,sqldb-hyperscale,Hyperscale service tier,https://learn.microsoft.com/azure/azure-sql/database/resource-limits-vcore-single-databases,https://azure.microsoft.com/en-us/blog/announcing-azure-sql-database-hyperscale-public-preview/,,"1. Purchasing model: vCore is the model Microsoft recommends. Choose it when you value flexibility, control, and transparency, want to scale compute and storage independently, or want to apply Azure Hybrid Benefit or reserved capacity pricing. | 2. Microsoft's recommended and default service tier for all new and modernizing OLTP and HTAP workloads, not only large databases. | 3. Use when the database may grow past the 4 TB ceiling of General Purpose and Business Critical - Hyperscale scales to 128 TB. | 4. Use when you want to pay only for allocated data storage rather than a provisioned maximum, with a 10 GB minimum and no charge for log storage. | 5. Use when you want to choose the number of high availability replicas from 0 to 4 to trade resiliency against cost. | 6. Use when you need read scale-out through named replicas, fast scaling without waiting for data to copy, or fast restore of a large database. | 7. Do not choose it if the workload requires In-Memory OLTP tables, which Hyperscale does not support. | 8. Note that Azure Hybrid Benefit is not available for new Hyperscale databases as of December 2023.",https://learn.microsoft.com/azure/azure-sql/database/purchasing-models | https://learn.microsoft.com/azure/azure-sql/database/service-tiers-sql-database-vcore | https://learn.microsoft.com/azure/azure-sql/database/service-tier-hyperscale
HS_Gen5_10,Azure SQL Database,Single database / Elastic pool,vCore,Hyperscale,Provisioned,Standard-series (Gen5),vCore,10,51.9,published,Generally available,2019-05,2018-10,2019-05,medium,sqldb-hyperscale,Hyperscale service tier,https://learn.microsoft.com/azure/azure-sql/database/resource-limits-vcore-single-databases,https://azure.microsoft.com/en-us/blog/announcing-azure-sql-database-hyperscale-public-preview/,,"1. Purchasing model: vCore is the model Microsoft recommends. Choose it when you value flexibility, control, and transparency, want to scale compute and storage independently, or want to apply Azure Hybrid Benefit or reserved capacity pricing. | 2. Microsoft's recommended and default service tier for all new and modernizing OLTP and HTAP workloads, not only large databases. | 3. Use when the database may grow past the 4 TB ceiling of General Purpose and Business Critical - Hyperscale scales to 128 TB. | 4. Use when you want to pay only for allocated data storage rather than a provisioned maximum, with a 10 GB minimum and no charge for log storage. | 5. Use when you want to choose the number of high availability replicas from 0 to 4 to trade resiliency against cost. | 6. Use when you need read scale-out through named replicas, fast scaling without waiting for data to copy, or fast restore of a large database. | 7. Do not choose it if the workload requires In-Memory OLTP tables, which Hyperscale does not support. | 8. Note that Azure Hybrid Benefit is not available for new Hyperscale databases as of December 2023.",https://learn.microsoft.com/azure/azure-sql/database/purchasing-models | https://learn.microsoft.com/azure/azure-sql/database/service-tiers-sql-database-vcore | https://learn.microsoft.com/azure/azure-sql/database/service-tier-hyperscale
HS_Gen5_12,Azure SQL Database,Single database / Elastic pool,vCore,Hyperscale,Provisioned,Standard-series (Gen5),vCore,12,62.3,published,Generally available,2019-05,2018-10,2019-05,medium,sqldb-hyperscale,Hyperscale service tier,https://learn.microsoft.com/azure/azure-sql/database/resource-limits-vcore-single-databases,https://azure.microsoft.com/en-us/blog/announcing-azure-sql-database-hyperscale-public-preview/,,"1. Purchasing model: vCore is the model Microsoft recommends. Choose it when you value flexibility, control, and transparency, want to scale compute and storage independently, or want to apply Azure Hybrid Benefit or reserved capacity pricing. | 2. Microsoft's recommended and default service tier for all new and modernizing OLTP and HTAP workloads, not only large databases. | 3. Use when the database may grow past the 4 TB ceiling of General Purpose and Business Critical - Hyperscale scales to 128 TB. | 4. Use when you want to pay only for allocated data storage rather than a provisioned maximum, with a 10 GB minimum and no charge for log storage. | 5. Use when you want to choose the number of high availability replicas from 0 to 4 to trade resiliency against cost. | 6. Use when you need read scale-out through named replicas, fast scaling without waiting for data to copy, or fast restore of a large database. | 7. Do not choose it if the workload requires In-Memory OLTP tables, which Hyperscale does not support. | 8. Note that Azure Hybrid Benefit is not available for new Hyperscale databases as of December 2023.",https://learn.microsoft.com/azure/azure-sql/database/purchasing-models | https://learn.microsoft.com/azure/azure-sql/database/service-tiers-sql-database-vcore | https://learn.microsoft.com/azure/azure-sql/database/service-tier-hyperscale
HS_Gen5_14,Azure SQL Database,Single database / Elastic pool,vCore,Hyperscale,Provisioned,Standard-series (Gen5),vCore,14,72.7,published,Generally available,2019-05,2018-10,2019-05,medium,sqldb-hyperscale,Hyperscale service tier,https://learn.microsoft.com/azure/azure-sql/database/resource-limits-vcore-single-databases,https://azure.microsoft.com/en-us/blog/announcing-azure-sql-database-hyperscale-public-preview/,,"1. Purchasing model: vCore is the model Microsoft recommends. Choose it when you value flexibility, control, and transparency, want to scale compute and storage independently, or want to apply Azure Hybrid Benefit or reserved capacity pricing. | 2. Microsoft's recommended and default service tier for all new and modernizing OLTP and HTAP workloads, not only large databases. | 3. Use when the database may grow past the 4 TB ceiling of General Purpose and Business Critical - Hyperscale scales to 128 TB. | 4. Use when you want to pay only for allocated data storage rather than a provisioned maximum, with a 10 GB minimum and no charge for log storage. | 5. Use when you want to choose the number of high availability replicas from 0 to 4 to trade resiliency against cost. | 6. Use when you need read scale-out through named replicas, fast scaling without waiting for data to copy, or fast restore of a large database. | 7. Do not choose it if the workload requires In-Memory OLTP tables, which Hyperscale does not support. | 8. Note that Azure Hybrid Benefit is not available for new Hyperscale databases as of December 2023.",https://learn.microsoft.com/azure/azure-sql/database/purchasing-models | https://learn.microsoft.com/azure/azure-sql/database/service-tiers-sql-database-vcore | https://learn.microsoft.com/azure/azure-sql/database/service-tier-hyperscale
HS_Gen5_16,Azure SQL Database,Single database / Elastic pool,vCore,Hyperscale,Provisioned,Standard-series (Gen5),vCore,16,83.0,published,Generally available,2019-05,2018-10,2019-05,medium,sqldb-hyperscale,Hyperscale service tier,https://learn.microsoft.com/azure/azure-sql/database/resource-limits-vcore-single-databases,https://azure.microsoft.com/en-us/blog/announcing-azure-sql-database-hyperscale-public-preview/,,"1. Purchasing model: vCore is the model Microsoft recommends. Choose it when you value flexibility, control, and transparency, want to scale compute and storage independently, or want to apply Azure Hybrid Benefit or reserved capacity pricing. | 2. Microsoft's recommended and default service tier for all new and modernizing OLTP and HTAP workloads, not only large databases. | 3. Use when the database may grow past the 4 TB ceiling of General Purpose and Business Critical - Hyperscale scales to 128 TB. | 4. Use when you want to pay only for allocated data storage rather than a provisioned maximum, with a 10 GB minimum and no charge for log storage. | 5. Use when you want to choose the number of high availability replicas from 0 to 4 to trade resiliency against cost. | 6. Use when you need read scale-out through named replicas, fast scaling without waiting for data to copy, or fast restore of a large database. | 7. Do not choose it if the workload requires In-Memory OLTP tables, which Hyperscale does not support. | 8. Note that Azure Hybrid Benefit is not available for new Hyperscale databases as of December 2023.",https://learn.microsoft.com/azure/azure-sql/database/purchasing-models | https://learn.microsoft.com/azure/azure-sql/database/service-tiers-sql-database-vcore | https://learn.microsoft.com/azure/azure-sql/database/service-tier-hyperscale
HS_Gen5_18,Azure SQL Database,Single database / Elastic pool,vCore,Hyperscale,Provisioned,Standard-series (Gen5),vCore,18,93.4,published,Generally available,2019-05,2018-10,2019-05,medium,sqldb-hyperscale,Hyperscale service tier,https://learn.microsoft.com/azure/azure-sql/database/resource-limits-vcore-single-databases,https://azure.microsoft.com/en-us/blog/announcing-azure-sql-database-hyperscale-public-preview/,,"1. Purchasing model: vCore is the model Microsoft recommends. Choose it when you value flexibility, control, and transparency, want to scale compute and storage independently, or want to apply Azure Hybrid Benefit or reserved capacity pricing. | 2. Microsoft's recommended and default service tier for all new and modernizing OLTP and HTAP workloads, not only large databases. | 3. Use when the database may grow past the 4 TB ceiling of General Purpose and Business Critical - Hyperscale scales to 128 TB. | 4. Use when you want to pay only for allocated data storage rather than a provisioned maximum, with a 10 GB minimum and no charge for log storage. | 5. Use when you want to choose the number of high availability replicas from 0 to 4 to trade resiliency against cost. | 6. Use when you need read scale-out through named replicas, fast scaling without waiting for data to copy, or fast restore of a large database. | 7. Do not choose it if the workload requires In-Memory OLTP tables, which Hyperscale does not support. | 8. Note that Azure Hybrid Benefit is not available for new Hyperscale databases as of December 2023.",https://learn.microsoft.com/azure/azure-sql/database/purchasing-models | https://learn.microsoft.com/azure/azure-sql/database/service-tiers-sql-database-vcore | https://learn.microsoft.com/azure/azure-sql/database/service-tier-hyperscale
HS_Gen5_20,Azure SQL Database,Single database / Elastic pool,vCore,Hyperscale,Provisioned,Standard-series (Gen5),vCore,20,103.8,published,Generally available,2019-05,2018-10,2019-05,medium,sqldb-hyperscale,Hyperscale service tier,https://learn.microsoft.com/azure/azure-sql/database/resource-limits-vcore-single-databases,https://azure.microsoft.com/en-us/blog/announcing-azure-sql-database-hyperscale-public-preview/,,"1. Purchasing model: vCore is the model Microsoft recommends. Choose it when you value flexibility, control, and transparency, want to scale compute and storage independently, or want to apply Azure Hybrid Benefit or reserved capacity pricing. | 2. Microsoft's recommended and default service tier for all new and modernizing OLTP and HTAP workloads, not only large databases. | 3. Use when the database may grow past the 4 TB ceiling of General Purpose and Business Critical - Hyperscale scales to 128 TB. | 4. Use when you want to pay only for allocated data storage rather than a provisioned maximum, with a 10 GB minimum and no charge for log storage. | 5. Use when you want to choose the number of high availability replicas from 0 to 4 to trade resiliency against cost. | 6. Use when you need read scale-out through named replicas, fast scaling without waiting for data to copy, or fast restore of a large database. | 7. Do not choose it if the workload requires In-Memory OLTP tables, which Hyperscale does not support. | 8. Note that Azure Hybrid Benefit is not available for new Hyperscale databases as of December 2023.",https://learn.microsoft.com/azure/azure-sql/database/purchasing-models | https://learn.microsoft.com/azure/azure-sql/database/service-tiers-sql-database-vcore | https://learn.microsoft.com/azure/azure-sql/database/service-tier-hyperscale
HS_Gen5_24,Azure SQL Database,Single database / Elastic pool,vCore,Hyperscale,Provisioned,Standard-series (Gen5),vCore,24,124.6,published,Generally available,2019-05,2018-10,2019-05,medium,sqldb-hyperscale,Hyperscale service tier,https://learn.microsoft.com/azure/azure-sql/database/resource-limits-vcore-single-databases,https://azure.microsoft.com/en-us/blog/announcing-azure-sql-database-hyperscale-public-preview/,,"1. Purchasing model: vCore is the model Microsoft recommends. Choose it when you value flexibility, control, and transparency, want to scale compute and storage independently, or want to apply Azure Hybrid Benefit or reserved capacity pricing. | 2. Microsoft's recommended and default service tier for all new and modernizing OLTP and HTAP workloads, not only large databases. | 3. Use when the database may grow past the 4 TB ceiling of General Purpose and Business Critical - Hyperscale scales to 128 TB. | 4. Use when you want to pay only for allocated data storage rather than a provisioned maximum, with a 10 GB minimum and no charge for log storage. | 5. Use when you want to choose the number of high availability replicas from 0 to 4 to trade resiliency against cost. | 6. Use when you need read scale-out through named replicas, fast scaling without waiting for data to copy, or fast restore of a large database. | 7. Do not choose it if the workload requires In-Memory OLTP tables, which Hyperscale does not support. | 8. Note that Azure Hybrid Benefit is not available for new Hyperscale databases as of December 2023.",https://learn.microsoft.com/azure/azure-sql/database/purchasing-models | https://learn.microsoft.com/azure/azure-sql/database/service-tiers-sql-database-vcore | https://learn.microsoft.com/azure/azure-sql/database/service-tier-hyperscale
HS_Gen5_32,Azure SQL Database,Single database / Elastic pool,vCore,Hyperscale,Provisioned,Standard-series (Gen5),vCore,32,166.1,published,Generally available,2019-05,2018-10,2019-05,medium,sqldb-hyperscale,Hyperscale service tier,https://learn.microsoft.com/azure/azure-sql/database/resource-limits-vcore-single-databases,https://azure.microsoft.com/en-us/blog/announcing-azure-sql-database-hyperscale-public-preview/,,"1. Purchasing model: vCore is the model Microsoft recommends. Choose it when you value flexibility, control, and transparency, want to scale compute and storage independently, or want to apply Azure Hybrid Benefit or reserved capacity pricing. | 2. Microsoft's recommended and default service tier for all new and modernizing OLTP and HTAP workloads, not only large databases. | 3. Use when the database may grow past the 4 TB ceiling of General Purpose and Business Critical - Hyperscale scales to 128 TB. | 4. Use when you want to pay only for allocated data storage rather than a provisioned maximum, with a 10 GB minimum and no charge for log storage. | 5. Use when you want to choose the number of high availability replicas from 0 to 4 to trade resiliency against cost. | 6. Use when you need read scale-out through named replicas, fast scaling without waiting for data to copy, or fast restore of a large database. | 7. Do not choose it if the workload requires In-Memory OLTP tables, which Hyperscale does not support. | 8. Note that Azure Hybrid Benefit is not available for new Hyperscale databases as of December 2023.",https://learn.microsoft.com/azure/azure-sql/database/purchasing-models | https://learn.microsoft.com/azure/azure-sql/database/service-tiers-sql-database-vcore | https://learn.microsoft.com/azure/azure-sql/database/service-tier-hyperscale
HS_Gen5_40,Azure SQL Database,Single database / Elastic pool,vCore,Hyperscale,Provisioned,Standard-series (Gen5),vCore,40,207.6,published,Generally available,2019-05,2018-10,2019-05,medium,sqldb-hyperscale,Hyperscale service tier,https://learn.microsoft.com/azure/azure-sql/database/resource-limits-vcore-single-databases,https://azure.microsoft.com/en-us/blog/announcing-azure-sql-database-hyperscale-public-preview/,,"1. Purchasing model: vCore is the model Microsoft recommends. Choose it when you value flexibility, control, and transparency, want to scale compute and storage independently, or want to apply Azure Hybrid Benefit or reserved capacity pricing. | 2. Microsoft's recommended and default service tier for all new and modernizing OLTP and HTAP workloads, not only large databases. | 3. Use when the database may grow past the 4 TB ceiling of General Purpose and Business Critical - Hyperscale scales to 128 TB. | 4. Use when you want to pay only for allocated data storage rather than a provisioned maximum, with a 10 GB minimum and no charge for log storage. | 5. Use when you want to choose the number of high availability replicas from 0 to 4 to trade resiliency against cost. | 6. Use when you need read scale-out through named replicas, fast scaling without waiting for data to copy, or fast restore of a large database. | 7. Do not choose it if the workload requires In-Memory OLTP tables, which Hyperscale does not support. | 8. Note that Azure Hybrid Benefit is not available for new Hyperscale databases as of December 2023.",https://learn.microsoft.com/azure/azure-sql/database/purchasing-models | https://learn.microsoft.com/azure/azure-sql/database/service-tiers-sql-database-vcore | https://learn.microsoft.com/azure/azure-sql/database/service-tier-hyperscale
HS_Gen5_80,Azure SQL Database,Single database / Elastic pool,vCore,Hyperscale,Provisioned,Standard-series (Gen5),vCore,80,415.2,published,Generally available,2019-05,2018-10,2019-05,medium,sqldb-hyperscale,Hyperscale service tier,https://learn.microsoft.com/azure/azure-sql/database/resource-limits-vcore-single-databases,https://azure.microsoft.com/en-us/blog/announcing-azure-sql-database-hyperscale-public-preview/,,"1. Purchasing model: vCore is the model Microsoft recommends. Choose it when you value flexibility, control, and transparency, want to scale compute and storage independently, or want to apply Azure Hybrid Benefit or reserved capacity pricing. | 2. Microsoft's recommended and default service tier for all new and modernizing OLTP and HTAP workloads, not only large databases. | 3. Use when the database may grow past the 4 TB ceiling of General Purpose and Business Critical - Hyperscale scales to 128 TB. | 4. Use when you want to pay only for allocated data storage rather than a provisioned maximum, with a 10 GB minimum and no charge for log storage. | 5. Use when you want to choose the number of high availability replicas from 0 to 4 to trade resiliency against cost. | 6. Use when you need read scale-out through named replicas, fast scaling without waiting for data to copy, or fast restore of a large database. | 7. Do not choose it if the workload requires In-Memory OLTP tables, which Hyperscale does not support. | 8. Note that Azure Hybrid Benefit is not available for new Hyperscale databases as of December 2023.",https://learn.microsoft.com/azure/azure-sql/database/purchasing-models | https://learn.microsoft.com/azure/azure-sql/database/service-tiers-sql-database-vcore | https://learn.microsoft.com/azure/azure-sql/database/service-tier-hyperscale
HS_DC_2,Azure SQL Database,Single database / Elastic pool,vCore,Hyperscale,Provisioned,DC-series,vCore,2,9.0,published,Generally available,2021-11,2019,2021-11,low,sqldb-dc-2-8,"DC-series hardware, 2-8 vCores (Intel SGX / Always Encrypted with secure enclaves)",https://learn.microsoft.com/azure/azure-sql/database/resource-limits-vcore-single-databases,https://learn.microsoft.com/azure/azure-sql/database/service-tiers-sql-database-vcore,GA month reconstructed from the DC-series rollout; treat as approximate.,"1. Purchasing model: vCore is the model Microsoft recommends. Choose it when you value flexibility, control, and transparency, want to scale compute and storage independently, or want to apply Azure Hybrid Benefit or reserved capacity pricing. | 2. Choose when you need Always Encrypted with secure enclaves backed by hardware enclaves (Intel SGX) rather than Virtualization-based Security enclaves. | 3. Choose for workloads that process sensitive data and require confidential query processing inside the enclave. | 4. Confirm your subscription qualifies: DC-series requires a paid offer type such as Pay-As-You-Go or Enterprise Agreement. | 5. Do not choose it if you need the serverless compute tier or zone redundancy - DC-series supports neither. | 6. Check regional availability first; DC-series is offered only in selected regions, unlike standard-series. | 7. Size within 2-40 vCores at 4.5 GB of memory per vCore, which is below the 5.1 GB per vCore of standard-series.",https://learn.microsoft.com/azure/azure-sql/database/purchasing-models | https://learn.microsoft.com/azure/azure-sql/database/service-tiers-sql-database-vcore | https://learn.microsoft.com/azure/azure-sql/database/resource-limits-vcore-single-databases
HS_DC_4,Azure SQL Database,Single database / Elastic pool,vCore,Hyperscale,Provisioned,DC-series,vCore,4,18.0,published,Generally available,2021-11,2019,2021-11,low,sqldb-dc-2-8,"DC-series hardware, 2-8 vCores (Intel SGX / Always Encrypted with secure enclaves)",https://learn.microsoft.com/azure/azure-sql/database/resource-limits-vcore-single-databases,https://learn.microsoft.com/azure/azure-sql/database/service-tiers-sql-database-vcore,GA month reconstructed from the DC-series rollout; treat as approximate.,"1. Purchasing model: vCore is the model Microsoft recommends. Choose it when you value flexibility, control, and transparency, want to scale compute and storage independently, or want to apply Azure Hybrid Benefit or reserved capacity pricing. | 2. Choose when you need Always Encrypted with secure enclaves backed by hardware enclaves (Intel SGX) rather than Virtualization-based Security enclaves. | 3. Choose for workloads that process sensitive data and require confidential query processing inside the enclave. | 4. Confirm your subscription qualifies: DC-series requires a paid offer type such as Pay-As-You-Go or Enterprise Agreement. | 5. Do not choose it if you need the serverless compute tier or zone redundancy - DC-series supports neither. | 6. Check regional availability first; DC-series is offered only in selected regions, unlike standard-series. | 7. Size within 2-40 vCores at 4.5 GB of memory per vCore, which is below the 5.1 GB per vCore of standard-series.",https://learn.microsoft.com/azure/azure-sql/database/purchasing-models | https://learn.microsoft.com/azure/azure-sql/database/service-tiers-sql-database-vcore | https://learn.microsoft.com/azure/azure-sql/database/resource-limits-vcore-single-databases
HS_DC_6,Azure SQL Database,Single database / Elastic pool,vCore,Hyperscale,Provisioned,DC-series,vCore,6,27.0,published,Generally available,2021-11,2019,2021-11,low,sqldb-dc-2-8,"DC-series hardware, 2-8 vCores (Intel SGX / Always Encrypted with secure enclaves)",https://learn.microsoft.com/azure/azure-sql/database/resource-limits-vcore-single-databases,https://learn.microsoft.com/azure/azure-sql/database/service-tiers-sql-database-vcore,GA month reconstructed from the DC-series rollout; treat as approximate.,"1. Purchasing model: vCore is the model Microsoft recommends. Choose it when you value flexibility, control, and transparency, want to scale compute and storage independently, or want to apply Azure Hybrid Benefit or reserved capacity pricing. | 2. Choose when you need Always Encrypted with secure enclaves backed by hardware enclaves (Intel SGX) rather than Virtualization-based Security enclaves. | 3. Choose for workloads that process sensitive data and require confidential query processing inside the enclave. | 4. Confirm your subscription qualifies: DC-series requires a paid offer type such as Pay-As-You-Go or Enterprise Agreement. | 5. Do not choose it if you need the serverless compute tier or zone redundancy - DC-series supports neither. | 6. Check regional availability first; DC-series is offered only in selected regions, unlike standard-series. | 7. Size within 2-40 vCores at 4.5 GB of memory per vCore, which is below the 5.1 GB per vCore of standard-series.",https://learn.microsoft.com/azure/azure-sql/database/purchasing-models | https://learn.microsoft.com/azure/azure-sql/database/service-tiers-sql-database-vcore | https://learn.microsoft.com/azure/azure-sql/database/resource-limits-vcore-single-databases
HS_DC_8,Azure SQL Database,Single database / Elastic pool,vCore,Hyperscale,Provisioned,DC-series,vCore,8,36.0,published,Generally available,2021-11,2019,2021-11,low,sqldb-dc-2-8,"DC-series hardware, 2-8 vCores (Intel SGX / Always Encrypted with secure enclaves)",https://learn.microsoft.com/azure/azure-sql/database/resource-limits-vcore-single-databases,https://learn.microsoft.com/azure/azure-sql/database/service-tiers-sql-database-vcore,GA month reconstructed from the DC-series rollout; treat as approximate.,"1. Purchasing model: vCore is the model Microsoft recommends. Choose it when you value flexibility, control, and transparency, want to scale compute and storage independently, or want to apply Azure Hybrid Benefit or reserved capacity pricing. | 2. Choose when you need Always Encrypted with secure enclaves backed by hardware enclaves (Intel SGX) rather than Virtualization-based Security enclaves. | 3. Choose for workloads that process sensitive data and require confidential query processing inside the enclave. | 4. Confirm your subscription qualifies: DC-series requires a paid offer type such as Pay-As-You-Go or Enterprise Agreement. | 5. Do not choose it if you need the serverless compute tier or zone redundancy - DC-series supports neither. | 6. Check regional availability first; DC-series is offered only in selected regions, unlike standard-series. | 7. Size within 2-40 vCores at 4.5 GB of memory per vCore, which is below the 5.1 GB per vCore of standard-series.",https://learn.microsoft.com/azure/azure-sql/database/purchasing-models | https://learn.microsoft.com/azure/azure-sql/database/service-tiers-sql-database-vcore | https://learn.microsoft.com/azure/azure-sql/database/resource-limits-vcore-single-databases
HS_DC_10,Azure SQL Database,Single database / Elastic pool,vCore,Hyperscale,Provisioned,DC-series,vCore,10,45.0,published,Generally available,2023-11,2023-07,2023-11,high,sqldb-dc-10-40,"DC-series hardware, 10-40 vCores",https://learn.microsoft.com/azure/azure-sql/database/resource-limits-vcore-single-databases,https://learn.microsoft.com/azure/azure-sql/database/doc-changes-updates-release-notes-whats-new-archive,,"1. Purchasing model: vCore is the model Microsoft recommends. Choose it when you value flexibility, control, and transparency, want to scale compute and storage independently, or want to apply Azure Hybrid Benefit or reserved capacity pricing. | 2. Choose when you need Always Encrypted with secure enclaves backed by hardware enclaves (Intel SGX) rather than Virtualization-based Security enclaves. | 3. Choose for workloads that process sensitive data and require confidential query processing inside the enclave. | 4. Confirm your subscription qualifies: DC-series requires a paid offer type such as Pay-As-You-Go or Enterprise Agreement. | 5. Do not choose it if you need the serverless compute tier or zone redundancy - DC-series supports neither. | 6. Check regional availability first; DC-series is offered only in selected regions, unlike standard-series. | 7. Size within 2-40 vCores at 4.5 GB of memory per vCore, which is below the 5.1 GB per vCore of standard-series.",https://learn.microsoft.com/azure/azure-sql/database/purchasing-models | https://learn.microsoft.com/azure/azure-sql/database/service-tiers-sql-database-vcore | https://learn.microsoft.com/azure/azure-sql/database/resource-limits-vcore-single-databases
HS_DC_12,Azure SQL Database,Single database / Elastic pool,vCore,Hyperscale,Provisioned,DC-series,vCore,12,54.0,published,Generally available,2023-11,2023-07,2023-11,high,sqldb-dc-10-40,"DC-series hardware, 10-40 vCores",https://learn.microsoft.com/azure/azure-sql/database/resource-limits-vcore-single-databases,https://learn.microsoft.com/azure/azure-sql/database/doc-changes-updates-release-notes-whats-new-archive,,"1. Purchasing model: vCore is the model Microsoft recommends. Choose it when you value flexibility, control, and transparency, want to scale compute and storage independently, or want to apply Azure Hybrid Benefit or reserved capacity pricing. | 2. Choose when you need Always Encrypted with secure enclaves backed by hardware enclaves (Intel SGX) rather than Virtualization-based Security enclaves. | 3. Choose for workloads that process sensitive data and require confidential query processing inside the enclave. | 4. Confirm your subscription qualifies: DC-series requires a paid offer type such as Pay-As-You-Go or Enterprise Agreement. | 5. Do not choose it if you need the serverless compute tier or zone redundancy - DC-series supports neither. | 6. Check regional availability first; DC-series is offered only in selected regions, unlike standard-series. | 7. Size within 2-40 vCores at 4.5 GB of memory per vCore, which is below the 5.1 GB per vCore of standard-series.",https://learn.microsoft.com/azure/azure-sql/database/purchasing-models | https://learn.microsoft.com/azure/azure-sql/database/service-tiers-sql-database-vcore | https://learn.microsoft.com/azure/azure-sql/database/resource-limits-vcore-single-databases
HS_DC_14,Azure SQL Database,Single database / Elastic pool,vCore,Hyperscale,Provisioned,DC-series,vCore,14,63.0,published,Generally available,2023-11,2023-07,2023-11,high,sqldb-dc-10-40,"DC-series hardware, 10-40 vCores",https://learn.microsoft.com/azure/azure-sql/database/resource-limits-vcore-single-databases,https://learn.microsoft.com/azure/azure-sql/database/doc-changes-updates-release-notes-whats-new-archive,,"1. Purchasing model: vCore is the model Microsoft recommends. Choose it when you value flexibility, control, and transparency, want to scale compute and storage independently, or want to apply Azure Hybrid Benefit or reserved capacity pricing. | 2. Choose when you need Always Encrypted with secure enclaves backed by hardware enclaves (Intel SGX) rather than Virtualization-based Security enclaves. | 3. Choose for workloads that process sensitive data and require confidential query processing inside the enclave. | 4. Confirm your subscription qualifies: DC-series requires a paid offer type such as Pay-As-You-Go or Enterprise Agreement. | 5. Do not choose it if you need the serverless compute tier or zone redundancy - DC-series supports neither. | 6. Check regional availability first; DC-series is offered only in selected regions, unlike standard-series. | 7. Size within 2-40 vCores at 4.5 GB of memory per vCore, which is below the 5.1 GB per vCore of standard-series.",https://learn.microsoft.com/azure/azure-sql/database/purchasing-models | https://learn.microsoft.com/azure/azure-sql/database/service-tiers-sql-database-vcore | https://learn.microsoft.com/azure/azure-sql/database/resource-limits-vcore-single-databases
HS_DC_16,Azure SQL Database,Single database / Elastic pool,vCore,Hyperscale,Provisioned,DC-series,vCore,16,72.0,published,Generally available,2023-11,2023-07,2023-11,high,sqldb-dc-10-40,"DC-series hardware, 10-40 vCores",https://learn.microsoft.com/azure/azure-sql/database/resource-limits-vcore-single-databases,https://learn.microsoft.com/azure/azure-sql/database/doc-changes-updates-release-notes-whats-new-archive,,"1. Purchasing model: vCore is the model Microsoft recommends. Choose it when you value flexibility, control, and transparency, want to scale compute and storage independently, or want to apply Azure Hybrid Benefit or reserved capacity pricing. | 2. Choose when you need Always Encrypted with secure enclaves backed by hardware enclaves (Intel SGX) rather than Virtualization-based Security enclaves. | 3. Choose for workloads that process sensitive data and require confidential query processing inside the enclave. | 4. Confirm your subscription qualifies: DC-series requires a paid offer type such as Pay-As-You-Go or Enterprise Agreement. | 5. Do not choose it if you need the serverless compute tier or zone redundancy - DC-series supports neither. | 6. Check regional availability first; DC-series is offered only in selected regions, unlike standard-series. | 7. Size within 2-40 vCores at 4.5 GB of memory per vCore, which is below the 5.1 GB per vCore of standard-series.",https://learn.microsoft.com/azure/azure-sql/database/purchasing-models | https://learn.microsoft.com/azure/azure-sql/database/service-tiers-sql-database-vcore | https://learn.microsoft.com/azure/azure-sql/database/resource-limits-vcore-single-databases
HS_DC_18,Azure SQL Database,Single database / Elastic pool,vCore,Hyperscale,Provisioned,DC-series,vCore,18,81.0,published,Generally available,2023-11,2023-07,2023-11,high,sqldb-dc-10-40,"DC-series hardware, 10-40 vCores",https://learn.microsoft.com/azure/azure-sql/database/resource-limits-vcore-single-databases,https://learn.microsoft.com/azure/azure-sql/database/doc-changes-updates-release-notes-whats-new-archive,,"1. Purchasing model: vCore is the model Microsoft recommends. Choose it when you value flexibility, control, and transparency, want to scale compute and storage independently, or want to apply Azure Hybrid Benefit or reserved capacity pricing. | 2. Choose when you need Always Encrypted with secure enclaves backed by hardware enclaves (Intel SGX) rather than Virtualization-based Security enclaves. | 3. Choose for workloads that process sensitive data and require confidential query processing inside the enclave. | 4. Confirm your subscription qualifies: DC-series requires a paid offer type such as Pay-As-You-Go or Enterprise Agreement. | 5. Do not choose it if you need the serverless compute tier or zone redundancy - DC-series supports neither. | 6. Check regional availability first; DC-series is offered only in selected regions, unlike standard-series. | 7. Size within 2-40 vCores at 4.5 GB of memory per vCore, which is below the 5.1 GB per vCore of standard-series.",https://learn.microsoft.com/azure/azure-sql/database/purchasing-models | https://learn.microsoft.com/azure/azure-sql/database/service-tiers-sql-database-vcore | https://learn.microsoft.com/azure/azure-sql/database/resource-limits-vcore-single-databases
HS_DC_20,Azure SQL Database,Single database / Elastic pool,vCore,Hyperscale,Provisioned,DC-series,vCore,20,90.0,published,Generally available,2023-11,2023-07,2023-11,high,sqldb-dc-10-40,"DC-series hardware, 10-40 vCores",https://learn.microsoft.com/azure/azure-sql/database/resource-limits-vcore-single-databases,https://learn.microsoft.com/azure/azure-sql/database/doc-changes-updates-release-notes-whats-new-archive,,"1. Purchasing model: vCore is the model Microsoft recommends. Choose it when you value flexibility, control, and transparency, want to scale compute and storage independently, or want to apply Azure Hybrid Benefit or reserved capacity pricing. | 2. Choose when you need Always Encrypted with secure enclaves backed by hardware enclaves (Intel SGX) rather than Virtualization-based Security enclaves. | 3. Choose for workloads that process sensitive data and require confidential query processing inside the enclave. | 4. Confirm your subscription qualifies: DC-series requires a paid offer type such as Pay-As-You-Go or Enterprise Agreement. | 5. Do not choose it if you need the serverless compute tier or zone redundancy - DC-series supports neither. | 6. Check regional availability first; DC-series is offered only in selected regions, unlike standard-series. | 7. Size within 2-40 vCores at 4.5 GB of memory per vCore, which is below the 5.1 GB per vCore of standard-series.",https://learn.microsoft.com/azure/azure-sql/database/purchasing-models | https://learn.microsoft.com/azure/azure-sql/database/service-tiers-sql-database-vcore | https://learn.microsoft.com/azure/azure-sql/database/resource-limits-vcore-single-databases
HS_DC_32,Azure SQL Database,Single database / Elastic pool,vCore,Hyperscale,Provisioned,DC-series,vCore,32,144.0,published,Generally available,2023-11,2023-07,2023-11,high,sqldb-dc-10-40,"DC-series hardware, 10-40 vCores",https://learn.microsoft.com/azure/azure-sql/database/resource-limits-vcore-single-databases,https://learn.microsoft.com/azure/azure-sql/database/doc-changes-updates-release-notes-whats-new-archive,,"1. Purchasing model: vCore is the model Microsoft recommends. Choose it when you value flexibility, control, and transparency, want to scale compute and storage independently, or want to apply Azure Hybrid Benefit or reserved capacity pricing. | 2. Choose when you need Always Encrypted with secure enclaves backed by hardware enclaves (Intel SGX) rather than Virtualization-based Security enclaves. | 3. Choose for workloads that process sensitive data and require confidential query processing inside the enclave. | 4. Confirm your subscription qualifies: DC-series requires a paid offer type such as Pay-As-You-Go or Enterprise Agreement. | 5. Do not choose it if you need the serverless compute tier or zone redundancy - DC-series supports neither. | 6. Check regional availability first; DC-series is offered only in selected regions, unlike standard-series. | 7. Size within 2-40 vCores at 4.5 GB of memory per vCore, which is below the 5.1 GB per vCore of standard-series.",https://learn.microsoft.com/azure/azure-sql/database/purchasing-models | https://learn.microsoft.com/azure/azure-sql/database/service-tiers-sql-database-vcore | https://learn.microsoft.com/azure/azure-sql/database/resource-limits-vcore-single-databases
HS_DC_40,Azure SQL Database,Single database / Elastic pool,vCore,Hyperscale,Provisioned,DC-series,vCore,40,180.0,published,Generally available,2023-11,2023-07,2023-11,high,sqldb-dc-10-40,"DC-series hardware, 10-40 vCores",https://learn.microsoft.com/azure/azure-sql/database/resource-limits-vcore-single-databases,https://learn.microsoft.com/azure/azure-sql/database/doc-changes-updates-release-notes-whats-new-archive,,"1. Purchasing model: vCore is the model Microsoft recommends. Choose it when you value flexibility, control, and transparency, want to scale compute and storage independently, or want to apply Azure Hybrid Benefit or reserved capacity pricing. | 2. Choose when you need Always Encrypted with secure enclaves backed by hardware enclaves (Intel SGX) rather than Virtualization-based Security enclaves. | 3. Choose for workloads that process sensitive data and require confidential query processing inside the enclave. | 4. Confirm your subscription qualifies: DC-series requires a paid offer type such as Pay-As-You-Go or Enterprise Agreement. | 5. Do not choose it if you need the serverless compute tier or zone redundancy - DC-series supports neither. | 6. Check regional availability first; DC-series is offered only in selected regions, unlike standard-series. | 7. Size within 2-40 vCores at 4.5 GB of memory per vCore, which is below the 5.1 GB per vCore of standard-series.",https://learn.microsoft.com/azure/azure-sql/database/purchasing-models | https://learn.microsoft.com/azure/azure-sql/database/service-tiers-sql-database-vcore | https://learn.microsoft.com/azure/azure-sql/database/resource-limits-vcore-single-databases
GP_Gen5_2,Azure SQL Database,Single database / Elastic pool,vCore,General Purpose,Provisioned,Standard-series (Gen5),vCore,2,10.4,published,Generally available,2018-04,2017-09,2018-04,low,sqldb-vcore,"vCore purchasing model (General Purpose / Business Critical, Gen4 + Gen5)",https://learn.microsoft.com/azure/azure-sql/database/resource-limits-vcore-single-databases,https://azure.microsoft.com/en-us/blog/a-flexible-new-way-to-purchase-azure-sql-database/,Announced as a new purchasing option in September 2017 and generally available in the first half of 2018. The GA month is approximate.,"1. Purchasing model: vCore is the model Microsoft recommends. Choose it when you value flexibility, control, and transparency, want to scale compute and storage independently, or want to apply Azure Hybrid Benefit or reserved capacity pricing. | 2. Default choice for most generic Azure SQL Database workloads that need a fully managed engine with the standard SLA. | 3. Use when storage latency between 5 ms and 10 ms is acceptable for the workload. | 4. Use for budget-oriented workloads wanting balanced compute and storage, at roughly a third the price of Business Critical for the same vCore count. | 5. Use when the database fits within 4 TB; move to Hyperscale beyond that. | 6. Standard-series (Gen5) is available in every public region worldwide, so pick it when broad regional coverage matters. | 7. Do not choose it if you need In-Memory OLTP tables or a free read-scale replica - both require Business Critical.",https://learn.microsoft.com/azure/azure-sql/database/purchasing-models | https://learn.microsoft.com/azure/azure-sql/database/service-tiers-sql-database-vcore | https://learn.microsoft.com/azure/azure-sql/database/resource-limits-vcore-single-databases
GP_Gen5_4,Azure SQL Database,Single database / Elastic pool,vCore,General Purpose,Provisioned,Standard-series (Gen5),vCore,4,20.8,published,Generally available,2018-04,2017-09,2018-04,low,sqldb-vcore,"vCore purchasing model (General Purpose / Business Critical, Gen4 + Gen5)",https://learn.microsoft.com/azure/azure-sql/database/resource-limits-vcore-single-databases,https://azure.microsoft.com/en-us/blog/a-flexible-new-way-to-purchase-azure-sql-database/,Announced as a new purchasing option in September 2017 and generally available in the first half of 2018. The GA month is approximate.,"1. Purchasing model: vCore is the model Microsoft recommends. Choose it when you value flexibility, control, and transparency, want to scale compute and storage independently, or want to apply Azure Hybrid Benefit or reserved capacity pricing. | 2. Default choice for most generic Azure SQL Database workloads that need a fully managed engine with the standard SLA. | 3. Use when storage latency between 5 ms and 10 ms is acceptable for the workload. | 4. Use for budget-oriented workloads wanting balanced compute and storage, at roughly a third the price of Business Critical for the same vCore count. | 5. Use when the database fits within 4 TB; move to Hyperscale beyond that. | 6. Standard-series (Gen5) is available in every public region worldwide, so pick it when broad regional coverage matters. | 7. Do not choose it if you need In-Memory OLTP tables or a free read-scale replica - both require Business Critical.",https://learn.microsoft.com/azure/azure-sql/database/purchasing-models | https://learn.microsoft.com/azure/azure-sql/database/service-tiers-sql-database-vcore | https://learn.microsoft.com/azure/azure-sql/database/resource-limits-vcore-single-databases
GP_Gen5_6,Azure SQL Database,Single database / Elastic pool,vCore,General Purpose,Provisioned,Standard-series (Gen5),vCore,6,31.1,published,Generally available,2018-04,2017-09,2018-04,low,sqldb-vcore,"vCore purchasing model (General Purpose / Business Critical, Gen4 + Gen5)",https://learn.microsoft.com/azure/azure-sql/database/resource-limits-vcore-single-databases,https://azure.microsoft.com/en-us/blog/a-flexible-new-way-to-purchase-azure-sql-database/,Announced as a new purchasing option in September 2017 and generally available in the first half of 2018. The GA month is approximate.,"1. Purchasing model: vCore is the model Microsoft recommends. Choose it when you value flexibility, control, and transparency, want to scale compute and storage independently, or want to apply Azure Hybrid Benefit or reserved capacity pricing. | 2. Default choice for most generic Azure SQL Database workloads that need a fully managed engine with the standard SLA. | 3. Use when storage latency between 5 ms and 10 ms is acceptable for the workload. | 4. Use for budget-oriented workloads wanting balanced compute and storage, at roughly a third the price of Business Critical for the same vCore count. | 5. Use when the database fits within 4 TB; move to Hyperscale beyond that. | 6. Standard-series (Gen5) is available in every public region worldwide, so pick it when broad regional coverage matters. | 7. Do not choose it if you need In-Memory OLTP tables or a free read-scale replica - both require Business Critical.",https://learn.microsoft.com/azure/azure-sql/database/purchasing-models | https://learn.microsoft.com/azure/azure-sql/database/service-tiers-sql-database-vcore | https://learn.microsoft.com/azure/azure-sql/database/resource-limits-vcore-single-databases
GP_Gen5_8,Azure SQL Database,Single database / Elastic pool,vCore,General Purpose,Provisioned,Standard-series (Gen5),vCore,8,41.5,published,Generally available,2018-04,2017-09,2018-04,low,sqldb-vcore,"vCore purchasing model (General Purpose / Business Critical, Gen4 + Gen5)",https://learn.microsoft.com/azure/azure-sql/database/resource-limits-vcore-single-databases,https://azure.microsoft.com/en-us/blog/a-flexible-new-way-to-purchase-azure-sql-database/,Announced as a new purchasing option in September 2017 and generally available in the first half of 2018. The GA month is approximate.,"1. Purchasing model: vCore is the model Microsoft recommends. Choose it when you value flexibility, control, and transparency, want to scale compute and storage independently, or want to apply Azure Hybrid Benefit or reserved capacity pricing. | 2. Default choice for most generic Azure SQL Database workloads that need a fully managed engine with the standard SLA. | 3. Use when storage latency between 5 ms and 10 ms is acceptable for the workload. | 4. Use for budget-oriented workloads wanting balanced compute and storage, at roughly a third the price of Business Critical for the same vCore count. | 5. Use when the database fits within 4 TB; move to Hyperscale beyond that. | 6. Standard-series (Gen5) is available in every public region worldwide, so pick it when broad regional coverage matters. | 7. Do not choose it if you need In-Memory OLTP tables or a free read-scale replica - both require Business Critical.",https://learn.microsoft.com/azure/azure-sql/database/purchasing-models | https://learn.microsoft.com/azure/azure-sql/database/service-tiers-sql-database-vcore | https://learn.microsoft.com/azure/azure-sql/database/resource-limits-vcore-single-databases
GP_Gen5_10,Azure SQL Database,Single database / Elastic pool,vCore,General Purpose,Provisioned,Standard-series (Gen5),vCore,10,51.9,published,Generally available,2018-04,2017-09,2018-04,low,sqldb-vcore,"vCore purchasing model (General Purpose / Business Critical, Gen4 + Gen5)",https://learn.microsoft.com/azure/azure-sql/database/resource-limits-vcore-single-databases,https://azure.microsoft.com/en-us/blog/a-flexible-new-way-to-purchase-azure-sql-database/,Announced as a new purchasing option in September 2017 and generally available in the first half of 2018. The GA month is approximate.,"1. Purchasing model: vCore is the model Microsoft recommends. Choose it when you value flexibility, control, and transparency, want to scale compute and storage independently, or want to apply Azure Hybrid Benefit or reserved capacity pricing. | 2. Default choice for most generic Azure SQL Database workloads that need a fully managed engine with the standard SLA. | 3. Use when storage latency between 5 ms and 10 ms is acceptable for the workload. | 4. Use for budget-oriented workloads wanting balanced compute and storage, at roughly a third the price of Business Critical for the same vCore count. | 5. Use when the database fits within 4 TB; move to Hyperscale beyond that. | 6. Standard-series (Gen5) is available in every public region worldwide, so pick it when broad regional coverage matters. | 7. Do not choose it if you need In-Memory OLTP tables or a free read-scale replica - both require Business Critical.",https://learn.microsoft.com/azure/azure-sql/database/purchasing-models | https://learn.microsoft.com/azure/azure-sql/database/service-tiers-sql-database-vcore | https://learn.microsoft.com/azure/azure-sql/database/resource-limits-vcore-single-databases
GP_Gen5_12,Azure SQL Database,Single database / Elastic pool,vCore,General Purpose,Provisioned,Standard-series (Gen5),vCore,12,62.3,published,Generally available,2018-04,2017-09,2018-04,low,sqldb-vcore,"vCore purchasing model (General Purpose / Business Critical, Gen4 + Gen5)",https://learn.microsoft.com/azure/azure-sql/database/resource-limits-vcore-single-databases,https://azure.microsoft.com/en-us/blog/a-flexible-new-way-to-purchase-azure-sql-database/,Announced as a new purchasing option in September 2017 and generally available in the first half of 2018. The GA month is approximate.,"1. Purchasing model: vCore is the model Microsoft recommends. Choose it when you value flexibility, control, and transparency, want to scale compute and storage independently, or want to apply Azure Hybrid Benefit or reserved capacity pricing. | 2. Default choice for most generic Azure SQL Database workloads that need a fully managed engine with the standard SLA. | 3. Use when storage latency between 5 ms and 10 ms is acceptable for the workload. | 4. Use for budget-oriented workloads wanting balanced compute and storage, at roughly a third the price of Business Critical for the same vCore count. | 5. Use when the database fits within 4 TB; move to Hyperscale beyond that. | 6. Standard-series (Gen5) is available in every public region worldwide, so pick it when broad regional coverage matters. | 7. Do not choose it if you need In-Memory OLTP tables or a free read-scale replica - both require Business Critical.",https://learn.microsoft.com/azure/azure-sql/database/purchasing-models | https://learn.microsoft.com/azure/azure-sql/database/service-tiers-sql-database-vcore | https://learn.microsoft.com/azure/azure-sql/database/resource-limits-vcore-single-databases
GP_Gen5_14,Azure SQL Database,Single database / Elastic pool,vCore,General Purpose,Provisioned,Standard-series (Gen5),vCore,14,72.7,published,Generally available,2018-04,2017-09,2018-04,low,sqldb-vcore,"vCore purchasing model (General Purpose / Business Critical, Gen4 + Gen5)",https://learn.microsoft.com/azure/azure-sql/database/resource-limits-vcore-single-databases,https://azure.microsoft.com/en-us/blog/a-flexible-new-way-to-purchase-azure-sql-database/,Announced as a new purchasing option in September 2017 and generally available in the first half of 2018. The GA month is approximate.,"1. Purchasing model: vCore is the model Microsoft recommends. Choose it when you value flexibility, control, and transparency, want to scale compute and storage independently, or want to apply Azure Hybrid Benefit or reserved capacity pricing. | 2. Default choice for most generic Azure SQL Database workloads that need a fully managed engine with the standard SLA. | 3. Use when storage latency between 5 ms and 10 ms is acceptable for the workload. | 4. Use for budget-oriented workloads wanting balanced compute and storage, at roughly a third the price of Business Critical for the same vCore count. | 5. Use when the database fits within 4 TB; move to Hyperscale beyond that. | 6. Standard-series (Gen5) is available in every public region worldwide, so pick it when broad regional coverage matters. | 7. Do not choose it if you need In-Memory OLTP tables or a free read-scale replica - both require Business Critical.",https://learn.microsoft.com/azure/azure-sql/database/purchasing-models | https://learn.microsoft.com/azure/azure-sql/database/service-tiers-sql-database-vcore | https://learn.microsoft.com/azure/azure-sql/database/resource-limits-vcore-single-databases
GP_Gen5_16,Azure SQL Database,Single database / Elastic pool,vCore,General Purpose,Provisioned,Standard-series (Gen5),vCore,16,83.0,published,Generally available,2018-04,2017-09,2018-04,low,sqldb-vcore,"vCore purchasing model (General Purpose / Business Critical, Gen4 + Gen5)",https://learn.microsoft.com/azure/azure-sql/database/resource-limits-vcore-single-databases,https://azure.microsoft.com/en-us/blog/a-flexible-new-way-to-purchase-azure-sql-database/,Announced as a new purchasing option in September 2017 and generally available in the first half of 2018. The GA month is approximate.,"1. Purchasing model: vCore is the model Microsoft recommends. Choose it when you value flexibility, control, and transparency, want to scale compute and storage independently, or want to apply Azure Hybrid Benefit or reserved capacity pricing. | 2. Default choice for most generic Azure SQL Database workloads that need a fully managed engine with the standard SLA. | 3. Use when storage latency between 5 ms and 10 ms is acceptable for the workload. | 4. Use for budget-oriented workloads wanting balanced compute and storage, at roughly a third the price of Business Critical for the same vCore count. | 5. Use when the database fits within 4 TB; move to Hyperscale beyond that. | 6. Standard-series (Gen5) is available in every public region worldwide, so pick it when broad regional coverage matters. | 7. Do not choose it if you need In-Memory OLTP tables or a free read-scale replica - both require Business Critical.",https://learn.microsoft.com/azure/azure-sql/database/purchasing-models | https://learn.microsoft.com/azure/azure-sql/database/service-tiers-sql-database-vcore | https://learn.microsoft.com/azure/azure-sql/database/resource-limits-vcore-single-databases
GP_Gen5_18,Azure SQL Database,Single database / Elastic pool,vCore,General Purpose,Provisioned,Standard-series (Gen5),vCore,18,93.4,published,Generally available,2018-04,2017-09,2018-04,low,sqldb-vcore,"vCore purchasing model (General Purpose / Business Critical, Gen4 + Gen5)",https://learn.microsoft.com/azure/azure-sql/database/resource-limits-vcore-single-databases,https://azure.microsoft.com/en-us/blog/a-flexible-new-way-to-purchase-azure-sql-database/,Announced as a new purchasing option in September 2017 and generally available in the first half of 2018. The GA month is approximate.,"1. Purchasing model: vCore is the model Microsoft recommends. Choose it when you value flexibility, control, and transparency, want to scale compute and storage independently, or want to apply Azure Hybrid Benefit or reserved capacity pricing. | 2. Default choice for most generic Azure SQL Database workloads that need a fully managed engine with the standard SLA. | 3. Use when storage latency between 5 ms and 10 ms is acceptable for the workload. | 4. Use for budget-oriented workloads wanting balanced compute and storage, at roughly a third the price of Business Critical for the same vCore count. | 5. Use when the database fits within 4 TB; move to Hyperscale beyond that. | 6. Standard-series (Gen5) is available in every public region worldwide, so pick it when broad regional coverage matters. | 7. Do not choose it if you need In-Memory OLTP tables or a free read-scale replica - both require Business Critical.",https://learn.microsoft.com/azure/azure-sql/database/purchasing-models | https://learn.microsoft.com/azure/azure-sql/database/service-tiers-sql-database-vcore | https://learn.microsoft.com/azure/azure-sql/database/resource-limits-vcore-single-databases
GP_Gen5_20,Azure SQL Database,Single database / Elastic pool,vCore,General Purpose,Provisioned,Standard-series (Gen5),vCore,20,103.8,published,Generally available,2018-04,2017-09,2018-04,low,sqldb-vcore,"vCore purchasing model (General Purpose / Business Critical, Gen4 + Gen5)",https://learn.microsoft.com/azure/azure-sql/database/resource-limits-vcore-single-databases,https://azure.microsoft.com/en-us/blog/a-flexible-new-way-to-purchase-azure-sql-database/,Announced as a new purchasing option in September 2017 and generally available in the first half of 2018. The GA month is approximate.,"1. Purchasing model: vCore is the model Microsoft recommends. Choose it when you value flexibility, control, and transparency, want to scale compute and storage independently, or want to apply Azure Hybrid Benefit or reserved capacity pricing. | 2. Default choice for most generic Azure SQL Database workloads that need a fully managed engine with the standard SLA. | 3. Use when storage latency between 5 ms and 10 ms is acceptable for the workload. | 4. Use for budget-oriented workloads wanting balanced compute and storage, at roughly a third the price of Business Critical for the same vCore count. | 5. Use when the database fits within 4 TB; move to Hyperscale beyond that. | 6. Standard-series (Gen5) is available in every public region worldwide, so pick it when broad regional coverage matters. | 7. Do not choose it if you need In-Memory OLTP tables or a free read-scale replica - both require Business Critical.",https://learn.microsoft.com/azure/azure-sql/database/purchasing-models | https://learn.microsoft.com/azure/azure-sql/database/service-tiers-sql-database-vcore | https://learn.microsoft.com/azure/azure-sql/database/resource-limits-vcore-single-databases
GP_Gen5_24,Azure SQL Database,Single database / Elastic pool,vCore,General Purpose,Provisioned,Standard-series (Gen5),vCore,24,124.6,published,Generally available,2018-04,2017-09,2018-04,low,sqldb-vcore,"vCore purchasing model (General Purpose / Business Critical, Gen4 + Gen5)",https://learn.microsoft.com/azure/azure-sql/database/resource-limits-vcore-single-databases,https://azure.microsoft.com/en-us/blog/a-flexible-new-way-to-purchase-azure-sql-database/,Announced as a new purchasing option in September 2017 and generally available in the first half of 2018. The GA month is approximate.,"1. Purchasing model: vCore is the model Microsoft recommends. Choose it when you value flexibility, control, and transparency, want to scale compute and storage independently, or want to apply Azure Hybrid Benefit or reserved capacity pricing. | 2. Default choice for most generic Azure SQL Database workloads that need a fully managed engine with the standard SLA. | 3. Use when storage latency between 5 ms and 10 ms is acceptable for the workload. | 4. Use for budget-oriented workloads wanting balanced compute and storage, at roughly a third the price of Business Critical for the same vCore count. | 5. Use when the database fits within 4 TB; move to Hyperscale beyond that. | 6. Standard-series (Gen5) is available in every public region worldwide, so pick it when broad regional coverage matters. | 7. Do not choose it if you need In-Memory OLTP tables or a free read-scale replica - both require Business Critical.",https://learn.microsoft.com/azure/azure-sql/database/purchasing-models | https://learn.microsoft.com/azure/azure-sql/database/service-tiers-sql-database-vcore | https://learn.microsoft.com/azure/azure-sql/database/resource-limits-vcore-single-databases
GP_Gen5_32,Azure SQL Database,Single database / Elastic pool,vCore,General Purpose,Provisioned,Standard-series (Gen5),vCore,32,166.1,published,Generally available,2018-04,2017-09,2018-04,low,sqldb-vcore,"vCore purchasing model (General Purpose / Business Critical, Gen4 + Gen5)",https://learn.microsoft.com/azure/azure-sql/database/resource-limits-vcore-single-databases,https://azure.microsoft.com/en-us/blog/a-flexible-new-way-to-purchase-azure-sql-database/,Announced as a new purchasing option in September 2017 and generally available in the first half of 2018. The GA month is approximate.,"1. Purchasing model: vCore is the model Microsoft recommends. Choose it when you value flexibility, control, and transparency, want to scale compute and storage independently, or want to apply Azure Hybrid Benefit or reserved capacity pricing. | 2. Default choice for most generic Azure SQL Database workloads that need a fully managed engine with the standard SLA. | 3. Use when storage latency between 5 ms and 10 ms is acceptable for the workload. | 4. Use for budget-oriented workloads wanting balanced compute and storage, at roughly a third the price of Business Critical for the same vCore count. | 5. Use when the database fits within 4 TB; move to Hyperscale beyond that. | 6. Standard-series (Gen5) is available in every public region worldwide, so pick it when broad regional coverage matters. | 7. Do not choose it if you need In-Memory OLTP tables or a free read-scale replica - both require Business Critical.",https://learn.microsoft.com/azure/azure-sql/database/purchasing-models | https://learn.microsoft.com/azure/azure-sql/database/service-tiers-sql-database-vcore | https://learn.microsoft.com/azure/azure-sql/database/resource-limits-vcore-single-databases
GP_Gen5_40,Azure SQL Database,Single database / Elastic pool,vCore,General Purpose,Provisioned,Standard-series (Gen5),vCore,40,207.6,published,Generally available,2018-04,2017-09,2018-04,low,sqldb-vcore,"vCore purchasing model (General Purpose / Business Critical, Gen4 + Gen5)",https://learn.microsoft.com/azure/azure-sql/database/resource-limits-vcore-single-databases,https://azure.microsoft.com/en-us/blog/a-flexible-new-way-to-purchase-azure-sql-database/,Announced as a new purchasing option in September 2017 and generally available in the first half of 2018. The GA month is approximate.,"1. Purchasing model: vCore is the model Microsoft recommends. Choose it when you value flexibility, control, and transparency, want to scale compute and storage independently, or want to apply Azure Hybrid Benefit or reserved capacity pricing. | 2. Default choice for most generic Azure SQL Database workloads that need a fully managed engine with the standard SLA. | 3. Use when storage latency between 5 ms and 10 ms is acceptable for the workload. | 4. Use for budget-oriented workloads wanting balanced compute and storage, at roughly a third the price of Business Critical for the same vCore count. | 5. Use when the database fits within 4 TB; move to Hyperscale beyond that. | 6. Standard-series (Gen5) is available in every public region worldwide, so pick it when broad regional coverage matters. | 7. Do not choose it if you need In-Memory OLTP tables or a free read-scale replica - both require Business Critical.",https://learn.microsoft.com/azure/azure-sql/database/purchasing-models | https://learn.microsoft.com/azure/azure-sql/database/service-tiers-sql-database-vcore | https://learn.microsoft.com/azure/azure-sql/database/resource-limits-vcore-single-databases
GP_Gen5_80,Azure SQL Database,Single database / Elastic pool,vCore,General Purpose,Provisioned,Standard-series (Gen5),vCore,80,415.2,published,Generally available,2018-04,2017-09,2018-04,low,sqldb-vcore,"vCore purchasing model (General Purpose / Business Critical, Gen4 + Gen5)",https://learn.microsoft.com/azure/azure-sql/database/resource-limits-vcore-single-databases,https://azure.microsoft.com/en-us/blog/a-flexible-new-way-to-purchase-azure-sql-database/,Announced as a new purchasing option in September 2017 and generally available in the first half of 2018. The GA month is approximate.,"1. Purchasing model: vCore is the model Microsoft recommends. Choose it when you value flexibility, control, and transparency, want to scale compute and storage independently, or want to apply Azure Hybrid Benefit or reserved capacity pricing. | 2. Default choice for most generic Azure SQL Database workloads that need a fully managed engine with the standard SLA. | 3. Use when storage latency between 5 ms and 10 ms is acceptable for the workload. | 4. Use for budget-oriented workloads wanting balanced compute and storage, at roughly a third the price of Business Critical for the same vCore count. | 5. Use when the database fits within 4 TB; move to Hyperscale beyond that. | 6. Standard-series (Gen5) is available in every public region worldwide, so pick it when broad regional coverage matters. | 7. Do not choose it if you need In-Memory OLTP tables or a free read-scale replica - both require Business Critical.",https://learn.microsoft.com/azure/azure-sql/database/purchasing-models | https://learn.microsoft.com/azure/azure-sql/database/service-tiers-sql-database-vcore | https://learn.microsoft.com/azure/azure-sql/database/resource-limits-vcore-single-databases
GP_Gen5_128,Azure SQL Database,Single database / Elastic pool,vCore,General Purpose,Provisioned,Standard-series (Gen5),vCore,128,625.0,published,Generally available,2023-06,2022,2023-06,high,sqldb-128-vcore,"128 vCore compute size (General Purpose and Business Critical, standard-series)",https://learn.microsoft.com/azure/azure-sql/database/resource-limits-vcore-single-databases,https://learn.microsoft.com/azure/azure-sql/database/doc-changes-updates-release-notes-whats-new-archive,"Learn what's-new archive, 2023: '128 vCore GA | June'. The original announcement blog post has been removed from Tech Community.","1. Purchasing model: vCore is the model Microsoft recommends. Choose it when you value flexibility, control, and transparency, want to scale compute and storage independently, or want to apply Azure Hybrid Benefit or reserved capacity pricing. | 2. Default choice for most generic Azure SQL Database workloads that need a fully managed engine with the standard SLA. | 3. Use when storage latency between 5 ms and 10 ms is acceptable for the workload. | 4. Use for budget-oriented workloads wanting balanced compute and storage, at roughly a third the price of Business Critical for the same vCore count. | 5. Use when the database fits within 4 TB; move to Hyperscale beyond that. | 6. Standard-series (Gen5) is available in every public region worldwide, so pick it when broad regional coverage matters. | 7. Do not choose it if you need In-Memory OLTP tables or a free read-scale replica - both require Business Critical.",https://learn.microsoft.com/azure/azure-sql/database/purchasing-models | https://learn.microsoft.com/azure/azure-sql/database/service-tiers-sql-database-vcore | https://learn.microsoft.com/azure/azure-sql/database/resource-limits-vcore-single-databases
GP_Fsv2_8,Azure SQL Database,Single database / Elastic pool,vCore,General Purpose,Provisioned,Fsv2-series,vCore,8,15.1,published,Deprecated - cannot be created; retires 2026-10-01,2019,2019,2019,low,sqldb-fsv2,Fsv2-series hardware (General Purpose only),https://learn.microsoft.com/azure/azure-sql/database/resource-limits-vcore-single-databases,https://azure.microsoft.com/updates?id=485030,RETIRING: no longer available to create; retirement date 2026-10-01. Original GA year is approximate.,"1. Purchasing model: vCore is the model Microsoft recommends. Choose it when you value flexibility, control, and transparency, want to scale compute and storage independently, or want to apply Azure Hybrid Benefit or reserved capacity pricing. | 2. Do not select for new deployments - Fsv2-series can no longer be created and is retired on 1 October 2026. | 3. If you are already on Fsv2-series, plan a move to Hyperscale premium-series or standard-series (Gen5), which Microsoft states give similar or better price-performance for most databases and workloads. | 4. Validate the target hardware against your own workload before migrating, as Microsoft recommends, rather than assuming parity. | 5. Historically chosen for CPU-intensive General Purpose workloads: Fsv2 sustains a 3.4 GHz all-core turbo and scales to 72 vCores. | 6. Never a fit for workloads sensitive to memory or tempdb per vCore - Fsv2 gives 1.9 GB per vCore against 5.1 GB on standard-series. | 7. Only ever available in the General Purpose service tier.",https://learn.microsoft.com/azure/azure-sql/database/purchasing-models | https://learn.microsoft.com/azure/azure-sql/database/service-tiers-sql-database-vcore | https://azure.microsoft.com/updates?id=485030
GP_Fsv2_10,Azure SQL Database,Single database / Elastic pool,vCore,General Purpose,Provisioned,Fsv2-series,vCore,10,18.9,published,Deprecated - cannot be created; retires 2026-10-01,2019,2019,2019,low,sqldb-fsv2,Fsv2-series hardware (General Purpose only),https://learn.microsoft.com/azure/azure-sql/database/resource-limits-vcore-single-databases,https://azure.microsoft.com/updates?id=485030,RETIRING: no longer available to create; retirement date 2026-10-01. Original GA year is approximate.,"1. Purchasing model: vCore is the model Microsoft recommends. Choose it when you value flexibility, control, and transparency, want to scale compute and storage independently, or want to apply Azure Hybrid Benefit or reserved capacity pricing. | 2. Do not select for new deployments - Fsv2-series can no longer be created and is retired on 1 October 2026. | 3. If you are already on Fsv2-series, plan a move to Hyperscale premium-series or standard-series (Gen5), which Microsoft states give similar or better price-performance for most databases and workloads. | 4. Validate the target hardware against your own workload before migrating, as Microsoft recommends, rather than assuming parity. | 5. Historically chosen for CPU-intensive General Purpose workloads: Fsv2 sustains a 3.4 GHz all-core turbo and scales to 72 vCores. | 6. Never a fit for workloads sensitive to memory or tempdb per vCore - Fsv2 gives 1.9 GB per vCore against 5.1 GB on standard-series. | 7. Only ever available in the General Purpose service tier.",https://learn.microsoft.com/azure/azure-sql/database/purchasing-models | https://learn.microsoft.com/azure/azure-sql/database/service-tiers-sql-database-vcore | https://azure.microsoft.com/updates?id=485030
GP_Fsv2_12,Azure SQL Database,Single database / Elastic pool,vCore,General Purpose,Provisioned,Fsv2-series,vCore,12,22.7,published,Deprecated - cannot be created; retires 2026-10-01,2019,2019,2019,low,sqldb-fsv2,Fsv2-series hardware (General Purpose only),https://learn.microsoft.com/azure/azure-sql/database/resource-limits-vcore-single-databases,https://azure.microsoft.com/updates?id=485030,RETIRING: no longer available to create; retirement date 2026-10-01. Original GA year is approximate.,"1. Purchasing model: vCore is the model Microsoft recommends. Choose it when you value flexibility, control, and transparency, want to scale compute and storage independently, or want to apply Azure Hybrid Benefit or reserved capacity pricing. | 2. Do not select for new deployments - Fsv2-series can no longer be created and is retired on 1 October 2026. | 3. If you are already on Fsv2-series, plan a move to Hyperscale premium-series or standard-series (Gen5), which Microsoft states give similar or better price-performance for most databases and workloads. | 4. Validate the target hardware against your own workload before migrating, as Microsoft recommends, rather than assuming parity. | 5. Historically chosen for CPU-intensive General Purpose workloads: Fsv2 sustains a 3.4 GHz all-core turbo and scales to 72 vCores. | 6. Never a fit for workloads sensitive to memory or tempdb per vCore - Fsv2 gives 1.9 GB per vCore against 5.1 GB on standard-series. | 7. Only ever available in the General Purpose service tier.",https://learn.microsoft.com/azure/azure-sql/database/purchasing-models | https://learn.microsoft.com/azure/azure-sql/database/service-tiers-sql-database-vcore | https://azure.microsoft.com/updates?id=485030
GP_Fsv2_14,Azure SQL Database,Single database / Elastic pool,vCore,General Purpose,Provisioned,Fsv2-series,vCore,14,26.5,published,Deprecated - cannot be created; retires 2026-10-01,2019,2019,2019,low,sqldb-fsv2,Fsv2-series hardware (General Purpose only),https://learn.microsoft.com/azure/azure-sql/database/resource-limits-vcore-single-databases,https://azure.microsoft.com/updates?id=485030,RETIRING: no longer available to create; retirement date 2026-10-01. Original GA year is approximate.,"1. Purchasing model: vCore is the model Microsoft recommends. Choose it when you value flexibility, control, and transparency, want to scale compute and storage independently, or want to apply Azure Hybrid Benefit or reserved capacity pricing. | 2. Do not select for new deployments - Fsv2-series can no longer be created and is retired on 1 October 2026. | 3. If you are already on Fsv2-series, plan a move to Hyperscale premium-series or standard-series (Gen5), which Microsoft states give similar or better price-performance for most databases and workloads. | 4. Validate the target hardware against your own workload before migrating, as Microsoft recommends, rather than assuming parity. | 5. Historically chosen for CPU-intensive General Purpose workloads: Fsv2 sustains a 3.4 GHz all-core turbo and scales to 72 vCores. | 6. Never a fit for workloads sensitive to memory or tempdb per vCore - Fsv2 gives 1.9 GB per vCore against 5.1 GB on standard-series. | 7. Only ever available in the General Purpose service tier.",https://learn.microsoft.com/azure/azure-sql/database/purchasing-models | https://learn.microsoft.com/azure/azure-sql/database/service-tiers-sql-database-vcore | https://azure.microsoft.com/updates?id=485030
GP_Fsv2_16,Azure SQL Database,Single database / Elastic pool,vCore,General Purpose,Provisioned,Fsv2-series,vCore,16,30.2,published,Deprecated - cannot be created; retires 2026-10-01,2019,2019,2019,low,sqldb-fsv2,Fsv2-series hardware (General Purpose only),https://learn.microsoft.com/azure/azure-sql/database/resource-limits-vcore-single-databases,https://azure.microsoft.com/updates?id=485030,RETIRING: no longer available to create; retirement date 2026-10-01. Original GA year is approximate.,"1. Purchasing model: vCore is the model Microsoft recommends. Choose it when you value flexibility, control, and transparency, want to scale compute and storage independently, or want to apply Azure Hybrid Benefit or reserved capacity pricing. | 2. Do not select for new deployments - Fsv2-series can no longer be created and is retired on 1 October 2026. | 3. If you are already on Fsv2-series, plan a move to Hyperscale premium-series or standard-series (Gen5), which Microsoft states give similar or better price-performance for most databases and workloads. | 4. Validate the target hardware against your own workload before migrating, as Microsoft recommends, rather than assuming parity. | 5. Historically chosen for CPU-intensive General Purpose workloads: Fsv2 sustains a 3.4 GHz all-core turbo and scales to 72 vCores. | 6. Never a fit for workloads sensitive to memory or tempdb per vCore - Fsv2 gives 1.9 GB per vCore against 5.1 GB on standard-series. | 7. Only ever available in the General Purpose service tier.",https://learn.microsoft.com/azure/azure-sql/database/purchasing-models | https://learn.microsoft.com/azure/azure-sql/database/service-tiers-sql-database-vcore | https://azure.microsoft.com/updates?id=485030
GP_Fsv2_18,Azure SQL Database,Single database / Elastic pool,vCore,General Purpose,Provisioned,Fsv2-series,vCore,18,34.0,published,Deprecated - cannot be created; retires 2026-10-01,2019,2019,2019,low,sqldb-fsv2,Fsv2-series hardware (General Purpose only),https://learn.microsoft.com/azure/azure-sql/database/resource-limits-vcore-single-databases,https://azure.microsoft.com/updates?id=485030,RETIRING: no longer available to create; retirement date 2026-10-01. Original GA year is approximate.,"1. Purchasing model: vCore is the model Microsoft recommends. Choose it when you value flexibility, control, and transparency, want to scale compute and storage independently, or want to apply Azure Hybrid Benefit or reserved capacity pricing. | 2. Do not select for new deployments - Fsv2-series can no longer be created and is retired on 1 October 2026. | 3. If you are already on Fsv2-series, plan a move to Hyperscale premium-series or standard-series (Gen5), which Microsoft states give similar or better price-performance for most databases and workloads. | 4. Validate the target hardware against your own workload before migrating, as Microsoft recommends, rather than assuming parity. | 5. Historically chosen for CPU-intensive General Purpose workloads: Fsv2 sustains a 3.4 GHz all-core turbo and scales to 72 vCores. | 6. Never a fit for workloads sensitive to memory or tempdb per vCore - Fsv2 gives 1.9 GB per vCore against 5.1 GB on standard-series. | 7. Only ever available in the General Purpose service tier.",https://learn.microsoft.com/azure/azure-sql/database/purchasing-models | https://learn.microsoft.com/azure/azure-sql/database/service-tiers-sql-database-vcore | https://azure.microsoft.com/updates?id=485030
GP_Fsv2_20,Azure SQL Database,Single database / Elastic pool,vCore,General Purpose,Provisioned,Fsv2-series,vCore,20,37.8,published,Deprecated - cannot be created; retires 2026-10-01,2019,2019,2019,low,sqldb-fsv2,Fsv2-series hardware (General Purpose only),https://learn.microsoft.com/azure/azure-sql/database/resource-limits-vcore-single-databases,https://azure.microsoft.com/updates?id=485030,RETIRING: no longer available to create; retirement date 2026-10-01. Original GA year is approximate.,"1. Purchasing model: vCore is the model Microsoft recommends. Choose it when you value flexibility, control, and transparency, want to scale compute and storage independently, or want to apply Azure Hybrid Benefit or reserved capacity pricing. | 2. Do not select for new deployments - Fsv2-series can no longer be created and is retired on 1 October 2026. | 3. If you are already on Fsv2-series, plan a move to Hyperscale premium-series or standard-series (Gen5), which Microsoft states give similar or better price-performance for most databases and workloads. | 4. Validate the target hardware against your own workload before migrating, as Microsoft recommends, rather than assuming parity. | 5. Historically chosen for CPU-intensive General Purpose workloads: Fsv2 sustains a 3.4 GHz all-core turbo and scales to 72 vCores. | 6. Never a fit for workloads sensitive to memory or tempdb per vCore - Fsv2 gives 1.9 GB per vCore against 5.1 GB on standard-series. | 7. Only ever available in the General Purpose service tier.",https://learn.microsoft.com/azure/azure-sql/database/purchasing-models | https://learn.microsoft.com/azure/azure-sql/database/service-tiers-sql-database-vcore | https://azure.microsoft.com/updates?id=485030
GP_Fsv2_24,Azure SQL Database,Single database / Elastic pool,vCore,General Purpose,Provisioned,Fsv2-series,vCore,24,45.4,published,Deprecated - cannot be created; retires 2026-10-01,2019,2019,2019,low,sqldb-fsv2,Fsv2-series hardware (General Purpose only),https://learn.microsoft.com/azure/azure-sql/database/resource-limits-vcore-single-databases,https://azure.microsoft.com/updates?id=485030,RETIRING: no longer available to create; retirement date 2026-10-01. Original GA year is approximate.,"1. Purchasing model: vCore is the model Microsoft recommends. Choose it when you value flexibility, control, and transparency, want to scale compute and storage independently, or want to apply Azure Hybrid Benefit or reserved capacity pricing. | 2. Do not select for new deployments - Fsv2-series can no longer be created and is retired on 1 October 2026. | 3. If you are already on Fsv2-series, plan a move to Hyperscale premium-series or standard-series (Gen5), which Microsoft states give similar or better price-performance for most databases and workloads. | 4. Validate the target hardware against your own workload before migrating, as Microsoft recommends, rather than assuming parity. | 5. Historically chosen for CPU-intensive General Purpose workloads: Fsv2 sustains a 3.4 GHz all-core turbo and scales to 72 vCores. | 6. Never a fit for workloads sensitive to memory or tempdb per vCore - Fsv2 gives 1.9 GB per vCore against 5.1 GB on standard-series. | 7. Only ever available in the General Purpose service tier.",https://learn.microsoft.com/azure/azure-sql/database/purchasing-models | https://learn.microsoft.com/azure/azure-sql/database/service-tiers-sql-database-vcore | https://azure.microsoft.com/updates?id=485030
GP_Fsv2_32,Azure SQL Database,Single database / Elastic pool,vCore,General Purpose,Provisioned,Fsv2-series,vCore,32,60.5,published,Deprecated - cannot be created; retires 2026-10-01,2019,2019,2019,low,sqldb-fsv2,Fsv2-series hardware (General Purpose only),https://learn.microsoft.com/azure/azure-sql/database/resource-limits-vcore-single-databases,https://azure.microsoft.com/updates?id=485030,RETIRING: no longer available to create; retirement date 2026-10-01. Original GA year is approximate.,"1. Purchasing model: vCore is the model Microsoft recommends. Choose it when you value flexibility, control, and transparency, want to scale compute and storage independently, or want to apply Azure Hybrid Benefit or reserved capacity pricing. | 2. Do not select for new deployments - Fsv2-series can no longer be created and is retired on 1 October 2026. | 3. If you are already on Fsv2-series, plan a move to Hyperscale premium-series or standard-series (Gen5), which Microsoft states give similar or better price-performance for most databases and workloads. | 4. Validate the target hardware against your own workload before migrating, as Microsoft recommends, rather than assuming parity. | 5. Historically chosen for CPU-intensive General Purpose workloads: Fsv2 sustains a 3.4 GHz all-core turbo and scales to 72 vCores. | 6. Never a fit for workloads sensitive to memory or tempdb per vCore - Fsv2 gives 1.9 GB per vCore against 5.1 GB on standard-series. | 7. Only ever available in the General Purpose service tier.",https://learn.microsoft.com/azure/azure-sql/database/purchasing-models | https://learn.microsoft.com/azure/azure-sql/database/service-tiers-sql-database-vcore | https://azure.microsoft.com/updates?id=485030
GP_Fsv2_36,Azure SQL Database,Single database / Elastic pool,vCore,General Purpose,Provisioned,Fsv2-series,vCore,36,68.0,published,Deprecated - cannot be created; retires 2026-10-01,2019,2019,2019,low,sqldb-fsv2,Fsv2-series hardware (General Purpose only),https://learn.microsoft.com/azure/azure-sql/database/resource-limits-vcore-single-databases,https://azure.microsoft.com/updates?id=485030,RETIRING: no longer available to create; retirement date 2026-10-01. Original GA year is approximate.,"1. Purchasing model: vCore is the model Microsoft recommends. Choose it when you value flexibility, control, and transparency, want to scale compute and storage independently, or want to apply Azure Hybrid Benefit or reserved capacity pricing. | 2. Do not select for new deployments - Fsv2-series can no longer be created and is retired on 1 October 2026. | 3. If you are already on Fsv2-series, plan a move to Hyperscale premium-series or standard-series (Gen5), which Microsoft states give similar or better price-performance for most databases and workloads. | 4. Validate the target hardware against your own workload before migrating, as Microsoft recommends, rather than assuming parity. | 5. Historically chosen for CPU-intensive General Purpose workloads: Fsv2 sustains a 3.4 GHz all-core turbo and scales to 72 vCores. | 6. Never a fit for workloads sensitive to memory or tempdb per vCore - Fsv2 gives 1.9 GB per vCore against 5.1 GB on standard-series. | 7. Only ever available in the General Purpose service tier.",https://learn.microsoft.com/azure/azure-sql/database/purchasing-models | https://learn.microsoft.com/azure/azure-sql/database/service-tiers-sql-database-vcore | https://azure.microsoft.com/updates?id=485030
GP_Fsv2_72,Azure SQL Database,Single database / Elastic pool,vCore,General Purpose,Provisioned,Fsv2-series,vCore,72,136.0,published,Deprecated - cannot be created; retires 2026-10-01,2019,2019,2019,low,sqldb-fsv2,Fsv2-series hardware (General Purpose only),https://learn.microsoft.com/azure/azure-sql/database/resource-limits-vcore-single-databases,https://azure.microsoft.com/updates?id=485030,RETIRING: no longer available to create; retirement date 2026-10-01. Original GA year is approximate.,"1. Purchasing model: vCore is the model Microsoft recommends. Choose it when you value flexibility, control, and transparency, want to scale compute and storage independently, or want to apply Azure Hybrid Benefit or reserved capacity pricing. | 2. Do not select for new deployments - Fsv2-series can no longer be created and is retired on 1 October 2026. | 3. If you are already on Fsv2-series, plan a move to Hyperscale premium-series or standard-series (Gen5), which Microsoft states give similar or better price-performance for most databases and workloads. | 4. Validate the target hardware against your own workload before migrating, as Microsoft recommends, rather than assuming parity. | 5. Historically chosen for CPU-intensive General Purpose workloads: Fsv2 sustains a 3.4 GHz all-core turbo and scales to 72 vCores. | 6. Never a fit for workloads sensitive to memory or tempdb per vCore - Fsv2 gives 1.9 GB per vCore against 5.1 GB on standard-series. | 7. Only ever available in the General Purpose service tier.",https://learn.microsoft.com/azure/azure-sql/database/purchasing-models | https://learn.microsoft.com/azure/azure-sql/database/service-tiers-sql-database-vcore | https://azure.microsoft.com/updates?id=485030
GP_DC_2,Azure SQL Database,Single database / Elastic pool,vCore,General Purpose,Provisioned,DC-series,vCore,2,9.0,published,Generally available,2021-11,2019,2021-11,low,sqldb-dc-2-8,"DC-series hardware, 2-8 vCores (Intel SGX / Always Encrypted with secure enclaves)",https://learn.microsoft.com/azure/azure-sql/database/resource-limits-vcore-single-databases,https://learn.microsoft.com/azure/azure-sql/database/service-tiers-sql-database-vcore,GA month reconstructed from the DC-series rollout; treat as approximate.,"1. Purchasing model: vCore is the model Microsoft recommends. Choose it when you value flexibility, control, and transparency, want to scale compute and storage independently, or want to apply Azure Hybrid Benefit or reserved capacity pricing. | 2. Choose when you need Always Encrypted with secure enclaves backed by hardware enclaves (Intel SGX) rather than Virtualization-based Security enclaves. | 3. Choose for workloads that process sensitive data and require confidential query processing inside the enclave. | 4. Confirm your subscription qualifies: DC-series requires a paid offer type such as Pay-As-You-Go or Enterprise Agreement. | 5. Do not choose it if you need the serverless compute tier or zone redundancy - DC-series supports neither. | 6. Check regional availability first; DC-series is offered only in selected regions, unlike standard-series. | 7. Size within 2-40 vCores at 4.5 GB of memory per vCore, which is below the 5.1 GB per vCore of standard-series.",https://learn.microsoft.com/azure/azure-sql/database/purchasing-models | https://learn.microsoft.com/azure/azure-sql/database/service-tiers-sql-database-vcore | https://learn.microsoft.com/azure/azure-sql/database/resource-limits-vcore-single-databases
GP_DC_4,Azure SQL Database,Single database / Elastic pool,vCore,General Purpose,Provisioned,DC-series,vCore,4,18.0,published,Generally available,2021-11,2019,2021-11,low,sqldb-dc-2-8,"DC-series hardware, 2-8 vCores (Intel SGX / Always Encrypted with secure enclaves)",https://learn.microsoft.com/azure/azure-sql/database/resource-limits-vcore-single-databases,https://learn.microsoft.com/azure/azure-sql/database/service-tiers-sql-database-vcore,GA month reconstructed from the DC-series rollout; treat as approximate.,"1. Purchasing model: vCore is the model Microsoft recommends. Choose it when you value flexibility, control, and transparency, want to scale compute and storage independently, or want to apply Azure Hybrid Benefit or reserved capacity pricing. | 2. Choose when you need Always Encrypted with secure enclaves backed by hardware enclaves (Intel SGX) rather than Virtualization-based Security enclaves. | 3. Choose for workloads that process sensitive data and require confidential query processing inside the enclave. | 4. Confirm your subscription qualifies: DC-series requires a paid offer type such as Pay-As-You-Go or Enterprise Agreement. | 5. Do not choose it if you need the serverless compute tier or zone redundancy - DC-series supports neither. | 6. Check regional availability first; DC-series is offered only in selected regions, unlike standard-series. | 7. Size within 2-40 vCores at 4.5 GB of memory per vCore, which is below the 5.1 GB per vCore of standard-series.",https://learn.microsoft.com/azure/azure-sql/database/purchasing-models | https://learn.microsoft.com/azure/azure-sql/database/service-tiers-sql-database-vcore | https://learn.microsoft.com/azure/azure-sql/database/resource-limits-vcore-single-databases
GP_DC_6,Azure SQL Database,Single database / Elastic pool,vCore,General Purpose,Provisioned,DC-series,vCore,6,27.0,published,Generally available,2021-11,2019,2021-11,low,sqldb-dc-2-8,"DC-series hardware, 2-8 vCores (Intel SGX / Always Encrypted with secure enclaves)",https://learn.microsoft.com/azure/azure-sql/database/resource-limits-vcore-single-databases,https://learn.microsoft.com/azure/azure-sql/database/service-tiers-sql-database-vcore,GA month reconstructed from the DC-series rollout; treat as approximate.,"1. Purchasing model: vCore is the model Microsoft recommends. Choose it when you value flexibility, control, and transparency, want to scale compute and storage independently, or want to apply Azure Hybrid Benefit or reserved capacity pricing. | 2. Choose when you need Always Encrypted with secure enclaves backed by hardware enclaves (Intel SGX) rather than Virtualization-based Security enclaves. | 3. Choose for workloads that process sensitive data and require confidential query processing inside the enclave. | 4. Confirm your subscription qualifies: DC-series requires a paid offer type such as Pay-As-You-Go or Enterprise Agreement. | 5. Do not choose it if you need the serverless compute tier or zone redundancy - DC-series supports neither. | 6. Check regional availability first; DC-series is offered only in selected regions, unlike standard-series. | 7. Size within 2-40 vCores at 4.5 GB of memory per vCore, which is below the 5.1 GB per vCore of standard-series.",https://learn.microsoft.com/azure/azure-sql/database/purchasing-models | https://learn.microsoft.com/azure/azure-sql/database/service-tiers-sql-database-vcore | https://learn.microsoft.com/azure/azure-sql/database/resource-limits-vcore-single-databases
GP_DC_8,Azure SQL Database,Single database / Elastic pool,vCore,General Purpose,Provisioned,DC-series,vCore,8,36.0,published,Generally available,2021-11,2019,2021-11,low,sqldb-dc-2-8,"DC-series hardware, 2-8 vCores (Intel SGX / Always Encrypted with secure enclaves)",https://learn.microsoft.com/azure/azure-sql/database/resource-limits-vcore-single-databases,https://learn.microsoft.com/azure/azure-sql/database/service-tiers-sql-database-vcore,GA month reconstructed from the DC-series rollout; treat as approximate.,"1. Purchasing model: vCore is the model Microsoft recommends. Choose it when you value flexibility, control, and transparency, want to scale compute and storage independently, or want to apply Azure Hybrid Benefit or reserved capacity pricing. | 2. Choose when you need Always Encrypted with secure enclaves backed by hardware enclaves (Intel SGX) rather than Virtualization-based Security enclaves. | 3. Choose for workloads that process sensitive data and require confidential query processing inside the enclave. | 4. Confirm your subscription qualifies: DC-series requires a paid offer type such as Pay-As-You-Go or Enterprise Agreement. | 5. Do not choose it if you need the serverless compute tier or zone redundancy - DC-series supports neither. | 6. Check regional availability first; DC-series is offered only in selected regions, unlike standard-series. | 7. Size within 2-40 vCores at 4.5 GB of memory per vCore, which is below the 5.1 GB per vCore of standard-series.",https://learn.microsoft.com/azure/azure-sql/database/purchasing-models | https://learn.microsoft.com/azure/azure-sql/database/service-tiers-sql-database-vcore | https://learn.microsoft.com/azure/azure-sql/database/resource-limits-vcore-single-databases
GP_DC_10,Azure SQL Database,Single database / Elastic pool,vCore,General Purpose,Provisioned,DC-series,vCore,10,45.0,published,Generally available,2023-11,2023-07,2023-11,high,sqldb-dc-10-40,"DC-series hardware, 10-40 vCores",https://learn.microsoft.com/azure/azure-sql/database/resource-limits-vcore-single-databases,https://learn.microsoft.com/azure/azure-sql/database/doc-changes-updates-release-notes-whats-new-archive,,"1. Purchasing model: vCore is the model Microsoft recommends. Choose it when you value flexibility, control, and transparency, want to scale compute and storage independently, or want to apply Azure Hybrid Benefit or reserved capacity pricing. | 2. Choose when you need Always Encrypted with secure enclaves backed by hardware enclaves (Intel SGX) rather than Virtualization-based Security enclaves. | 3. Choose for workloads that process sensitive data and require confidential query processing inside the enclave. | 4. Confirm your subscription qualifies: DC-series requires a paid offer type such as Pay-As-You-Go or Enterprise Agreement. | 5. Do not choose it if you need the serverless compute tier or zone redundancy - DC-series supports neither. | 6. Check regional availability first; DC-series is offered only in selected regions, unlike standard-series. | 7. Size within 2-40 vCores at 4.5 GB of memory per vCore, which is below the 5.1 GB per vCore of standard-series.",https://learn.microsoft.com/azure/azure-sql/database/purchasing-models | https://learn.microsoft.com/azure/azure-sql/database/service-tiers-sql-database-vcore | https://learn.microsoft.com/azure/azure-sql/database/resource-limits-vcore-single-databases
GP_DC_12,Azure SQL Database,Single database / Elastic pool,vCore,General Purpose,Provisioned,DC-series,vCore,12,54.0,published,Generally available,2023-11,2023-07,2023-11,high,sqldb-dc-10-40,"DC-series hardware, 10-40 vCores",https://learn.microsoft.com/azure/azure-sql/database/resource-limits-vcore-single-databases,https://learn.microsoft.com/azure/azure-sql/database/doc-changes-updates-release-notes-whats-new-archive,,"1. Purchasing model: vCore is the model Microsoft recommends. Choose it when you value flexibility, control, and transparency, want to scale compute and storage independently, or want to apply Azure Hybrid Benefit or reserved capacity pricing. | 2. Choose when you need Always Encrypted with secure enclaves backed by hardware enclaves (Intel SGX) rather than Virtualization-based Security enclaves. | 3. Choose for workloads that process sensitive data and require confidential query processing inside the enclave. | 4. Confirm your subscription qualifies: DC-series requires a paid offer type such as Pay-As-You-Go or Enterprise Agreement. | 5. Do not choose it if you need the serverless compute tier or zone redundancy - DC-series supports neither. | 6. Check regional availability first; DC-series is offered only in selected regions, unlike standard-series. | 7. Size within 2-40 vCores at 4.5 GB of memory per vCore, which is below the 5.1 GB per vCore of standard-series.",https://learn.microsoft.com/azure/azure-sql/database/purchasing-models | https://learn.microsoft.com/azure/azure-sql/database/service-tiers-sql-database-vcore | https://learn.microsoft.com/azure/azure-sql/database/resource-limits-vcore-single-databases
GP_DC_14,Azure SQL Database,Single database / Elastic pool,vCore,General Purpose,Provisioned,DC-series,vCore,14,63.0,published,Generally available,2023-11,2023-07,2023-11,high,sqldb-dc-10-40,"DC-series hardware, 10-40 vCores",https://learn.microsoft.com/azure/azure-sql/database/resource-limits-vcore-single-databases,https://learn.microsoft.com/azure/azure-sql/database/doc-changes-updates-release-notes-whats-new-archive,,"1. Purchasing model: vCore is the model Microsoft recommends. Choose it when you value flexibility, control, and transparency, want to scale compute and storage independently, or want to apply Azure Hybrid Benefit or reserved capacity pricing. | 2. Choose when you need Always Encrypted with secure enclaves backed by hardware enclaves (Intel SGX) rather than Virtualization-based Security enclaves. | 3. Choose for workloads that process sensitive data and require confidential query processing inside the enclave. | 4. Confirm your subscription qualifies: DC-series requires a paid offer type such as Pay-As-You-Go or Enterprise Agreement. | 5. Do not choose it if you need the serverless compute tier or zone redundancy - DC-series supports neither. | 6. Check regional availability first; DC-series is offered only in selected regions, unlike standard-series. | 7. Size within 2-40 vCores at 4.5 GB of memory per vCore, which is below the 5.1 GB per vCore of standard-series.",https://learn.microsoft.com/azure/azure-sql/database/purchasing-models | https://learn.microsoft.com/azure/azure-sql/database/service-tiers-sql-database-vcore | https://learn.microsoft.com/azure/azure-sql/database/resource-limits-vcore-single-databases
GP_DC_16,Azure SQL Database,Single database / Elastic pool,vCore,General Purpose,Provisioned,DC-series,vCore,16,72.0,published,Generally available,2023-11,2023-07,2023-11,high,sqldb-dc-10-40,"DC-series hardware, 10-40 vCores",https://learn.microsoft.com/azure/azure-sql/database/resource-limits-vcore-single-databases,https://learn.microsoft.com/azure/azure-sql/database/doc-changes-updates-release-notes-whats-new-archive,,"1. Purchasing model: vCore is the model Microsoft recommends. Choose it when you value flexibility, control, and transparency, want to scale compute and storage independently, or want to apply Azure Hybrid Benefit or reserved capacity pricing. | 2. Choose when you need Always Encrypted with secure enclaves backed by hardware enclaves (Intel SGX) rather than Virtualization-based Security enclaves. | 3. Choose for workloads that process sensitive data and require confidential query processing inside the enclave. | 4. Confirm your subscription qualifies: DC-series requires a paid offer type such as Pay-As-You-Go or Enterprise Agreement. | 5. Do not choose it if you need the serverless compute tier or zone redundancy - DC-series supports neither. | 6. Check regional availability first; DC-series is offered only in selected regions, unlike standard-series. | 7. Size within 2-40 vCores at 4.5 GB of memory per vCore, which is below the 5.1 GB per vCore of standard-series.",https://learn.microsoft.com/azure/azure-sql/database/purchasing-models | https://learn.microsoft.com/azure/azure-sql/database/service-tiers-sql-database-vcore | https://learn.microsoft.com/azure/azure-sql/database/resource-limits-vcore-single-databases
GP_DC_18,Azure SQL Database,Single database / Elastic pool,vCore,General Purpose,Provisioned,DC-series,vCore,18,81.0,published,Generally available,2023-11,2023-07,2023-11,high,sqldb-dc-10-40,"DC-series hardware, 10-40 vCores",https://learn.microsoft.com/azure/azure-sql/database/resource-limits-vcore-single-databases,https://learn.microsoft.com/azure/azure-sql/database/doc-changes-updates-release-notes-whats-new-archive,,"1. Purchasing model: vCore is the model Microsoft recommends. Choose it when you value flexibility, control, and transparency, want to scale compute and storage independently, or want to apply Azure Hybrid Benefit or reserved capacity pricing. | 2. Choose when you need Always Encrypted with secure enclaves backed by hardware enclaves (Intel SGX) rather than Virtualization-based Security enclaves. | 3. Choose for workloads that process sensitive data and require confidential query processing inside the enclave. | 4. Confirm your subscription qualifies: DC-series requires a paid offer type such as Pay-As-You-Go or Enterprise Agreement. | 5. Do not choose it if you need the serverless compute tier or zone redundancy - DC-series supports neither. | 6. Check regional availability first; DC-series is offered only in selected regions, unlike standard-series. | 7. Size within 2-40 vCores at 4.5 GB of memory per vCore, which is below the 5.1 GB per vCore of standard-series.",https://learn.microsoft.com/azure/azure-sql/database/purchasing-models | https://learn.microsoft.com/azure/azure-sql/database/service-tiers-sql-database-vcore | https://learn.microsoft.com/azure/azure-sql/database/resource-limits-vcore-single-databases
GP_DC_20,Azure SQL Database,Single database / Elastic pool,vCore,General Purpose,Provisioned,DC-series,vCore,20,90.0,published,Generally available,2023-11,2023-07,2023-11,high,sqldb-dc-10-40,"DC-series hardware, 10-40 vCores",https://learn.microsoft.com/azure/azure-sql/database/resource-limits-vcore-single-databases,https://learn.microsoft.com/azure/azure-sql/database/doc-changes-updates-release-notes-whats-new-archive,,"1. Purchasing model: vCore is the model Microsoft recommends. Choose it when you value flexibility, control, and transparency, want to scale compute and storage independently, or want to apply Azure Hybrid Benefit or reserved capacity pricing. | 2. Choose when you need Always Encrypted with secure enclaves backed by hardware enclaves (Intel SGX) rather than Virtualization-based Security enclaves. | 3. Choose for workloads that process sensitive data and require confidential query processing inside the enclave. | 4. Confirm your subscription qualifies: DC-series requires a paid offer type such as Pay-As-You-Go or Enterprise Agreement. | 5. Do not choose it if you need the serverless compute tier or zone redundancy - DC-series supports neither. | 6. Check regional availability first; DC-series is offered only in selected regions, unlike standard-series. | 7. Size within 2-40 vCores at 4.5 GB of memory per vCore, which is below the 5.1 GB per vCore of standard-series.",https://learn.microsoft.com/azure/azure-sql/database/purchasing-models | https://learn.microsoft.com/azure/azure-sql/database/service-tiers-sql-database-vcore | https://learn.microsoft.com/azure/azure-sql/database/resource-limits-vcore-single-databases
GP_DC_32,Azure SQL Database,Single database / Elastic pool,vCore,General Purpose,Provisioned,DC-series,vCore,32,144.0,published,Generally available,2023-11,2023-07,2023-11,high,sqldb-dc-10-40,"DC-series hardware, 10-40 vCores",https://learn.microsoft.com/azure/azure-sql/database/resource-limits-vcore-single-databases,https://learn.microsoft.com/azure/azure-sql/database/doc-changes-updates-release-notes-whats-new-archive,,"1. Purchasing model: vCore is the model Microsoft recommends. Choose it when you value flexibility, control, and transparency, want to scale compute and storage independently, or want to apply Azure Hybrid Benefit or reserved capacity pricing. | 2. Choose when you need Always Encrypted with secure enclaves backed by hardware enclaves (Intel SGX) rather than Virtualization-based Security enclaves. | 3. Choose for workloads that process sensitive data and require confidential query processing inside the enclave. | 4. Confirm your subscription qualifies: DC-series requires a paid offer type such as Pay-As-You-Go or Enterprise Agreement. | 5. Do not choose it if you need the serverless compute tier or zone redundancy - DC-series supports neither. | 6. Check regional availability first; DC-series is offered only in selected regions, unlike standard-series. | 7. Size within 2-40 vCores at 4.5 GB of memory per vCore, which is below the 5.1 GB per vCore of standard-series.",https://learn.microsoft.com/azure/azure-sql/database/purchasing-models | https://learn.microsoft.com/azure/azure-sql/database/service-tiers-sql-database-vcore | https://learn.microsoft.com/azure/azure-sql/database/resource-limits-vcore-single-databases
GP_DC_40,Azure SQL Database,Single database / Elastic pool,vCore,General Purpose,Provisioned,DC-series,vCore,40,180.0,published,Generally available,2023-11,2023-07,2023-11,high,sqldb-dc-10-40,"DC-series hardware, 10-40 vCores",https://learn.microsoft.com/azure/azure-sql/database/resource-limits-vcore-single-databases,https://learn.microsoft.com/azure/azure-sql/database/doc-changes-updates-release-notes-whats-new-archive,,"1. Purchasing model: vCore is the model Microsoft recommends. Choose it when you value flexibility, control, and transparency, want to scale compute and storage independently, or want to apply Azure Hybrid Benefit or reserved capacity pricing. | 2. Choose when you need Always Encrypted with secure enclaves backed by hardware enclaves (Intel SGX) rather than Virtualization-based Security enclaves. | 3. Choose for workloads that process sensitive data and require confidential query processing inside the enclave. | 4. Confirm your subscription qualifies: DC-series requires a paid offer type such as Pay-As-You-Go or Enterprise Agreement. | 5. Do not choose it if you need the serverless compute tier or zone redundancy - DC-series supports neither. | 6. Check regional availability first; DC-series is offered only in selected regions, unlike standard-series. | 7. Size within 2-40 vCores at 4.5 GB of memory per vCore, which is below the 5.1 GB per vCore of standard-series.",https://learn.microsoft.com/azure/azure-sql/database/purchasing-models | https://learn.microsoft.com/azure/azure-sql/database/service-tiers-sql-database-vcore | https://learn.microsoft.com/azure/azure-sql/database/resource-limits-vcore-single-databases
BC_Gen5_2,Azure SQL Database,Single database / Elastic pool,vCore,Business Critical,Provisioned,Standard-series (Gen5),vCore,2,10.4,published,Generally available,2018-04,2017-09,2018-04,low,sqldb-vcore,"vCore purchasing model (General Purpose / Business Critical, Gen4 + Gen5)",https://learn.microsoft.com/azure/azure-sql/database/resource-limits-vcore-single-databases,https://azure.microsoft.com/en-us/blog/a-flexible-new-way-to-purchase-azure-sql-database/,Announced as a new purchasing option in September 2017 and generally available in the first half of 2018. The GA month is approximate.,"1. Purchasing model: vCore is the model Microsoft recommends. Choose it when you value flexibility, control, and transparency, want to scale compute and storage independently, or want to apply Azure Hybrid Benefit or reserved capacity pricing. | 2. Use when the workload needs consistently low IO latency, about 1-2 ms on average, from locally attached SSD storage. | 3. Use when reporting, analytics, or other read-only queries can be offloaded to the free read-scale replica included in the tier. | 4. Use when you need higher resiliency and faster recovery: three secondary replicas mean a secondary is promoted immediately on failure. | 5. Use when the workload needs In-Memory OLTP, which General Purpose and Hyperscale do not offer. | 6. Use when active geo-replication must guarantee an RPO of 5 seconds and an RTO of 30 seconds. | 7. Budget for roughly 2.7 times the General Purpose price, which is what the three extra replicas cost.",https://learn.microsoft.com/azure/azure-sql/database/purchasing-models | https://learn.microsoft.com/azure/azure-sql/database/service-tiers-sql-database-vcore | https://learn.microsoft.com/azure/azure-sql/database/resource-limits-vcore-single-databases
BC_Gen5_4,Azure SQL Database,Single database / Elastic pool,vCore,Business Critical,Provisioned,Standard-series (Gen5),vCore,4,20.8,published,Generally available,2018-04,2017-09,2018-04,low,sqldb-vcore,"vCore purchasing model (General Purpose / Business Critical, Gen4 + Gen5)",https://learn.microsoft.com/azure/azure-sql/database/resource-limits-vcore-single-databases,https://azure.microsoft.com/en-us/blog/a-flexible-new-way-to-purchase-azure-sql-database/,Announced as a new purchasing option in September 2017 and generally available in the first half of 2018. The GA month is approximate.,"1. Purchasing model: vCore is the model Microsoft recommends. Choose it when you value flexibility, control, and transparency, want to scale compute and storage independently, or want to apply Azure Hybrid Benefit or reserved capacity pricing. | 2. Use when the workload needs consistently low IO latency, about 1-2 ms on average, from locally attached SSD storage. | 3. Use when reporting, analytics, or other read-only queries can be offloaded to the free read-scale replica included in the tier. | 4. Use when you need higher resiliency and faster recovery: three secondary replicas mean a secondary is promoted immediately on failure. | 5. Use when the workload needs In-Memory OLTP, which General Purpose and Hyperscale do not offer. | 6. Use when active geo-replication must guarantee an RPO of 5 seconds and an RTO of 30 seconds. | 7. Budget for roughly 2.7 times the General Purpose price, which is what the three extra replicas cost.",https://learn.microsoft.com/azure/azure-sql/database/purchasing-models | https://learn.microsoft.com/azure/azure-sql/database/service-tiers-sql-database-vcore | https://learn.microsoft.com/azure/azure-sql/database/resource-limits-vcore-single-databases
BC_Gen5_6,Azure SQL Database,Single database / Elastic pool,vCore,Business Critical,Provisioned,Standard-series (Gen5),vCore,6,31.1,published,Generally available,2018-04,2017-09,2018-04,low,sqldb-vcore,"vCore purchasing model (General Purpose / Business Critical, Gen4 + Gen5)",https://learn.microsoft.com/azure/azure-sql/database/resource-limits-vcore-single-databases,https://azure.microsoft.com/en-us/blog/a-flexible-new-way-to-purchase-azure-sql-database/,Announced as a new purchasing option in September 2017 and generally available in the first half of 2018. The GA month is approximate.,"1. Purchasing model: vCore is the model Microsoft recommends. Choose it when you value flexibility, control, and transparency, want to scale compute and storage independently, or want to apply Azure Hybrid Benefit or reserved capacity pricing. | 2. Use when the workload needs consistently low IO latency, about 1-2 ms on average, from locally attached SSD storage. | 3. Use when reporting, analytics, or other read-only queries can be offloaded to the free read-scale replica included in the tier. | 4. Use when you need higher resiliency and faster recovery: three secondary replicas mean a secondary is promoted immediately on failure. | 5. Use when the workload needs In-Memory OLTP, which General Purpose and Hyperscale do not offer. | 6. Use when active geo-replication must guarantee an RPO of 5 seconds and an RTO of 30 seconds. | 7. Budget for roughly 2.7 times the General Purpose price, which is what the three extra replicas cost.",https://learn.microsoft.com/azure/azure-sql/database/purchasing-models | https://learn.microsoft.com/azure/azure-sql/database/service-tiers-sql-database-vcore | https://learn.microsoft.com/azure/azure-sql/database/resource-limits-vcore-single-databases
BC_Gen5_8,Azure SQL Database,Single database / Elastic pool,vCore,Business Critical,Provisioned,Standard-series (Gen5),vCore,8,41.5,published,Generally available,2018-04,2017-09,2018-04,low,sqldb-vcore,"vCore purchasing model (General Purpose / Business Critical, Gen4 + Gen5)",https://learn.microsoft.com/azure/azure-sql/database/resource-limits-vcore-single-databases,https://azure.microsoft.com/en-us/blog/a-flexible-new-way-to-purchase-azure-sql-database/,Announced as a new purchasing option in September 2017 and generally available in the first half of 2018. The GA month is approximate.,"1. Purchasing model: vCore is the model Microsoft recommends. Choose it when you value flexibility, control, and transparency, want to scale compute and storage independently, or want to apply Azure Hybrid Benefit or reserved capacity pricing. | 2. Use when the workload needs consistently low IO latency, about 1-2 ms on average, from locally attached SSD storage. | 3. Use when reporting, analytics, or other read-only queries can be offloaded to the free read-scale replica included in the tier. | 4. Use when you need higher resiliency and faster recovery: three secondary replicas mean a secondary is promoted immediately on failure. | 5. Use when the workload needs In-Memory OLTP, which General Purpose and Hyperscale do not offer. | 6. Use when active geo-replication must guarantee an RPO of 5 seconds and an RTO of 30 seconds. | 7. Budget for roughly 2.7 times the General Purpose price, which is what the three extra replicas cost.",https://learn.microsoft.com/azure/azure-sql/database/purchasing-models | https://learn.microsoft.com/azure/azure-sql/database/service-tiers-sql-database-vcore | https://learn.microsoft.com/azure/azure-sql/database/resource-limits-vcore-single-databases
BC_Gen5_10,Azure SQL Database,Single database / Elastic pool,vCore,Business Critical,Provisioned,Standard-series (Gen5),vCore,10,51.9,published,Generally available,2018-04,2017-09,2018-04,low,sqldb-vcore,"vCore purchasing model (General Purpose / Business Critical, Gen4 + Gen5)",https://learn.microsoft.com/azure/azure-sql/database/resource-limits-vcore-single-databases,https://azure.microsoft.com/en-us/blog/a-flexible-new-way-to-purchase-azure-sql-database/,Announced as a new purchasing option in September 2017 and generally available in the first half of 2018. The GA month is approximate.,"1. Purchasing model: vCore is the model Microsoft recommends. Choose it when you value flexibility, control, and transparency, want to scale compute and storage independently, or want to apply Azure Hybrid Benefit or reserved capacity pricing. | 2. Use when the workload needs consistently low IO latency, about 1-2 ms on average, from locally attached SSD storage. | 3. Use when reporting, analytics, or other read-only queries can be offloaded to the free read-scale replica included in the tier. | 4. Use when you need higher resiliency and faster recovery: three secondary replicas mean a secondary is promoted immediately on failure. | 5. Use when the workload needs In-Memory OLTP, which General Purpose and Hyperscale do not offer. | 6. Use when active geo-replication must guarantee an RPO of 5 seconds and an RTO of 30 seconds. | 7. Budget for roughly 2.7 times the General Purpose price, which is what the three extra replicas cost.",https://learn.microsoft.com/azure/azure-sql/database/purchasing-models | https://learn.microsoft.com/azure/azure-sql/database/service-tiers-sql-database-vcore | https://learn.microsoft.com/azure/azure-sql/database/resource-limits-vcore-single-databases
BC_Gen5_12,Azure SQL Database,Single database / Elastic pool,vCore,Business Critical,Provisioned,Standard-series (Gen5),vCore,12,62.3,published,Generally available,2018-04,2017-09,2018-04,low,sqldb-vcore,"vCore purchasing model (General Purpose / Business Critical, Gen4 + Gen5)",https://learn.microsoft.com/azure/azure-sql/database/resource-limits-vcore-single-databases,https://azure.microsoft.com/en-us/blog/a-flexible-new-way-to-purchase-azure-sql-database/,Announced as a new purchasing option in September 2017 and generally available in the first half of 2018. The GA month is approximate.,"1. Purchasing model: vCore is the model Microsoft recommends. Choose it when you value flexibility, control, and transparency, want to scale compute and storage independently, or want to apply Azure Hybrid Benefit or reserved capacity pricing. | 2. Use when the workload needs consistently low IO latency, about 1-2 ms on average, from locally attached SSD storage. | 3. Use when reporting, analytics, or other read-only queries can be offloaded to the free read-scale replica included in the tier. | 4. Use when you need higher resiliency and faster recovery: three secondary replicas mean a secondary is promoted immediately on failure. | 5. Use when the workload needs In-Memory OLTP, which General Purpose and Hyperscale do not offer. | 6. Use when active geo-replication must guarantee an RPO of 5 seconds and an RTO of 30 seconds. | 7. Budget for roughly 2.7 times the General Purpose price, which is what the three extra replicas cost.",https://learn.microsoft.com/azure/azure-sql/database/purchasing-models | https://learn.microsoft.com/azure/azure-sql/database/service-tiers-sql-database-vcore | https://learn.microsoft.com/azure/azure-sql/database/resource-limits-vcore-single-databases
BC_Gen5_14,Azure SQL Database,Single database / Elastic pool,vCore,Business Critical,Provisioned,Standard-series (Gen5),vCore,14,72.7,published,Generally available,2018-04,2017-09,2018-04,low,sqldb-vcore,"vCore purchasing model (General Purpose / Business Critical, Gen4 + Gen5)",https://learn.microsoft.com/azure/azure-sql/database/resource-limits-vcore-single-databases,https://azure.microsoft.com/en-us/blog/a-flexible-new-way-to-purchase-azure-sql-database/,Announced as a new purchasing option in September 2017 and generally available in the first half of 2018. The GA month is approximate.,"1. Purchasing model: vCore is the model Microsoft recommends. Choose it when you value flexibility, control, and transparency, want to scale compute and storage independently, or want to apply Azure Hybrid Benefit or reserved capacity pricing. | 2. Use when the workload needs consistently low IO latency, about 1-2 ms on average, from locally attached SSD storage. | 3. Use when reporting, analytics, or other read-only queries can be offloaded to the free read-scale replica included in the tier. | 4. Use when you need higher resiliency and faster recovery: three secondary replicas mean a secondary is promoted immediately on failure. | 5. Use when the workload needs In-Memory OLTP, which General Purpose and Hyperscale do not offer. | 6. Use when active geo-replication must guarantee an RPO of 5 seconds and an RTO of 30 seconds. | 7. Budget for roughly 2.7 times the General Purpose price, which is what the three extra replicas cost.",https://learn.microsoft.com/azure/azure-sql/database/purchasing-models | https://learn.microsoft.com/azure/azure-sql/database/service-tiers-sql-database-vcore | https://learn.microsoft.com/azure/azure-sql/database/resource-limits-vcore-single-databases
BC_Gen5_16,Azure SQL Database,Single database / Elastic pool,vCore,Business Critical,Provisioned,Standard-series (Gen5),vCore,16,83.0,published,Generally available,2018-04,2017-09,2018-04,low,sqldb-vcore,"vCore purchasing model (General Purpose / Business Critical, Gen4 + Gen5)",https://learn.microsoft.com/azure/azure-sql/database/resource-limits-vcore-single-databases,https://azure.microsoft.com/en-us/blog/a-flexible-new-way-to-purchase-azure-sql-database/,Announced as a new purchasing option in September 2017 and generally available in the first half of 2018. The GA month is approximate.,"1. Purchasing model: vCore is the model Microsoft recommends. Choose it when you value flexibility, control, and transparency, want to scale compute and storage independently, or want to apply Azure Hybrid Benefit or reserved capacity pricing. | 2. Use when the workload needs consistently low IO latency, about 1-2 ms on average, from locally attached SSD storage. | 3. Use when reporting, analytics, or other read-only queries can be offloaded to the free read-scale replica included in the tier. | 4. Use when you need higher resiliency and faster recovery: three secondary replicas mean a secondary is promoted immediately on failure. | 5. Use when the workload needs In-Memory OLTP, which General Purpose and Hyperscale do not offer. | 6. Use when active geo-replication must guarantee an RPO of 5 seconds and an RTO of 30 seconds. | 7. Budget for roughly 2.7 times the General Purpose price, which is what the three extra replicas cost.",https://learn.microsoft.com/azure/azure-sql/database/purchasing-models | https://learn.microsoft.com/azure/azure-sql/database/service-tiers-sql-database-vcore | https://learn.microsoft.com/azure/azure-sql/database/resource-limits-vcore-single-databases
BC_Gen5_18,Azure SQL Database,Single database / Elastic pool,vCore,Business Critical,Provisioned,Standard-series (Gen5),vCore,18,93.4,published,Generally available,2018-04,2017-09,2018-04,low,sqldb-vcore,"vCore purchasing model (General Purpose / Business Critical, Gen4 + Gen5)",https://learn.microsoft.com/azure/azure-sql/database/resource-limits-vcore-single-databases,https://azure.microsoft.com/en-us/blog/a-flexible-new-way-to-purchase-azure-sql-database/,Announced as a new purchasing option in September 2017 and generally available in the first half of 2018. The GA month is approximate.,"1. Purchasing model: vCore is the model Microsoft recommends. Choose it when you value flexibility, control, and transparency, want to scale compute and storage independently, or want to apply Azure Hybrid Benefit or reserved capacity pricing. | 2. Use when the workload needs consistently low IO latency, about 1-2 ms on average, from locally attached SSD storage. | 3. Use when reporting, analytics, or other read-only queries can be offloaded to the free read-scale replica included in the tier. | 4. Use when you need higher resiliency and faster recovery: three secondary replicas mean a secondary is promoted immediately on failure. | 5. Use when the workload needs In-Memory OLTP, which General Purpose and Hyperscale do not offer. | 6. Use when active geo-replication must guarantee an RPO of 5 seconds and an RTO of 30 seconds. | 7. Budget for roughly 2.7 times the General Purpose price, which is what the three extra replicas cost.",https://learn.microsoft.com/azure/azure-sql/database/purchasing-models | https://learn.microsoft.com/azure/azure-sql/database/service-tiers-sql-database-vcore | https://learn.microsoft.com/azure/azure-sql/database/resource-limits-vcore-single-databases
BC_Gen5_20,Azure SQL Database,Single database / Elastic pool,vCore,Business Critical,Provisioned,Standard-series (Gen5),vCore,20,103.8,published,Generally available,2018-04,2017-09,2018-04,low,sqldb-vcore,"vCore purchasing model (General Purpose / Business Critical, Gen4 + Gen5)",https://learn.microsoft.com/azure/azure-sql/database/resource-limits-vcore-single-databases,https://azure.microsoft.com/en-us/blog/a-flexible-new-way-to-purchase-azure-sql-database/,Announced as a new purchasing option in September 2017 and generally available in the first half of 2018. The GA month is approximate.,"1. Purchasing model: vCore is the model Microsoft recommends. Choose it when you value flexibility, control, and transparency, want to scale compute and storage independently, or want to apply Azure Hybrid Benefit or reserved capacity pricing. | 2. Use when the workload needs consistently low IO latency, about 1-2 ms on average, from locally attached SSD storage. | 3. Use when reporting, analytics, or other read-only queries can be offloaded to the free read-scale replica included in the tier. | 4. Use when you need higher resiliency and faster recovery: three secondary replicas mean a secondary is promoted immediately on failure. | 5. Use when the workload needs In-Memory OLTP, which General Purpose and Hyperscale do not offer. | 6. Use when active geo-replication must guarantee an RPO of 5 seconds and an RTO of 30 seconds. | 7. Budget for roughly 2.7 times the General Purpose price, which is what the three extra replicas cost.",https://learn.microsoft.com/azure/azure-sql/database/purchasing-models | https://learn.microsoft.com/azure/azure-sql/database/service-tiers-sql-database-vcore | https://learn.microsoft.com/azure/azure-sql/database/resource-limits-vcore-single-databases
BC_Gen5_24,Azure SQL Database,Single database / Elastic pool,vCore,Business Critical,Provisioned,Standard-series (Gen5),vCore,24,124.6,published,Generally available,2018-04,2017-09,2018-04,low,sqldb-vcore,"vCore purchasing model (General Purpose / Business Critical, Gen4 + Gen5)",https://learn.microsoft.com/azure/azure-sql/database/resource-limits-vcore-single-databases,https://azure.microsoft.com/en-us/blog/a-flexible-new-way-to-purchase-azure-sql-database/,Announced as a new purchasing option in September 2017 and generally available in the first half of 2018. The GA month is approximate.,"1. Purchasing model: vCore is the model Microsoft recommends. Choose it when you value flexibility, control, and transparency, want to scale compute and storage independently, or want to apply Azure Hybrid Benefit or reserved capacity pricing. | 2. Use when the workload needs consistently low IO latency, about 1-2 ms on average, from locally attached SSD storage. | 3. Use when reporting, analytics, or other read-only queries can be offloaded to the free read-scale replica included in the tier. | 4. Use when you need higher resiliency and faster recovery: three secondary replicas mean a secondary is promoted immediately on failure. | 5. Use when the workload needs In-Memory OLTP, which General Purpose and Hyperscale do not offer. | 6. Use when active geo-replication must guarantee an RPO of 5 seconds and an RTO of 30 seconds. | 7. Budget for roughly 2.7 times the General Purpose price, which is what the three extra replicas cost.",https://learn.microsoft.com/azure/azure-sql/database/purchasing-models | https://learn.microsoft.com/azure/azure-sql/database/service-tiers-sql-database-vcore | https://learn.microsoft.com/azure/azure-sql/database/resource-limits-vcore-single-databases
BC_Gen5_32,Azure SQL Database,Single database / Elastic pool,vCore,Business Critical,Provisioned,Standard-series (Gen5),vCore,32,166.1,published,Generally available,2018-04,2017-09,2018-04,low,sqldb-vcore,"vCore purchasing model (General Purpose / Business Critical, Gen4 + Gen5)",https://learn.microsoft.com/azure/azure-sql/database/resource-limits-vcore-single-databases,https://azure.microsoft.com/en-us/blog/a-flexible-new-way-to-purchase-azure-sql-database/,Announced as a new purchasing option in September 2017 and generally available in the first half of 2018. The GA month is approximate.,"1. Purchasing model: vCore is the model Microsoft recommends. Choose it when you value flexibility, control, and transparency, want to scale compute and storage independently, or want to apply Azure Hybrid Benefit or reserved capacity pricing. | 2. Use when the workload needs consistently low IO latency, about 1-2 ms on average, from locally attached SSD storage. | 3. Use when reporting, analytics, or other read-only queries can be offloaded to the free read-scale replica included in the tier. | 4. Use when you need higher resiliency and faster recovery: three secondary replicas mean a secondary is promoted immediately on failure. | 5. Use when the workload needs In-Memory OLTP, which General Purpose and Hyperscale do not offer. | 6. Use when active geo-replication must guarantee an RPO of 5 seconds and an RTO of 30 seconds. | 7. Budget for roughly 2.7 times the General Purpose price, which is what the three extra replicas cost.",https://learn.microsoft.com/azure/azure-sql/database/purchasing-models | https://learn.microsoft.com/azure/azure-sql/database/service-tiers-sql-database-vcore | https://learn.microsoft.com/azure/azure-sql/database/resource-limits-vcore-single-databases
BC_Gen5_40,Azure SQL Database,Single database / Elastic pool,vCore,Business Critical,Provisioned,Standard-series (Gen5),vCore,40,207.6,published,Generally available,2018-04,2017-09,2018-04,low,sqldb-vcore,"vCore purchasing model (General Purpose / Business Critical, Gen4 + Gen5)",https://learn.microsoft.com/azure/azure-sql/database/resource-limits-vcore-single-databases,https://azure.microsoft.com/en-us/blog/a-flexible-new-way-to-purchase-azure-sql-database/,Announced as a new purchasing option in September 2017 and generally available in the first half of 2018. The GA month is approximate.,"1. Purchasing model: vCore is the model Microsoft recommends. Choose it when you value flexibility, control, and transparency, want to scale compute and storage independently, or want to apply Azure Hybrid Benefit or reserved capacity pricing. | 2. Use when the workload needs consistently low IO latency, about 1-2 ms on average, from locally attached SSD storage. | 3. Use when reporting, analytics, or other read-only queries can be offloaded to the free read-scale replica included in the tier. | 4. Use when you need higher resiliency and faster recovery: three secondary replicas mean a secondary is promoted immediately on failure. | 5. Use when the workload needs In-Memory OLTP, which General Purpose and Hyperscale do not offer. | 6. Use when active geo-replication must guarantee an RPO of 5 seconds and an RTO of 30 seconds. | 7. Budget for roughly 2.7 times the General Purpose price, which is what the three extra replicas cost.",https://learn.microsoft.com/azure/azure-sql/database/purchasing-models | https://learn.microsoft.com/azure/azure-sql/database/service-tiers-sql-database-vcore | https://learn.microsoft.com/azure/azure-sql/database/resource-limits-vcore-single-databases
BC_Gen5_80,Azure SQL Database,Single database / Elastic pool,vCore,Business Critical,Provisioned,Standard-series (Gen5),vCore,80,415.2,published,Generally available,2018-04,2017-09,2018-04,low,sqldb-vcore,"vCore purchasing model (General Purpose / Business Critical, Gen4 + Gen5)",https://learn.microsoft.com/azure/azure-sql/database/resource-limits-vcore-single-databases,https://azure.microsoft.com/en-us/blog/a-flexible-new-way-to-purchase-azure-sql-database/,Announced as a new purchasing option in September 2017 and generally available in the first half of 2018. The GA month is approximate.,"1. Purchasing model: vCore is the model Microsoft recommends. Choose it when you value flexibility, control, and transparency, want to scale compute and storage independently, or want to apply Azure Hybrid Benefit or reserved capacity pricing. | 2. Use when the workload needs consistently low IO latency, about 1-2 ms on average, from locally attached SSD storage. | 3. Use when reporting, analytics, or other read-only queries can be offloaded to the free read-scale replica included in the tier. | 4. Use when you need higher resiliency and faster recovery: three secondary replicas mean a secondary is promoted immediately on failure. | 5. Use when the workload needs In-Memory OLTP, which General Purpose and Hyperscale do not offer. | 6. Use when active geo-replication must guarantee an RPO of 5 seconds and an RTO of 30 seconds. | 7. Budget for roughly 2.7 times the General Purpose price, which is what the three extra replicas cost.",https://learn.microsoft.com/azure/azure-sql/database/purchasing-models | https://learn.microsoft.com/azure/azure-sql/database/service-tiers-sql-database-vcore | https://learn.microsoft.com/azure/azure-sql/database/resource-limits-vcore-single-databases
BC_Gen5_128,Azure SQL Database,Single database / Elastic pool,vCore,Business Critical,Provisioned,Standard-series (Gen5),vCore,128,625.0,published,Generally available,2023-06,2022,2023-06,high,sqldb-128-vcore,"128 vCore compute size (General Purpose and Business Critical, standard-series)",https://learn.microsoft.com/azure/azure-sql/database/resource-limits-vcore-single-databases,https://learn.microsoft.com/azure/azure-sql/database/doc-changes-updates-release-notes-whats-new-archive,"Learn what's-new archive, 2023: '128 vCore GA | June'. The original announcement blog post has been removed from Tech Community.","1. Purchasing model: vCore is the model Microsoft recommends. Choose it when you value flexibility, control, and transparency, want to scale compute and storage independently, or want to apply Azure Hybrid Benefit or reserved capacity pricing. | 2. Use when the workload needs consistently low IO latency, about 1-2 ms on average, from locally attached SSD storage. | 3. Use when reporting, analytics, or other read-only queries can be offloaded to the free read-scale replica included in the tier. | 4. Use when you need higher resiliency and faster recovery: three secondary replicas mean a secondary is promoted immediately on failure. | 5. Use when the workload needs In-Memory OLTP, which General Purpose and Hyperscale do not offer. | 6. Use when active geo-replication must guarantee an RPO of 5 seconds and an RTO of 30 seconds. | 7. Budget for roughly 2.7 times the General Purpose price, which is what the three extra replicas cost.",https://learn.microsoft.com/azure/azure-sql/database/purchasing-models | https://learn.microsoft.com/azure/azure-sql/database/service-tiers-sql-database-vcore | https://learn.microsoft.com/azure/azure-sql/database/resource-limits-vcore-single-databases
BC_DC_2,Azure SQL Database,Single database / Elastic pool,vCore,Business Critical,Provisioned,DC-series,vCore,2,9.0,published,Generally available,2021-11,2019,2021-11,low,sqldb-dc-2-8,"DC-series hardware, 2-8 vCores (Intel SGX / Always Encrypted with secure enclaves)",https://learn.microsoft.com/azure/azure-sql/database/resource-limits-vcore-single-databases,https://learn.microsoft.com/azure/azure-sql/database/service-tiers-sql-database-vcore,GA month reconstructed from the DC-series rollout; treat as approximate.,"1. Purchasing model: vCore is the model Microsoft recommends. Choose it when you value flexibility, control, and transparency, want to scale compute and storage independently, or want to apply Azure Hybrid Benefit or reserved capacity pricing. | 2. Choose when you need Always Encrypted with secure enclaves backed by hardware enclaves (Intel SGX) rather than Virtualization-based Security enclaves. | 3. Choose for workloads that process sensitive data and require confidential query processing inside the enclave. | 4. Confirm your subscription qualifies: DC-series requires a paid offer type such as Pay-As-You-Go or Enterprise Agreement. | 5. Do not choose it if you need the serverless compute tier or zone redundancy - DC-series supports neither. | 6. Check regional availability first; DC-series is offered only in selected regions, unlike standard-series. | 7. Size within 2-40 vCores at 4.5 GB of memory per vCore, which is below the 5.1 GB per vCore of standard-series.",https://learn.microsoft.com/azure/azure-sql/database/purchasing-models | https://learn.microsoft.com/azure/azure-sql/database/service-tiers-sql-database-vcore | https://learn.microsoft.com/azure/azure-sql/database/resource-limits-vcore-single-databases
BC_DC_4,Azure SQL Database,Single database / Elastic pool,vCore,Business Critical,Provisioned,DC-series,vCore,4,18.0,published,Generally available,2021-11,2019,2021-11,low,sqldb-dc-2-8,"DC-series hardware, 2-8 vCores (Intel SGX / Always Encrypted with secure enclaves)",https://learn.microsoft.com/azure/azure-sql/database/resource-limits-vcore-single-databases,https://learn.microsoft.com/azure/azure-sql/database/service-tiers-sql-database-vcore,GA month reconstructed from the DC-series rollout; treat as approximate.,"1. Purchasing model: vCore is the model Microsoft recommends. Choose it when you value flexibility, control, and transparency, want to scale compute and storage independently, or want to apply Azure Hybrid Benefit or reserved capacity pricing. | 2. Choose when you need Always Encrypted with secure enclaves backed by hardware enclaves (Intel SGX) rather than Virtualization-based Security enclaves. | 3. Choose for workloads that process sensitive data and require confidential query processing inside the enclave. | 4. Confirm your subscription qualifies: DC-series requires a paid offer type such as Pay-As-You-Go or Enterprise Agreement. | 5. Do not choose it if you need the serverless compute tier or zone redundancy - DC-series supports neither. | 6. Check regional availability first; DC-series is offered only in selected regions, unlike standard-series. | 7. Size within 2-40 vCores at 4.5 GB of memory per vCore, which is below the 5.1 GB per vCore of standard-series.",https://learn.microsoft.com/azure/azure-sql/database/purchasing-models | https://learn.microsoft.com/azure/azure-sql/database/service-tiers-sql-database-vcore | https://learn.microsoft.com/azure/azure-sql/database/resource-limits-vcore-single-databases
BC_DC_6,Azure SQL Database,Single database / Elastic pool,vCore,Business Critical,Provisioned,DC-series,vCore,6,27.0,published,Generally available,2021-11,2019,2021-11,low,sqldb-dc-2-8,"DC-series hardware, 2-8 vCores (Intel SGX / Always Encrypted with secure enclaves)",https://learn.microsoft.com/azure/azure-sql/database/resource-limits-vcore-single-databases,https://learn.microsoft.com/azure/azure-sql/database/service-tiers-sql-database-vcore,GA month reconstructed from the DC-series rollout; treat as approximate.,"1. Purchasing model: vCore is the model Microsoft recommends. Choose it when you value flexibility, control, and transparency, want to scale compute and storage independently, or want to apply Azure Hybrid Benefit or reserved capacity pricing. | 2. Choose when you need Always Encrypted with secure enclaves backed by hardware enclaves (Intel SGX) rather than Virtualization-based Security enclaves. | 3. Choose for workloads that process sensitive data and require confidential query processing inside the enclave. | 4. Confirm your subscription qualifies: DC-series requires a paid offer type such as Pay-As-You-Go or Enterprise Agreement. | 5. Do not choose it if you need the serverless compute tier or zone redundancy - DC-series supports neither. | 6. Check regional availability first; DC-series is offered only in selected regions, unlike standard-series. | 7. Size within 2-40 vCores at 4.5 GB of memory per vCore, which is below the 5.1 GB per vCore of standard-series.",https://learn.microsoft.com/azure/azure-sql/database/purchasing-models | https://learn.microsoft.com/azure/azure-sql/database/service-tiers-sql-database-vcore | https://learn.microsoft.com/azure/azure-sql/database/resource-limits-vcore-single-databases
BC_DC_8,Azure SQL Database,Single database / Elastic pool,vCore,Business Critical,Provisioned,DC-series,vCore,8,36.0,published,Generally available,2021-11,2019,2021-11,low,sqldb-dc-2-8,"DC-series hardware, 2-8 vCores (Intel SGX / Always Encrypted with secure enclaves)",https://learn.microsoft.com/azure/azure-sql/database/resource-limits-vcore-single-databases,https://learn.microsoft.com/azure/azure-sql/database/service-tiers-sql-database-vcore,GA month reconstructed from the DC-series rollout; treat as approximate.,"1. Purchasing model: vCore is the model Microsoft recommends. Choose it when you value flexibility, control, and transparency, want to scale compute and storage independently, or want to apply Azure Hybrid Benefit or reserved capacity pricing. | 2. Choose when you need Always Encrypted with secure enclaves backed by hardware enclaves (Intel SGX) rather than Virtualization-based Security enclaves. | 3. Choose for workloads that process sensitive data and require confidential query processing inside the enclave. | 4. Confirm your subscription qualifies: DC-series requires a paid offer type such as Pay-As-You-Go or Enterprise Agreement. | 5. Do not choose it if you need the serverless compute tier or zone redundancy - DC-series supports neither. | 6. Check regional availability first; DC-series is offered only in selected regions, unlike standard-series. | 7. Size within 2-40 vCores at 4.5 GB of memory per vCore, which is below the 5.1 GB per vCore of standard-series.",https://learn.microsoft.com/azure/azure-sql/database/purchasing-models | https://learn.microsoft.com/azure/azure-sql/database/service-tiers-sql-database-vcore | https://learn.microsoft.com/azure/azure-sql/database/resource-limits-vcore-single-databases
BC_DC_10,Azure SQL Database,Single database / Elastic pool,vCore,Business Critical,Provisioned,DC-series,vCore,10,45.0,published,Generally available,2023-11,2023-07,2023-11,high,sqldb-dc-10-40,"DC-series hardware, 10-40 vCores",https://learn.microsoft.com/azure/azure-sql/database/resource-limits-vcore-single-databases,https://learn.microsoft.com/azure/azure-sql/database/doc-changes-updates-release-notes-whats-new-archive,,"1. Purchasing model: vCore is the model Microsoft recommends. Choose it when you value flexibility, control, and transparency, want to scale compute and storage independently, or want to apply Azure Hybrid Benefit or reserved capacity pricing. | 2. Choose when you need Always Encrypted with secure enclaves backed by hardware enclaves (Intel SGX) rather than Virtualization-based Security enclaves. | 3. Choose for workloads that process sensitive data and require confidential query processing inside the enclave. | 4. Confirm your subscription qualifies: DC-series requires a paid offer type such as Pay-As-You-Go or Enterprise Agreement. | 5. Do not choose it if you need the serverless compute tier or zone redundancy - DC-series supports neither. | 6. Check regional availability first; DC-series is offered only in selected regions, unlike standard-series. | 7. Size within 2-40 vCores at 4.5 GB of memory per vCore, which is below the 5.1 GB per vCore of standard-series.",https://learn.microsoft.com/azure/azure-sql/database/purchasing-models | https://learn.microsoft.com/azure/azure-sql/database/service-tiers-sql-database-vcore | https://learn.microsoft.com/azure/azure-sql/database/resource-limits-vcore-single-databases
BC_DC_12,Azure SQL Database,Single database / Elastic pool,vCore,Business Critical,Provisioned,DC-series,vCore,12,54.0,published,Generally available,2023-11,2023-07,2023-11,high,sqldb-dc-10-40,"DC-series hardware, 10-40 vCores",https://learn.microsoft.com/azure/azure-sql/database/resource-limits-vcore-single-databases,https://learn.microsoft.com/azure/azure-sql/database/doc-changes-updates-release-notes-whats-new-archive,,"1. Purchasing model: vCore is the model Microsoft recommends. Choose it when you value flexibility, control, and transparency, want to scale compute and storage independently, or want to apply Azure Hybrid Benefit or reserved capacity pricing. | 2. Choose when you need Always Encrypted with secure enclaves backed by hardware enclaves (Intel SGX) rather than Virtualization-based Security enclaves. | 3. Choose for workloads that process sensitive data and require confidential query processing inside the enclave. | 4. Confirm your subscription qualifies: DC-series requires a paid offer type such as Pay-As-You-Go or Enterprise Agreement. | 5. Do not choose it if you need the serverless compute tier or zone redundancy - DC-series supports neither. | 6. Check regional availability first; DC-series is offered only in selected regions, unlike standard-series. | 7. Size within 2-40 vCores at 4.5 GB of memory per vCore, which is below the 5.1 GB per vCore of standard-series.",https://learn.microsoft.com/azure/azure-sql/database/purchasing-models | https://learn.microsoft.com/azure/azure-sql/database/service-tiers-sql-database-vcore | https://learn.microsoft.com/azure/azure-sql/database/resource-limits-vcore-single-databases
BC_DC_14,Azure SQL Database,Single database / Elastic pool,vCore,Business Critical,Provisioned,DC-series,vCore,14,63.0,published,Generally available,2023-11,2023-07,2023-11,high,sqldb-dc-10-40,"DC-series hardware, 10-40 vCores",https://learn.microsoft.com/azure/azure-sql/database/resource-limits-vcore-single-databases,https://learn.microsoft.com/azure/azure-sql/database/doc-changes-updates-release-notes-whats-new-archive,,"1. Purchasing model: vCore is the model Microsoft recommends. Choose it when you value flexibility, control, and transparency, want to scale compute and storage independently, or want to apply Azure Hybrid Benefit or reserved capacity pricing. | 2. Choose when you need Always Encrypted with secure enclaves backed by hardware enclaves (Intel SGX) rather than Virtualization-based Security enclaves. | 3. Choose for workloads that process sensitive data and require confidential query processing inside the enclave. | 4. Confirm your subscription qualifies: DC-series requires a paid offer type such as Pay-As-You-Go or Enterprise Agreement. | 5. Do not choose it if you need the serverless compute tier or zone redundancy - DC-series supports neither. | 6. Check regional availability first; DC-series is offered only in selected regions, unlike standard-series. | 7. Size within 2-40 vCores at 4.5 GB of memory per vCore, which is below the 5.1 GB per vCore of standard-series.",https://learn.microsoft.com/azure/azure-sql/database/purchasing-models | https://learn.microsoft.com/azure/azure-sql/database/service-tiers-sql-database-vcore | https://learn.microsoft.com/azure/azure-sql/database/resource-limits-vcore-single-databases
BC_DC_16,Azure SQL Database,Single database / Elastic pool,vCore,Business Critical,Provisioned,DC-series,vCore,16,72.0,published,Generally available,2023-11,2023-07,2023-11,high,sqldb-dc-10-40,"DC-series hardware, 10-40 vCores",https://learn.microsoft.com/azure/azure-sql/database/resource-limits-vcore-single-databases,https://learn.microsoft.com/azure/azure-sql/database/doc-changes-updates-release-notes-whats-new-archive,,"1. Purchasing model: vCore is the model Microsoft recommends. Choose it when you value flexibility, control, and transparency, want to scale compute and storage independently, or want to apply Azure Hybrid Benefit or reserved capacity pricing. | 2. Choose when you need Always Encrypted with secure enclaves backed by hardware enclaves (Intel SGX) rather than Virtualization-based Security enclaves. | 3. Choose for workloads that process sensitive data and require confidential query processing inside the enclave. | 4. Confirm your subscription qualifies: DC-series requires a paid offer type such as Pay-As-You-Go or Enterprise Agreement. | 5. Do not choose it if you need the serverless compute tier or zone redundancy - DC-series supports neither. | 6. Check regional availability first; DC-series is offered only in selected regions, unlike standard-series. | 7. Size within 2-40 vCores at 4.5 GB of memory per vCore, which is below the 5.1 GB per vCore of standard-series.",https://learn.microsoft.com/azure/azure-sql/database/purchasing-models | https://learn.microsoft.com/azure/azure-sql/database/service-tiers-sql-database-vcore | https://learn.microsoft.com/azure/azure-sql/database/resource-limits-vcore-single-databases
BC_DC_18,Azure SQL Database,Single database / Elastic pool,vCore,Business Critical,Provisioned,DC-series,vCore,18,81.0,published,Generally available,2023-11,2023-07,2023-11,high,sqldb-dc-10-40,"DC-series hardware, 10-40 vCores",https://learn.microsoft.com/azure/azure-sql/database/resource-limits-vcore-single-databases,https://learn.microsoft.com/azure/azure-sql/database/doc-changes-updates-release-notes-whats-new-archive,,"1. Purchasing model: vCore is the model Microsoft recommends. Choose it when you value flexibility, control, and transparency, want to scale compute and storage independently, or want to apply Azure Hybrid Benefit or reserved capacity pricing. | 2. Choose when you need Always Encrypted with secure enclaves backed by hardware enclaves (Intel SGX) rather than Virtualization-based Security enclaves. | 3. Choose for workloads that process sensitive data and require confidential query processing inside the enclave. | 4. Confirm your subscription qualifies: DC-series requires a paid offer type such as Pay-As-You-Go or Enterprise Agreement. | 5. Do not choose it if you need the serverless compute tier or zone redundancy - DC-series supports neither. | 6. Check regional availability first; DC-series is offered only in selected regions, unlike standard-series. | 7. Size within 2-40 vCores at 4.5 GB of memory per vCore, which is below the 5.1 GB per vCore of standard-series.",https://learn.microsoft.com/azure/azure-sql/database/purchasing-models | https://learn.microsoft.com/azure/azure-sql/database/service-tiers-sql-database-vcore | https://learn.microsoft.com/azure/azure-sql/database/resource-limits-vcore-single-databases
BC_DC_20,Azure SQL Database,Single database / Elastic pool,vCore,Business Critical,Provisioned,DC-series,vCore,20,90.0,published,Generally available,2023-11,2023-07,2023-11,high,sqldb-dc-10-40,"DC-series hardware, 10-40 vCores",https://learn.microsoft.com/azure/azure-sql/database/resource-limits-vcore-single-databases,https://learn.microsoft.com/azure/azure-sql/database/doc-changes-updates-release-notes-whats-new-archive,,"1. Purchasing model: vCore is the model Microsoft recommends. Choose it when you value flexibility, control, and transparency, want to scale compute and storage independently, or want to apply Azure Hybrid Benefit or reserved capacity pricing. | 2. Choose when you need Always Encrypted with secure enclaves backed by hardware enclaves (Intel SGX) rather than Virtualization-based Security enclaves. | 3. Choose for workloads that process sensitive data and require confidential query processing inside the enclave. | 4. Confirm your subscription qualifies: DC-series requires a paid offer type such as Pay-As-You-Go or Enterprise Agreement. | 5. Do not choose it if you need the serverless compute tier or zone redundancy - DC-series supports neither. | 6. Check regional availability first; DC-series is offered only in selected regions, unlike standard-series. | 7. Size within 2-40 vCores at 4.5 GB of memory per vCore, which is below the 5.1 GB per vCore of standard-series.",https://learn.microsoft.com/azure/azure-sql/database/purchasing-models | https://learn.microsoft.com/azure/azure-sql/database/service-tiers-sql-database-vcore | https://learn.microsoft.com/azure/azure-sql/database/resource-limits-vcore-single-databases
BC_DC_32,Azure SQL Database,Single database / Elastic pool,vCore,Business Critical,Provisioned,DC-series,vCore,32,144.0,published,Generally available,2023-11,2023-07,2023-11,high,sqldb-dc-10-40,"DC-series hardware, 10-40 vCores",https://learn.microsoft.com/azure/azure-sql/database/resource-limits-vcore-single-databases,https://learn.microsoft.com/azure/azure-sql/database/doc-changes-updates-release-notes-whats-new-archive,,"1. Purchasing model: vCore is the model Microsoft recommends. Choose it when you value flexibility, control, and transparency, want to scale compute and storage independently, or want to apply Azure Hybrid Benefit or reserved capacity pricing. | 2. Choose when you need Always Encrypted with secure enclaves backed by hardware enclaves (Intel SGX) rather than Virtualization-based Security enclaves. | 3. Choose for workloads that process sensitive data and require confidential query processing inside the enclave. | 4. Confirm your subscription qualifies: DC-series requires a paid offer type such as Pay-As-You-Go or Enterprise Agreement. | 5. Do not choose it if you need the serverless compute tier or zone redundancy - DC-series supports neither. | 6. Check regional availability first; DC-series is offered only in selected regions, unlike standard-series. | 7. Size within 2-40 vCores at 4.5 GB of memory per vCore, which is below the 5.1 GB per vCore of standard-series.",https://learn.microsoft.com/azure/azure-sql/database/purchasing-models | https://learn.microsoft.com/azure/azure-sql/database/service-tiers-sql-database-vcore | https://learn.microsoft.com/azure/azure-sql/database/resource-limits-vcore-single-databases
BC_DC_40,Azure SQL Database,Single database / Elastic pool,vCore,Business Critical,Provisioned,DC-series,vCore,40,180.0,published,Generally available,2023-11,2023-07,2023-11,high,sqldb-dc-10-40,"DC-series hardware, 10-40 vCores",https://learn.microsoft.com/azure/azure-sql/database/resource-limits-vcore-single-databases,https://learn.microsoft.com/azure/azure-sql/database/doc-changes-updates-release-notes-whats-new-archive,,"1. Purchasing model: vCore is the model Microsoft recommends. Choose it when you value flexibility, control, and transparency, want to scale compute and storage independently, or want to apply Azure Hybrid Benefit or reserved capacity pricing. | 2. Choose when you need Always Encrypted with secure enclaves backed by hardware enclaves (Intel SGX) rather than Virtualization-based Security enclaves. | 3. Choose for workloads that process sensitive data and require confidential query processing inside the enclave. | 4. Confirm your subscription qualifies: DC-series requires a paid offer type such as Pay-As-You-Go or Enterprise Agreement. | 5. Do not choose it if you need the serverless compute tier or zone redundancy - DC-series supports neither. | 6. Check regional availability first; DC-series is offered only in selected regions, unlike standard-series. | 7. Size within 2-40 vCores at 4.5 GB of memory per vCore, which is below the 5.1 GB per vCore of standard-series.",https://learn.microsoft.com/azure/azure-sql/database/purchasing-models | https://learn.microsoft.com/azure/azure-sql/database/service-tiers-sql-database-vcore | https://learn.microsoft.com/azure/azure-sql/database/resource-limits-vcore-single-databases
GP_Gen5 (2 vCores),Azure SQL Managed Instance,Managed instance,vCore,General Purpose,Provisioned,Standard-series (Gen5),vCore,2,10.2,ratio,Generally available,2024-11,2019,2024-11,high,mi-instance-pools,Instance pools (the only way to deploy a 2-vCore managed instance),https://learn.microsoft.com/azure/azure-sql/managed-instance/resource-limits,https://learn.microsoft.com/azure/azure-sql/managed-instance/doc-changes-updates-release-notes-whats-new-archive,"A 2-vCore instance can only be deployed inside an instance pool, so 2-vCore SKUs became generally available when instance pools did.","1. Purchasing model: vCore is the model Microsoft recommends. Choose it when you value flexibility, control, and transparency, want to scale compute and storage independently, or want to apply Azure Hybrid Benefit or reserved capacity pricing. | 2. Default service tier for most generic managed instance workloads that need a fully managed engine with the standard SLA. | 3. Use when storage latency of 5-10 ms is acceptable for the workload. | 4. Use when you need SQL Server instance-scoped surface area and near-100% engine compatibility rather than a single database. | 5. Use when you can stop and start the instance during idle periods to save compute and licensing cost - a General Purpose-only capability. | 6. Stay within the limits: 80 vCores, 16 TB of instance storage, and 100 user databases per instance. | 7. Do not choose it if you need In-Memory OLTP or a read-only replica; those require Business Critical. | 8. Baseline managed instance hardware - choose it when 5.1 GB of memory per vCore and a ceiling of 80 vCores and 408 GB are enough. | 9. Choose it when regional coverage matters: standard-series is available in all public regions worldwide. | 10. Use an instance pool if you want a 2-vCore instance; 2 vCores cannot be deployed as a standalone instance. | 11. Move to premium-series if the workload needs more memory per vCore or more than 80 vCores.",https://learn.microsoft.com/azure/azure-sql/database/purchasing-models | https://learn.microsoft.com/azure/azure-sql/managed-instance/service-tiers-managed-instance-vcore | https://learn.microsoft.com/azure/azure-sql/managed-instance/resource-limits
GP_Gen5 (4 vCores),Azure SQL Managed Instance,Managed instance,vCore,General Purpose,Provisioned,Standard-series (Gen5),vCore,4,20.4,ratio,Generally available,2018-10-01,2018-03,2018-10-01,medium,mi-ga,"Azure SQL Managed Instance GA (General Purpose and Business Critical, Gen5)",https://learn.microsoft.com/azure/azure-sql/managed-instance/resource-limits,https://learn.microsoft.com/azure/azure-sql/managed-instance/sql-managed-instance-paas-overview,,"1. Purchasing model: vCore is the model Microsoft recommends. Choose it when you value flexibility, control, and transparency, want to scale compute and storage independently, or want to apply Azure Hybrid Benefit or reserved capacity pricing. | 2. Default service tier for most generic managed instance workloads that need a fully managed engine with the standard SLA. | 3. Use when storage latency of 5-10 ms is acceptable for the workload. | 4. Use when you need SQL Server instance-scoped surface area and near-100% engine compatibility rather than a single database. | 5. Use when you can stop and start the instance during idle periods to save compute and licensing cost - a General Purpose-only capability. | 6. Stay within the limits: 80 vCores, 16 TB of instance storage, and 100 user databases per instance. | 7. Do not choose it if you need In-Memory OLTP or a read-only replica; those require Business Critical. | 8. Baseline managed instance hardware - choose it when 5.1 GB of memory per vCore and a ceiling of 80 vCores and 408 GB are enough. | 9. Choose it when regional coverage matters: standard-series is available in all public regions worldwide. | 10. Use an instance pool if you want a 2-vCore instance; 2 vCores cannot be deployed as a standalone instance. | 11. Move to premium-series if the workload needs more memory per vCore or more than 80 vCores.",https://learn.microsoft.com/azure/azure-sql/database/purchasing-models | https://learn.microsoft.com/azure/azure-sql/managed-instance/service-tiers-managed-instance-vcore | https://learn.microsoft.com/azure/azure-sql/managed-instance/resource-limits
GP_Gen5 (8 vCores),Azure SQL Managed Instance,Managed instance,vCore,General Purpose,Provisioned,Standard-series (Gen5),vCore,8,40.8,ratio,Generally available,2018-10-01,2018-03,2018-10-01,medium,mi-ga,"Azure SQL Managed Instance GA (General Purpose and Business Critical, Gen5)",https://learn.microsoft.com/azure/azure-sql/managed-instance/resource-limits,https://learn.microsoft.com/azure/azure-sql/managed-instance/sql-managed-instance-paas-overview,,"1. Purchasing model: vCore is the model Microsoft recommends. Choose it when you value flexibility, control, and transparency, want to scale compute and storage independently, or want to apply Azure Hybrid Benefit or reserved capacity pricing. | 2. Default service tier for most generic managed instance workloads that need a fully managed engine with the standard SLA. | 3. Use when storage latency of 5-10 ms is acceptable for the workload. | 4. Use when you need SQL Server instance-scoped surface area and near-100% engine compatibility rather than a single database. | 5. Use when you can stop and start the instance during idle periods to save compute and licensing cost - a General Purpose-only capability. | 6. Stay within the limits: 80 vCores, 16 TB of instance storage, and 100 user databases per instance. | 7. Do not choose it if you need In-Memory OLTP or a read-only replica; those require Business Critical. | 8. Baseline managed instance hardware - choose it when 5.1 GB of memory per vCore and a ceiling of 80 vCores and 408 GB are enough. | 9. Choose it when regional coverage matters: standard-series is available in all public regions worldwide. | 10. Use an instance pool if you want a 2-vCore instance; 2 vCores cannot be deployed as a standalone instance. | 11. Move to premium-series if the workload needs more memory per vCore or more than 80 vCores.",https://learn.microsoft.com/azure/azure-sql/database/purchasing-models | https://learn.microsoft.com/azure/azure-sql/managed-instance/service-tiers-managed-instance-vcore | https://learn.microsoft.com/azure/azure-sql/managed-instance/resource-limits
GP_Gen5 (16 vCores),Azure SQL Managed Instance,Managed instance,vCore,General Purpose,Provisioned,Standard-series (Gen5),vCore,16,81.6,ratio,Generally available,2018-10-01,2018-03,2018-10-01,medium,mi-ga,"Azure SQL Managed Instance GA (General Purpose and Business Critical, Gen5)",https://learn.microsoft.com/azure/azure-sql/managed-instance/resource-limits,https://learn.microsoft.com/azure/azure-sql/managed-instance/sql-managed-instance-paas-overview,,"1. Purchasing model: vCore is the model Microsoft recommends. Choose it when you value flexibility, control, and transparency, want to scale compute and storage independently, or want to apply Azure Hybrid Benefit or reserved capacity pricing. | 2. Default service tier for most generic managed instance workloads that need a fully managed engine with the standard SLA. | 3. Use when storage latency of 5-10 ms is acceptable for the workload. | 4. Use when you need SQL Server instance-scoped surface area and near-100% engine compatibility rather than a single database. | 5. Use when you can stop and start the instance during idle periods to save compute and licensing cost - a General Purpose-only capability. | 6. Stay within the limits: 80 vCores, 16 TB of instance storage, and 100 user databases per instance. | 7. Do not choose it if you need In-Memory OLTP or a read-only replica; those require Business Critical. | 8. Baseline managed instance hardware - choose it when 5.1 GB of memory per vCore and a ceiling of 80 vCores and 408 GB are enough. | 9. Choose it when regional coverage matters: standard-series is available in all public regions worldwide. | 10. Use an instance pool if you want a 2-vCore instance; 2 vCores cannot be deployed as a standalone instance. | 11. Move to premium-series if the workload needs more memory per vCore or more than 80 vCores.",https://learn.microsoft.com/azure/azure-sql/database/purchasing-models | https://learn.microsoft.com/azure/azure-sql/managed-instance/service-tiers-managed-instance-vcore | https://learn.microsoft.com/azure/azure-sql/managed-instance/resource-limits
GP_Gen5 (24 vCores),Azure SQL Managed Instance,Managed instance,vCore,General Purpose,Provisioned,Standard-series (Gen5),vCore,24,122.4,ratio,Generally available,2018-10-01,2018-03,2018-10-01,medium,mi-ga,"Azure SQL Managed Instance GA (General Purpose and Business Critical, Gen5)",https://learn.microsoft.com/azure/azure-sql/managed-instance/resource-limits,https://learn.microsoft.com/azure/azure-sql/managed-instance/sql-managed-instance-paas-overview,,"1. Purchasing model: vCore is the model Microsoft recommends. Choose it when you value flexibility, control, and transparency, want to scale compute and storage independently, or want to apply Azure Hybrid Benefit or reserved capacity pricing. | 2. Default service tier for most generic managed instance workloads that need a fully managed engine with the standard SLA. | 3. Use when storage latency of 5-10 ms is acceptable for the workload. | 4. Use when you need SQL Server instance-scoped surface area and near-100% engine compatibility rather than a single database. | 5. Use when you can stop and start the instance during idle periods to save compute and licensing cost - a General Purpose-only capability. | 6. Stay within the limits: 80 vCores, 16 TB of instance storage, and 100 user databases per instance. | 7. Do not choose it if you need In-Memory OLTP or a read-only replica; those require Business Critical. | 8. Baseline managed instance hardware - choose it when 5.1 GB of memory per vCore and a ceiling of 80 vCores and 408 GB are enough. | 9. Choose it when regional coverage matters: standard-series is available in all public regions worldwide. | 10. Use an instance pool if you want a 2-vCore instance; 2 vCores cannot be deployed as a standalone instance. | 11. Move to premium-series if the workload needs more memory per vCore or more than 80 vCores.",https://learn.microsoft.com/azure/azure-sql/database/purchasing-models | https://learn.microsoft.com/azure/azure-sql/managed-instance/service-tiers-managed-instance-vcore | https://learn.microsoft.com/azure/azure-sql/managed-instance/resource-limits
GP_Gen5 (32 vCores),Azure SQL Managed Instance,Managed instance,vCore,General Purpose,Provisioned,Standard-series (Gen5),vCore,32,163.2,ratio,Generally available,2018-10-01,2018-03,2018-10-01,medium,mi-ga,"Azure SQL Managed Instance GA (General Purpose and Business Critical, Gen5)",https://learn.microsoft.com/azure/azure-sql/managed-instance/resource-limits,https://learn.microsoft.com/azure/azure-sql/managed-instance/sql-managed-instance-paas-overview,,"1. Purchasing model: vCore is the model Microsoft recommends. Choose it when you value flexibility, control, and transparency, want to scale compute and storage independently, or want to apply Azure Hybrid Benefit or reserved capacity pricing. | 2. Default service tier for most generic managed instance workloads that need a fully managed engine with the standard SLA. | 3. Use when storage latency of 5-10 ms is acceptable for the workload. | 4. Use when you need SQL Server instance-scoped surface area and near-100% engine compatibility rather than a single database. | 5. Use when you can stop and start the instance during idle periods to save compute and licensing cost - a General Purpose-only capability. | 6. Stay within the limits: 80 vCores, 16 TB of instance storage, and 100 user databases per instance. | 7. Do not choose it if you need In-Memory OLTP or a read-only replica; those require Business Critical. | 8. Baseline managed instance hardware - choose it when 5.1 GB of memory per vCore and a ceiling of 80 vCores and 408 GB are enough. | 9. Choose it when regional coverage matters: standard-series is available in all public regions worldwide. | 10. Use an instance pool if you want a 2-vCore instance; 2 vCores cannot be deployed as a standalone instance. | 11. Move to premium-series if the workload needs more memory per vCore or more than 80 vCores.",https://learn.microsoft.com/azure/azure-sql/database/purchasing-models | https://learn.microsoft.com/azure/azure-sql/managed-instance/service-tiers-managed-instance-vcore | https://learn.microsoft.com/azure/azure-sql/managed-instance/resource-limits
GP_Gen5 (40 vCores),Azure SQL Managed Instance,Managed instance,vCore,General Purpose,Provisioned,Standard-series (Gen5),vCore,40,204.0,ratio,Generally available,2018-10-01,2018-03,2018-10-01,medium,mi-ga,"Azure SQL Managed Instance GA (General Purpose and Business Critical, Gen5)",https://learn.microsoft.com/azure/azure-sql/managed-instance/resource-limits,https://learn.microsoft.com/azure/azure-sql/managed-instance/sql-managed-instance-paas-overview,,"1. Purchasing model: vCore is the model Microsoft recommends. Choose it when you value flexibility, control, and transparency, want to scale compute and storage independently, or want to apply Azure Hybrid Benefit or reserved capacity pricing. | 2. Default service tier for most generic managed instance workloads that need a fully managed engine with the standard SLA. | 3. Use when storage latency of 5-10 ms is acceptable for the workload. | 4. Use when you need SQL Server instance-scoped surface area and near-100% engine compatibility rather than a single database. | 5. Use when you can stop and start the instance during idle periods to save compute and licensing cost - a General Purpose-only capability. | 6. Stay within the limits: 80 vCores, 16 TB of instance storage, and 100 user databases per instance. | 7. Do not choose it if you need In-Memory OLTP or a read-only replica; those require Business Critical. | 8. Baseline managed instance hardware - choose it when 5.1 GB of memory per vCore and a ceiling of 80 vCores and 408 GB are enough. | 9. Choose it when regional coverage matters: standard-series is available in all public regions worldwide. | 10. Use an instance pool if you want a 2-vCore instance; 2 vCores cannot be deployed as a standalone instance. | 11. Move to premium-series if the workload needs more memory per vCore or more than 80 vCores.",https://learn.microsoft.com/azure/azure-sql/database/purchasing-models | https://learn.microsoft.com/azure/azure-sql/managed-instance/service-tiers-managed-instance-vcore | https://learn.microsoft.com/azure/azure-sql/managed-instance/resource-limits
GP_Gen5 (64 vCores),Azure SQL Managed Instance,Managed instance,vCore,General Purpose,Provisioned,Standard-series (Gen5),vCore,64,326.4,ratio,Generally available,2018-10-01,2018-03,2018-10-01,medium,mi-ga,"Azure SQL Managed Instance GA (General Purpose and Business Critical, Gen5)",https://learn.microsoft.com/azure/azure-sql/managed-instance/resource-limits,https://learn.microsoft.com/azure/azure-sql/managed-instance/sql-managed-instance-paas-overview,,"1. Purchasing model: vCore is the model Microsoft recommends. Choose it when you value flexibility, control, and transparency, want to scale compute and storage independently, or want to apply Azure Hybrid Benefit or reserved capacity pricing. | 2. Default service tier for most generic managed instance workloads that need a fully managed engine with the standard SLA. | 3. Use when storage latency of 5-10 ms is acceptable for the workload. | 4. Use when you need SQL Server instance-scoped surface area and near-100% engine compatibility rather than a single database. | 5. Use when you can stop and start the instance during idle periods to save compute and licensing cost - a General Purpose-only capability. | 6. Stay within the limits: 80 vCores, 16 TB of instance storage, and 100 user databases per instance. | 7. Do not choose it if you need In-Memory OLTP or a read-only replica; those require Business Critical. | 8. Baseline managed instance hardware - choose it when 5.1 GB of memory per vCore and a ceiling of 80 vCores and 408 GB are enough. | 9. Choose it when regional coverage matters: standard-series is available in all public regions worldwide. | 10. Use an instance pool if you want a 2-vCore instance; 2 vCores cannot be deployed as a standalone instance. | 11. Move to premium-series if the workload needs more memory per vCore or more than 80 vCores.",https://learn.microsoft.com/azure/azure-sql/database/purchasing-models | https://learn.microsoft.com/azure/azure-sql/managed-instance/service-tiers-managed-instance-vcore | https://learn.microsoft.com/azure/azure-sql/managed-instance/resource-limits
GP_Gen5 (80 vCores),Azure SQL Managed Instance,Managed instance,vCore,General Purpose,Provisioned,Standard-series (Gen5),vCore,80,408.0,ratio,Generally available,2018-10-01,2018-03,2018-10-01,medium,mi-ga,"Azure SQL Managed Instance GA (General Purpose and Business Critical, Gen5)",https://learn.microsoft.com/azure/azure-sql/managed-instance/resource-limits,https://learn.microsoft.com/azure/azure-sql/managed-instance/sql-managed-instance-paas-overview,,"1. Purchasing model: vCore is the model Microsoft recommends. Choose it when you value flexibility, control, and transparency, want to scale compute and storage independently, or want to apply Azure Hybrid Benefit or reserved capacity pricing. | 2. Default service tier for most generic managed instance workloads that need a fully managed engine with the standard SLA. | 3. Use when storage latency of 5-10 ms is acceptable for the workload. | 4. Use when you need SQL Server instance-scoped surface area and near-100% engine compatibility rather than a single database. | 5. Use when you can stop and start the instance during idle periods to save compute and licensing cost - a General Purpose-only capability. | 6. Stay within the limits: 80 vCores, 16 TB of instance storage, and 100 user databases per instance. | 7. Do not choose it if you need In-Memory OLTP or a read-only replica; those require Business Critical. | 8. Baseline managed instance hardware - choose it when 5.1 GB of memory per vCore and a ceiling of 80 vCores and 408 GB are enough. | 9. Choose it when regional coverage matters: standard-series is available in all public regions worldwide. | 10. Use an instance pool if you want a 2-vCore instance; 2 vCores cannot be deployed as a standalone instance. | 11. Move to premium-series if the workload needs more memory per vCore or more than 80 vCores.",https://learn.microsoft.com/azure/azure-sql/database/purchasing-models | https://learn.microsoft.com/azure/azure-sql/managed-instance/service-tiers-managed-instance-vcore | https://learn.microsoft.com/azure/azure-sql/managed-instance/resource-limits
GP_Gen5 (4 vCores),Azure SQL Managed Instance,Managed instance,vCore,Next-gen General Purpose,Provisioned,Standard-series (Gen5),vCore,4,20.4,ratio,Generally available,2025-11,2024-03,2025-11,high,mi-nextgen-gp,Managed Instance Next-gen General Purpose service tier,https://learn.microsoft.com/azure/azure-sql/managed-instance/resource-limits,https://learn.microsoft.com/azure/azure-sql/managed-instance/doc-changes-updates-release-notes-whats-new-archive,"Billed as General Purpose. An architectural upgrade (Elastic SAN storage), not a separate ARM SKU name. The Learn what's-new archive dates the preview to March 2024 and GA to November 2025; the GA blog post went up on 2025-12-02.","1. Purchasing model: vCore is the model Microsoft recommends. Choose it when you value flexibility, control, and transparency, want to scale compute and storage independently, or want to apply Azure Hybrid Benefit or reserved capacity pricing. | 2. Choose when your business is budget-oriented but the performance metrics and limits of the classic General Purpose tier are insufficient - the baseline cost is the same. | 3. Choose when you need more than 100 databases on one instance; Next-gen supports up to 500. | 4. Choose when you need more than 16 TB of reserved storage; Next-gen supports up to 32 TB. | 5. Choose when you need better storage latency, IOPS, and throughput - it uses Elastic SAN instead of page blobs, giving 3-5 ms latency against 5-10 ms. | 6. Choose when you want to scale vCores, memory, storage, and IOPS independently, including flexible memory on premium-series hardware. | 7. Budget for the extras: IOPS above the free quota of 3 per GB of reserved storage, and memory above the default allocation, are billed separately. | 8. Note that In-Memory OLTP is still not supported, and there are still no read-only replicas. | 9. Baseline managed instance hardware - choose it when 5.1 GB of memory per vCore and a ceiling of 80 vCores and 408 GB are enough. | 10. Choose it when regional coverage matters: standard-series is available in all public regions worldwide. | 11. Use an instance pool if you want a 2-vCore instance; 2 vCores cannot be deployed as a standalone instance. | 12. Move to premium-series if the workload needs more memory per vCore or more than 80 vCores.",https://learn.microsoft.com/azure/azure-sql/database/purchasing-models | https://learn.microsoft.com/azure/azure-sql/managed-instance/service-tiers-managed-instance-vcore | https://learn.microsoft.com/azure/azure-sql/managed-instance/service-tiers-next-gen-general-purpose-use | https://learn.microsoft.com/azure/azure-sql/managed-instance/resource-limits
GP_Gen5 (8 vCores),Azure SQL Managed Instance,Managed instance,vCore,Next-gen General Purpose,Provisioned,Standard-series (Gen5),vCore,8,40.8,ratio,Generally available,2025-11,2024-03,2025-11,high,mi-nextgen-gp,Managed Instance Next-gen General Purpose service tier,https://learn.microsoft.com/azure/azure-sql/managed-instance/resource-limits,https://learn.microsoft.com/azure/azure-sql/managed-instance/doc-changes-updates-release-notes-whats-new-archive,"Billed as General Purpose. An architectural upgrade (Elastic SAN storage), not a separate ARM SKU name. The Learn what's-new archive dates the preview to March 2024 and GA to November 2025; the GA blog post went up on 2025-12-02.","1. Purchasing model: vCore is the model Microsoft recommends. Choose it when you value flexibility, control, and transparency, want to scale compute and storage independently, or want to apply Azure Hybrid Benefit or reserved capacity pricing. | 2. Choose when your business is budget-oriented but the performance metrics and limits of the classic General Purpose tier are insufficient - the baseline cost is the same. | 3. Choose when you need more than 100 databases on one instance; Next-gen supports up to 500. | 4. Choose when you need more than 16 TB of reserved storage; Next-gen supports up to 32 TB. | 5. Choose when you need better storage latency, IOPS, and throughput - it uses Elastic SAN instead of page blobs, giving 3-5 ms latency against 5-10 ms. | 6. Choose when you want to scale vCores, memory, storage, and IOPS independently, including flexible memory on premium-series hardware. | 7. Budget for the extras: IOPS above the free quota of 3 per GB of reserved storage, and memory above the default allocation, are billed separately. | 8. Note that In-Memory OLTP is still not supported, and there are still no read-only replicas. | 9. Baseline managed instance hardware - choose it when 5.1 GB of memory per vCore and a ceiling of 80 vCores and 408 GB are enough. | 10. Choose it when regional coverage matters: standard-series is available in all public regions worldwide. | 11. Use an instance pool if you want a 2-vCore instance; 2 vCores cannot be deployed as a standalone instance. | 12. Move to premium-series if the workload needs more memory per vCore or more than 80 vCores.",https://learn.microsoft.com/azure/azure-sql/database/purchasing-models | https://learn.microsoft.com/azure/azure-sql/managed-instance/service-tiers-managed-instance-vcore | https://learn.microsoft.com/azure/azure-sql/managed-instance/service-tiers-next-gen-general-purpose-use | https://learn.microsoft.com/azure/azure-sql/managed-instance/resource-limits
GP_Gen5 (16 vCores),Azure SQL Managed Instance,Managed instance,vCore,Next-gen General Purpose,Provisioned,Standard-series (Gen5),vCore,16,81.6,ratio,Generally available,2025-11,2024-03,2025-11,high,mi-nextgen-gp,Managed Instance Next-gen General Purpose service tier,https://learn.microsoft.com/azure/azure-sql/managed-instance/resource-limits,https://learn.microsoft.com/azure/azure-sql/managed-instance/doc-changes-updates-release-notes-whats-new-archive,"Billed as General Purpose. An architectural upgrade (Elastic SAN storage), not a separate ARM SKU name. The Learn what's-new archive dates the preview to March 2024 and GA to November 2025; the GA blog post went up on 2025-12-02.","1. Purchasing model: vCore is the model Microsoft recommends. Choose it when you value flexibility, control, and transparency, want to scale compute and storage independently, or want to apply Azure Hybrid Benefit or reserved capacity pricing. | 2. Choose when your business is budget-oriented but the performance metrics and limits of the classic General Purpose tier are insufficient - the baseline cost is the same. | 3. Choose when you need more than 100 databases on one instance; Next-gen supports up to 500. | 4. Choose when you need more than 16 TB of reserved storage; Next-gen supports up to 32 TB. | 5. Choose when you need better storage latency, IOPS, and throughput - it uses Elastic SAN instead of page blobs, giving 3-5 ms latency against 5-10 ms. | 6. Choose when you want to scale vCores, memory, storage, and IOPS independently, including flexible memory on premium-series hardware. | 7. Budget for the extras: IOPS above the free quota of 3 per GB of reserved storage, and memory above the default allocation, are billed separately. | 8. Note that In-Memory OLTP is still not supported, and there are still no read-only replicas. | 9. Baseline managed instance hardware - choose it when 5.1 GB of memory per vCore and a ceiling of 80 vCores and 408 GB are enough. | 10. Choose it when regional coverage matters: standard-series is available in all public regions worldwide. | 11. Use an instance pool if you want a 2-vCore instance; 2 vCores cannot be deployed as a standalone instance. | 12. Move to premium-series if the workload needs more memory per vCore or more than 80 vCores.",https://learn.microsoft.com/azure/azure-sql/database/purchasing-models | https://learn.microsoft.com/azure/azure-sql/managed-instance/service-tiers-managed-instance-vcore | https://learn.microsoft.com/azure/azure-sql/managed-instance/service-tiers-next-gen-general-purpose-use | https://learn.microsoft.com/azure/azure-sql/managed-instance/resource-limits
GP_Gen5 (24 vCores),Azure SQL Managed Instance,Managed instance,vCore,Next-gen General Purpose,Provisioned,Standard-series (Gen5),vCore,24,122.4,ratio,Generally available,2025-11,2024-03,2025-11,high,mi-nextgen-gp,Managed Instance Next-gen General Purpose service tier,https://learn.microsoft.com/azure/azure-sql/managed-instance/resource-limits,https://learn.microsoft.com/azure/azure-sql/managed-instance/doc-changes-updates-release-notes-whats-new-archive,"Billed as General Purpose. An architectural upgrade (Elastic SAN storage), not a separate ARM SKU name. The Learn what's-new archive dates the preview to March 2024 and GA to November 2025; the GA blog post went up on 2025-12-02.","1. Purchasing model: vCore is the model Microsoft recommends. Choose it when you value flexibility, control, and transparency, want to scale compute and storage independently, or want to apply Azure Hybrid Benefit or reserved capacity pricing. | 2. Choose when your business is budget-oriented but the performance metrics and limits of the classic General Purpose tier are insufficient - the baseline cost is the same. | 3. Choose when you need more than 100 databases on one instance; Next-gen supports up to 500. | 4. Choose when you need more than 16 TB of reserved storage; Next-gen supports up to 32 TB. | 5. Choose when you need better storage latency, IOPS, and throughput - it uses Elastic SAN instead of page blobs, giving 3-5 ms latency against 5-10 ms. | 6. Choose when you want to scale vCores, memory, storage, and IOPS independently, including flexible memory on premium-series hardware. | 7. Budget for the extras: IOPS above the free quota of 3 per GB of reserved storage, and memory above the default allocation, are billed separately. | 8. Note that In-Memory OLTP is still not supported, and there are still no read-only replicas. | 9. Baseline managed instance hardware - choose it when 5.1 GB of memory per vCore and a ceiling of 80 vCores and 408 GB are enough. | 10. Choose it when regional coverage matters: standard-series is available in all public regions worldwide. | 11. Use an instance pool if you want a 2-vCore instance; 2 vCores cannot be deployed as a standalone instance. | 12. Move to premium-series if the workload needs more memory per vCore or more than 80 vCores.",https://learn.microsoft.com/azure/azure-sql/database/purchasing-models | https://learn.microsoft.com/azure/azure-sql/managed-instance/service-tiers-managed-instance-vcore | https://learn.microsoft.com/azure/azure-sql/managed-instance/service-tiers-next-gen-general-purpose-use | https://learn.microsoft.com/azure/azure-sql/managed-instance/resource-limits
GP_Gen5 (32 vCores),Azure SQL Managed Instance,Managed instance,vCore,Next-gen General Purpose,Provisioned,Standard-series (Gen5),vCore,32,163.2,ratio,Generally available,2025-11,2024-03,2025-11,high,mi-nextgen-gp,Managed Instance Next-gen General Purpose service tier,https://learn.microsoft.com/azure/azure-sql/managed-instance/resource-limits,https://learn.microsoft.com/azure/azure-sql/managed-instance/doc-changes-updates-release-notes-whats-new-archive,"Billed as General Purpose. An architectural upgrade (Elastic SAN storage), not a separate ARM SKU name. The Learn what's-new archive dates the preview to March 2024 and GA to November 2025; the GA blog post went up on 2025-12-02.","1. Purchasing model: vCore is the model Microsoft recommends. Choose it when you value flexibility, control, and transparency, want to scale compute and storage independently, or want to apply Azure Hybrid Benefit or reserved capacity pricing. | 2. Choose when your business is budget-oriented but the performance metrics and limits of the classic General Purpose tier are insufficient - the baseline cost is the same. | 3. Choose when you need more than 100 databases on one instance; Next-gen supports up to 500. | 4. Choose when you need more than 16 TB of reserved storage; Next-gen supports up to 32 TB. | 5. Choose when you need better storage latency, IOPS, and throughput - it uses Elastic SAN instead of page blobs, giving 3-5 ms latency against 5-10 ms. | 6. Choose when you want to scale vCores, memory, storage, and IOPS independently, including flexible memory on premium-series hardware. | 7. Budget for the extras: IOPS above the free quota of 3 per GB of reserved storage, and memory above the default allocation, are billed separately. | 8. Note that In-Memory OLTP is still not supported, and there are still no read-only replicas. | 9. Baseline managed instance hardware - choose it when 5.1 GB of memory per vCore and a ceiling of 80 vCores and 408 GB are enough. | 10. Choose it when regional coverage matters: standard-series is available in all public regions worldwide. | 11. Use an instance pool if you want a 2-vCore instance; 2 vCores cannot be deployed as a standalone instance. | 12. Move to premium-series if the workload needs more memory per vCore or more than 80 vCores.",https://learn.microsoft.com/azure/azure-sql/database/purchasing-models | https://learn.microsoft.com/azure/azure-sql/managed-instance/service-tiers-managed-instance-vcore | https://learn.microsoft.com/azure/azure-sql/managed-instance/service-tiers-next-gen-general-purpose-use | https://learn.microsoft.com/azure/azure-sql/managed-instance/resource-limits
GP_Gen5 (40 vCores),Azure SQL Managed Instance,Managed instance,vCore,Next-gen General Purpose,Provisioned,Standard-series (Gen5),vCore,40,204.0,ratio,Generally available,2025-11,2024-03,2025-11,high,mi-nextgen-gp,Managed Instance Next-gen General Purpose service tier,https://learn.microsoft.com/azure/azure-sql/managed-instance/resource-limits,https://learn.microsoft.com/azure/azure-sql/managed-instance/doc-changes-updates-release-notes-whats-new-archive,"Billed as General Purpose. An architectural upgrade (Elastic SAN storage), not a separate ARM SKU name. The Learn what's-new archive dates the preview to March 2024 and GA to November 2025; the GA blog post went up on 2025-12-02.","1. Purchasing model: vCore is the model Microsoft recommends. Choose it when you value flexibility, control, and transparency, want to scale compute and storage independently, or want to apply Azure Hybrid Benefit or reserved capacity pricing. | 2. Choose when your business is budget-oriented but the performance metrics and limits of the classic General Purpose tier are insufficient - the baseline cost is the same. | 3. Choose when you need more than 100 databases on one instance; Next-gen supports up to 500. | 4. Choose when you need more than 16 TB of reserved storage; Next-gen supports up to 32 TB. | 5. Choose when you need better storage latency, IOPS, and throughput - it uses Elastic SAN instead of page blobs, giving 3-5 ms latency against 5-10 ms. | 6. Choose when you want to scale vCores, memory, storage, and IOPS independently, including flexible memory on premium-series hardware. | 7. Budget for the extras: IOPS above the free quota of 3 per GB of reserved storage, and memory above the default allocation, are billed separately. | 8. Note that In-Memory OLTP is still not supported, and there are still no read-only replicas. | 9. Baseline managed instance hardware - choose it when 5.1 GB of memory per vCore and a ceiling of 80 vCores and 408 GB are enough. | 10. Choose it when regional coverage matters: standard-series is available in all public regions worldwide. | 11. Use an instance pool if you want a 2-vCore instance; 2 vCores cannot be deployed as a standalone instance. | 12. Move to premium-series if the workload needs more memory per vCore or more than 80 vCores.",https://learn.microsoft.com/azure/azure-sql/database/purchasing-models | https://learn.microsoft.com/azure/azure-sql/managed-instance/service-tiers-managed-instance-vcore | https://learn.microsoft.com/azure/azure-sql/managed-instance/service-tiers-next-gen-general-purpose-use | https://learn.microsoft.com/azure/azure-sql/managed-instance/resource-limits
GP_Gen5 (64 vCores),Azure SQL Managed Instance,Managed instance,vCore,Next-gen General Purpose,Provisioned,Standard-series (Gen5),vCore,64,326.4,ratio,Generally available,2025-11,2024-03,2025-11,high,mi-nextgen-gp,Managed Instance Next-gen General Purpose service tier,https://learn.microsoft.com/azure/azure-sql/managed-instance/resource-limits,https://learn.microsoft.com/azure/azure-sql/managed-instance/doc-changes-updates-release-notes-whats-new-archive,"Billed as General Purpose. An architectural upgrade (Elastic SAN storage), not a separate ARM SKU name. The Learn what's-new archive dates the preview to March 2024 and GA to November 2025; the GA blog post went up on 2025-12-02.","1. Purchasing model: vCore is the model Microsoft recommends. Choose it when you value flexibility, control, and transparency, want to scale compute and storage independently, or want to apply Azure Hybrid Benefit or reserved capacity pricing. | 2. Choose when your business is budget-oriented but the performance metrics and limits of the classic General Purpose tier are insufficient - the baseline cost is the same. | 3. Choose when you need more than 100 databases on one instance; Next-gen supports up to 500. | 4. Choose when you need more than 16 TB of reserved storage; Next-gen supports up to 32 TB. | 5. Choose when you need better storage latency, IOPS, and throughput - it uses Elastic SAN instead of page blobs, giving 3-5 ms latency against 5-10 ms. | 6. Choose when you want to scale vCores, memory, storage, and IOPS independently, including flexible memory on premium-series hardware. | 7. Budget for the extras: IOPS above the free quota of 3 per GB of reserved storage, and memory above the default allocation, are billed separately. | 8. Note that In-Memory OLTP is still not supported, and there are still no read-only replicas. | 9. Baseline managed instance hardware - choose it when 5.1 GB of memory per vCore and a ceiling of 80 vCores and 408 GB are enough. | 10. Choose it when regional coverage matters: standard-series is available in all public regions worldwide. | 11. Use an instance pool if you want a 2-vCore instance; 2 vCores cannot be deployed as a standalone instance. | 12. Move to premium-series if the workload needs more memory per vCore or more than 80 vCores.",https://learn.microsoft.com/azure/azure-sql/database/purchasing-models | https://learn.microsoft.com/azure/azure-sql/managed-instance/service-tiers-managed-instance-vcore | https://learn.microsoft.com/azure/azure-sql/managed-instance/service-tiers-next-gen-general-purpose-use | https://learn.microsoft.com/azure/azure-sql/managed-instance/resource-limits
GP_Gen5 (80 vCores),Azure SQL Managed Instance,Managed instance,vCore,Next-gen General Purpose,Provisioned,Standard-series (Gen5),vCore,80,408.0,ratio,Generally available,2025-11,2024-03,2025-11,high,mi-nextgen-gp,Managed Instance Next-gen General Purpose service tier,https://learn.microsoft.com/azure/azure-sql/managed-instance/resource-limits,https://learn.microsoft.com/azure/azure-sql/managed-instance/doc-changes-updates-release-notes-whats-new-archive,"Billed as General Purpose. An architectural upgrade (Elastic SAN storage), not a separate ARM SKU name. The Learn what's-new archive dates the preview to March 2024 and GA to November 2025; the GA blog post went up on 2025-12-02.","1. Purchasing model: vCore is the model Microsoft recommends. Choose it when you value flexibility, control, and transparency, want to scale compute and storage independently, or want to apply Azure Hybrid Benefit or reserved capacity pricing. | 2. Choose when your business is budget-oriented but the performance metrics and limits of the classic General Purpose tier are insufficient - the baseline cost is the same. | 3. Choose when you need more than 100 databases on one instance; Next-gen supports up to 500. | 4. Choose when you need more than 16 TB of reserved storage; Next-gen supports up to 32 TB. | 5. Choose when you need better storage latency, IOPS, and throughput - it uses Elastic SAN instead of page blobs, giving 3-5 ms latency against 5-10 ms. | 6. Choose when you want to scale vCores, memory, storage, and IOPS independently, including flexible memory on premium-series hardware. | 7. Budget for the extras: IOPS above the free quota of 3 per GB of reserved storage, and memory above the default allocation, are billed separately. | 8. Note that In-Memory OLTP is still not supported, and there are still no read-only replicas. | 9. Baseline managed instance hardware - choose it when 5.1 GB of memory per vCore and a ceiling of 80 vCores and 408 GB are enough. | 10. Choose it when regional coverage matters: standard-series is available in all public regions worldwide. | 11. Use an instance pool if you want a 2-vCore instance; 2 vCores cannot be deployed as a standalone instance. | 12. Move to premium-series if the workload needs more memory per vCore or more than 80 vCores.",https://learn.microsoft.com/azure/azure-sql/database/purchasing-models | https://learn.microsoft.com/azure/azure-sql/managed-instance/service-tiers-managed-instance-vcore | https://learn.microsoft.com/azure/azure-sql/managed-instance/service-tiers-next-gen-general-purpose-use | https://learn.microsoft.com/azure/azure-sql/managed-instance/resource-limits
BC_Gen5 (4 vCores),Azure SQL Managed Instance,Managed instance,vCore,Business Critical,Provisioned,Standard-series (Gen5),vCore,4,20.4,ratio,Generally available,2018-10-01,2018-03,2018-10-01,medium,mi-ga,"Azure SQL Managed Instance GA (General Purpose and Business Critical, Gen5)",https://learn.microsoft.com/azure/azure-sql/managed-instance/resource-limits,https://learn.microsoft.com/azure/azure-sql/managed-instance/sql-managed-instance-paas-overview,,"1. Purchasing model: vCore is the model Microsoft recommends. Choose it when you value flexibility, control, and transparency, want to scale compute and storage independently, or want to apply Azure Hybrid Benefit or reserved capacity pricing. | 2. Use when the workload needs consistently low IO latency, about 1-2 ms, from locally attached SSD storage. | 3. Use when reports, analytics, or read-only queries can be redirected to the free read-scale replica included in the tier. | 4. Use when you need higher resiliency and faster recovery - one of three secondary replicas becomes the new primary immediately on failure. | 5. Use when you need In-Memory OLTP, which neither General Purpose nor Next-gen General Purpose supports. | 6. Use when advanced data corruption protection through automatic page repair matters. | 7. Use when a failover group must guarantee an RPO of 5 seconds and an RTO of 30 seconds. | 8. Configure 64 or more vCores if you need compute isolation - it is only supported at that size and above. | 9. Plan capacity accordingly: one Business Critical vCore consumes four regional vCore units against your subscription quota, versus one for General Purpose. | 10. Baseline managed instance hardware - choose it when 5.1 GB of memory per vCore and a ceiling of 80 vCores and 408 GB are enough. | 11. Choose it when regional coverage matters: standard-series is available in all public regions worldwide. | 12. Use an instance pool if you want a 2-vCore instance; 2 vCores cannot be deployed as a standalone instance. | 13. Move to premium-series if the workload needs more memory per vCore or more than 80 vCores.",https://learn.microsoft.com/azure/azure-sql/database/purchasing-models | https://learn.microsoft.com/azure/azure-sql/managed-instance/service-tiers-managed-instance-vcore | https://learn.microsoft.com/azure/azure-sql/managed-instance/resource-limits
BC_Gen5 (8 vCores),Azure SQL Managed Instance,Managed instance,vCore,Business Critical,Provisioned,Standard-series (Gen5),vCore,8,40.8,ratio,Generally available,2018-10-01,2018-03,2018-10-01,medium,mi-ga,"Azure SQL Managed Instance GA (General Purpose and Business Critical, Gen5)",https://learn.microsoft.com/azure/azure-sql/managed-instance/resource-limits,https://learn.microsoft.com/azure/azure-sql/managed-instance/sql-managed-instance-paas-overview,,"1. Purchasing model: vCore is the model Microsoft recommends. Choose it when you value flexibility, control, and transparency, want to scale compute and storage independently, or want to apply Azure Hybrid Benefit or reserved capacity pricing. | 2. Use when the workload needs consistently low IO latency, about 1-2 ms, from locally attached SSD storage. | 3. Use when reports, analytics, or read-only queries can be redirected to the free read-scale replica included in the tier. | 4. Use when you need higher resiliency and faster recovery - one of three secondary replicas becomes the new primary immediately on failure. | 5. Use when you need In-Memory OLTP, which neither General Purpose nor Next-gen General Purpose supports. | 6. Use when advanced data corruption protection through automatic page repair matters. | 7. Use when a failover group must guarantee an RPO of 5 seconds and an RTO of 30 seconds. | 8. Configure 64 or more vCores if you need compute isolation - it is only supported at that size and above. | 9. Plan capacity accordingly: one Business Critical vCore consumes four regional vCore units against your subscription quota, versus one for General Purpose. | 10. Baseline managed instance hardware - choose it when 5.1 GB of memory per vCore and a ceiling of 80 vCores and 408 GB are enough. | 11. Choose it when regional coverage matters: standard-series is available in all public regions worldwide. | 12. Use an instance pool if you want a 2-vCore instance; 2 vCores cannot be deployed as a standalone instance. | 13. Move to premium-series if the workload needs more memory per vCore or more than 80 vCores.",https://learn.microsoft.com/azure/azure-sql/database/purchasing-models | https://learn.microsoft.com/azure/azure-sql/managed-instance/service-tiers-managed-instance-vcore | https://learn.microsoft.com/azure/azure-sql/managed-instance/resource-limits
BC_Gen5 (16 vCores),Azure SQL Managed Instance,Managed instance,vCore,Business Critical,Provisioned,Standard-series (Gen5),vCore,16,81.6,ratio,Generally available,2018-10-01,2018-03,2018-10-01,medium,mi-ga,"Azure SQL Managed Instance GA (General Purpose and Business Critical, Gen5)",https://learn.microsoft.com/azure/azure-sql/managed-instance/resource-limits,https://learn.microsoft.com/azure/azure-sql/managed-instance/sql-managed-instance-paas-overview,,"1. Purchasing model: vCore is the model Microsoft recommends. Choose it when you value flexibility, control, and transparency, want to scale compute and storage independently, or want to apply Azure Hybrid Benefit or reserved capacity pricing. | 2. Use when the workload needs consistently low IO latency, about 1-2 ms, from locally attached SSD storage. | 3. Use when reports, analytics, or read-only queries can be redirected to the free read-scale replica included in the tier. | 4. Use when you need higher resiliency and faster recovery - one of three secondary replicas becomes the new primary immediately on failure. | 5. Use when you need In-Memory OLTP, which neither General Purpose nor Next-gen General Purpose supports. | 6. Use when advanced data corruption protection through automatic page repair matters. | 7. Use when a failover group must guarantee an RPO of 5 seconds and an RTO of 30 seconds. | 8. Configure 64 or more vCores if you need compute isolation - it is only supported at that size and above. | 9. Plan capacity accordingly: one Business Critical vCore consumes four regional vCore units against your subscription quota, versus one for General Purpose. | 10. Baseline managed instance hardware - choose it when 5.1 GB of memory per vCore and a ceiling of 80 vCores and 408 GB are enough. | 11. Choose it when regional coverage matters: standard-series is available in all public regions worldwide. | 12. Use an instance pool if you want a 2-vCore instance; 2 vCores cannot be deployed as a standalone instance. | 13. Move to premium-series if the workload needs more memory per vCore or more than 80 vCores.",https://learn.microsoft.com/azure/azure-sql/database/purchasing-models | https://learn.microsoft.com/azure/azure-sql/managed-instance/service-tiers-managed-instance-vcore | https://learn.microsoft.com/azure/azure-sql/managed-instance/resource-limits
BC_Gen5 (24 vCores),Azure SQL Managed Instance,Managed instance,vCore,Business Critical,Provisioned,Standard-series (Gen5),vCore,24,122.4,ratio,Generally available,2018-10-01,2018-03,2018-10-01,medium,mi-ga,"Azure SQL Managed Instance GA (General Purpose and Business Critical, Gen5)",https://learn.microsoft.com/azure/azure-sql/managed-instance/resource-limits,https://learn.microsoft.com/azure/azure-sql/managed-instance/sql-managed-instance-paas-overview,,"1. Purchasing model: vCore is the model Microsoft recommends. Choose it when you value flexibility, control, and transparency, want to scale compute and storage independently, or want to apply Azure Hybrid Benefit or reserved capacity pricing. | 2. Use when the workload needs consistently low IO latency, about 1-2 ms, from locally attached SSD storage. | 3. Use when reports, analytics, or read-only queries can be redirected to the free read-scale replica included in the tier. | 4. Use when you need higher resiliency and faster recovery - one of three secondary replicas becomes the new primary immediately on failure. | 5. Use when you need In-Memory OLTP, which neither General Purpose nor Next-gen General Purpose supports. | 6. Use when advanced data corruption protection through automatic page repair matters. | 7. Use when a failover group must guarantee an RPO of 5 seconds and an RTO of 30 seconds. | 8. Configure 64 or more vCores if you need compute isolation - it is only supported at that size and above. | 9. Plan capacity accordingly: one Business Critical vCore consumes four regional vCore units against your subscription quota, versus one for General Purpose. | 10. Baseline managed instance hardware - choose it when 5.1 GB of memory per vCore and a ceiling of 80 vCores and 408 GB are enough. | 11. Choose it when regional coverage matters: standard-series is available in all public regions worldwide. | 12. Use an instance pool if you want a 2-vCore instance; 2 vCores cannot be deployed as a standalone instance. | 13. Move to premium-series if the workload needs more memory per vCore or more than 80 vCores.",https://learn.microsoft.com/azure/azure-sql/database/purchasing-models | https://learn.microsoft.com/azure/azure-sql/managed-instance/service-tiers-managed-instance-vcore | https://learn.microsoft.com/azure/azure-sql/managed-instance/resource-limits
BC_Gen5 (32 vCores),Azure SQL Managed Instance,Managed instance,vCore,Business Critical,Provisioned,Standard-series (Gen5),vCore,32,163.2,ratio,Generally available,2018-10-01,2018-03,2018-10-01,medium,mi-ga,"Azure SQL Managed Instance GA (General Purpose and Business Critical, Gen5)",https://learn.microsoft.com/azure/azure-sql/managed-instance/resource-limits,https://learn.microsoft.com/azure/azure-sql/managed-instance/sql-managed-instance-paas-overview,,"1. Purchasing model: vCore is the model Microsoft recommends. Choose it when you value flexibility, control, and transparency, want to scale compute and storage independently, or want to apply Azure Hybrid Benefit or reserved capacity pricing. | 2. Use when the workload needs consistently low IO latency, about 1-2 ms, from locally attached SSD storage. | 3. Use when reports, analytics, or read-only queries can be redirected to the free read-scale replica included in the tier. | 4. Use when you need higher resiliency and faster recovery - one of three secondary replicas becomes the new primary immediately on failure. | 5. Use when you need In-Memory OLTP, which neither General Purpose nor Next-gen General Purpose supports. | 6. Use when advanced data corruption protection through automatic page repair matters. | 7. Use when a failover group must guarantee an RPO of 5 seconds and an RTO of 30 seconds. | 8. Configure 64 or more vCores if you need compute isolation - it is only supported at that size and above. | 9. Plan capacity accordingly: one Business Critical vCore consumes four regional vCore units against your subscription quota, versus one for General Purpose. | 10. Baseline managed instance hardware - choose it when 5.1 GB of memory per vCore and a ceiling of 80 vCores and 408 GB are enough. | 11. Choose it when regional coverage matters: standard-series is available in all public regions worldwide. | 12. Use an instance pool if you want a 2-vCore instance; 2 vCores cannot be deployed as a standalone instance. | 13. Move to premium-series if the workload needs more memory per vCore or more than 80 vCores.",https://learn.microsoft.com/azure/azure-sql/database/purchasing-models | https://learn.microsoft.com/azure/azure-sql/managed-instance/service-tiers-managed-instance-vcore | https://learn.microsoft.com/azure/azure-sql/managed-instance/resource-limits
BC_Gen5 (40 vCores),Azure SQL Managed Instance,Managed instance,vCore,Business Critical,Provisioned,Standard-series (Gen5),vCore,40,204.0,ratio,Generally available,2018-10-01,2018-03,2018-10-01,medium,mi-ga,"Azure SQL Managed Instance GA (General Purpose and Business Critical, Gen5)",https://learn.microsoft.com/azure/azure-sql/managed-instance/resource-limits,https://learn.microsoft.com/azure/azure-sql/managed-instance/sql-managed-instance-paas-overview,,"1. Purchasing model: vCore is the model Microsoft recommends. Choose it when you value flexibility, control, and transparency, want to scale compute and storage independently, or want to apply Azure Hybrid Benefit or reserved capacity pricing. | 2. Use when the workload needs consistently low IO latency, about 1-2 ms, from locally attached SSD storage. | 3. Use when reports, analytics, or read-only queries can be redirected to the free read-scale replica included in the tier. | 4. Use when you need higher resiliency and faster recovery - one of three secondary replicas becomes the new primary immediately on failure. | 5. Use when you need In-Memory OLTP, which neither General Purpose nor Next-gen General Purpose supports. | 6. Use when advanced data corruption protection through automatic page repair matters. | 7. Use when a failover group must guarantee an RPO of 5 seconds and an RTO of 30 seconds. | 8. Configure 64 or more vCores if you need compute isolation - it is only supported at that size and above. | 9. Plan capacity accordingly: one Business Critical vCore consumes four regional vCore units against your subscription quota, versus one for General Purpose. | 10. Baseline managed instance hardware - choose it when 5.1 GB of memory per vCore and a ceiling of 80 vCores and 408 GB are enough. | 11. Choose it when regional coverage matters: standard-series is available in all public regions worldwide. | 12. Use an instance pool if you want a 2-vCore instance; 2 vCores cannot be deployed as a standalone instance. | 13. Move to premium-series if the workload needs more memory per vCore or more than 80 vCores.",https://learn.microsoft.com/azure/azure-sql/database/purchasing-models | https://learn.microsoft.com/azure/azure-sql/managed-instance/service-tiers-managed-instance-vcore | https://learn.microsoft.com/azure/azure-sql/managed-instance/resource-limits
BC_Gen5 (64 vCores),Azure SQL Managed Instance,Managed instance,vCore,Business Critical,Provisioned,Standard-series (Gen5),vCore,64,326.4,ratio,Generally available,2018-10-01,2018-03,2018-10-01,medium,mi-ga,"Azure SQL Managed Instance GA (General Purpose and Business Critical, Gen5)",https://learn.microsoft.com/azure/azure-sql/managed-instance/resource-limits,https://learn.microsoft.com/azure/azure-sql/managed-instance/sql-managed-instance-paas-overview,,"1. Purchasing model: vCore is the model Microsoft recommends. Choose it when you value flexibility, control, and transparency, want to scale compute and storage independently, or want to apply Azure Hybrid Benefit or reserved capacity pricing. | 2. Use when the workload needs consistently low IO latency, about 1-2 ms, from locally attached SSD storage. | 3. Use when reports, analytics, or read-only queries can be redirected to the free read-scale replica included in the tier. | 4. Use when you need higher resiliency and faster recovery - one of three secondary replicas becomes the new primary immediately on failure. | 5. Use when you need In-Memory OLTP, which neither General Purpose nor Next-gen General Purpose supports. | 6. Use when advanced data corruption protection through automatic page repair matters. | 7. Use when a failover group must guarantee an RPO of 5 seconds and an RTO of 30 seconds. | 8. Configure 64 or more vCores if you need compute isolation - it is only supported at that size and above. | 9. Plan capacity accordingly: one Business Critical vCore consumes four regional vCore units against your subscription quota, versus one for General Purpose. | 10. Baseline managed instance hardware - choose it when 5.1 GB of memory per vCore and a ceiling of 80 vCores and 408 GB are enough. | 11. Choose it when regional coverage matters: standard-series is available in all public regions worldwide. | 12. Use an instance pool if you want a 2-vCore instance; 2 vCores cannot be deployed as a standalone instance. | 13. Move to premium-series if the workload needs more memory per vCore or more than 80 vCores.",https://learn.microsoft.com/azure/azure-sql/database/purchasing-models | https://learn.microsoft.com/azure/azure-sql/managed-instance/service-tiers-managed-instance-vcore | https://learn.microsoft.com/azure/azure-sql/managed-instance/resource-limits
BC_Gen5 (80 vCores),Azure SQL Managed Instance,Managed instance,vCore,Business Critical,Provisioned,Standard-series (Gen5),vCore,80,408.0,ratio,Generally available,2018-10-01,2018-03,2018-10-01,medium,mi-ga,"Azure SQL Managed Instance GA (General Purpose and Business Critical, Gen5)",https://learn.microsoft.com/azure/azure-sql/managed-instance/resource-limits,https://learn.microsoft.com/azure/azure-sql/managed-instance/sql-managed-instance-paas-overview,,"1. Purchasing model: vCore is the model Microsoft recommends. Choose it when you value flexibility, control, and transparency, want to scale compute and storage independently, or want to apply Azure Hybrid Benefit or reserved capacity pricing. | 2. Use when the workload needs consistently low IO latency, about 1-2 ms, from locally attached SSD storage. | 3. Use when reports, analytics, or read-only queries can be redirected to the free read-scale replica included in the tier. | 4. Use when you need higher resiliency and faster recovery - one of three secondary replicas becomes the new primary immediately on failure. | 5. Use when you need In-Memory OLTP, which neither General Purpose nor Next-gen General Purpose supports. | 6. Use when advanced data corruption protection through automatic page repair matters. | 7. Use when a failover group must guarantee an RPO of 5 seconds and an RTO of 30 seconds. | 8. Configure 64 or more vCores if you need compute isolation - it is only supported at that size and above. | 9. Plan capacity accordingly: one Business Critical vCore consumes four regional vCore units against your subscription quota, versus one for General Purpose. | 10. Baseline managed instance hardware - choose it when 5.1 GB of memory per vCore and a ceiling of 80 vCores and 408 GB are enough. | 11. Choose it when regional coverage matters: standard-series is available in all public regions worldwide. | 12. Use an instance pool if you want a 2-vCore instance; 2 vCores cannot be deployed as a standalone instance. | 13. Move to premium-series if the workload needs more memory per vCore or more than 80 vCores.",https://learn.microsoft.com/azure/azure-sql/database/purchasing-models | https://learn.microsoft.com/azure/azure-sql/managed-instance/service-tiers-managed-instance-vcore | https://learn.microsoft.com/azure/azure-sql/managed-instance/resource-limits
GP_G8IM (2 vCores),Azure SQL Managed Instance,Managed instance,vCore,General Purpose,Provisioned,Premium-series,vCore,2,14.0,ratio,Generally available,2024-11,2019,2024-11,high,mi-instance-pools,Instance pools (the only way to deploy a 2-vCore managed instance),https://learn.microsoft.com/azure/azure-sql/managed-instance/resource-limits,https://learn.microsoft.com/azure/azure-sql/managed-instance/doc-changes-updates-release-notes-whats-new-archive,"A 2-vCore instance can only be deployed inside an instance pool, so 2-vCore SKUs became generally available when instance pools did.","1. Purchasing model: vCore is the model Microsoft recommends. Choose it when you value flexibility, control, and transparency, want to scale compute and storage independently, or want to apply Azure Hybrid Benefit or reserved capacity pricing. | 2. Default service tier for most generic managed instance workloads that need a fully managed engine with the standard SLA. | 3. Use when storage latency of 5-10 ms is acceptable for the workload. | 4. Use when you need SQL Server instance-scoped surface area and near-100% engine compatibility rather than a single database. | 5. Use when you can stop and start the instance during idle periods to save compute and licensing cost - a General Purpose-only capability. | 6. Stay within the limits: 80 vCores, 16 TB of instance storage, and 100 user databases per instance. | 7. Do not choose it if you need In-Memory OLTP or a read-only replica; those require Business Critical. | 8. Choose when you want the newer Intel 8370C (Ice Lake) 2.8 GHz processors rather than the mixed Broadwell/Skylake/Cascade Lake pool of standard-series. | 9. Choose when the workload needs 7 GB of memory per vCore instead of 5.1 GB, up to 560 GB per instance. | 10. Choose when you need more than 80 vCores - premium-series scales to 128 in Business Critical and Next-gen General Purpose. | 11. Required if you want the flexible memory feature, which lets you raise memory without adding vCores. | 12. Choose when Business Critical needs up to 16 TB of storage, available in major regions (5.5 TB elsewhere). | 13. Regional coverage is broad: premium-series is available in all public regions.",https://learn.microsoft.com/azure/azure-sql/database/purchasing-models | https://learn.microsoft.com/azure/azure-sql/managed-instance/service-tiers-managed-instance-vcore | https://learn.microsoft.com/azure/azure-sql/managed-instance/resource-limits
GP_G8IM (4 vCores),Azure SQL Managed Instance,Managed instance,vCore,General Purpose,Provisioned,Premium-series,vCore,4,28.0,ratio,Generally available,2022-07-19,2021-11,2022-07-19,high,mi-premium-series,Managed Instance premium-series hardware (G8IM),https://learn.microsoft.com/azure/azure-sql/managed-instance/resource-limits,https://techcommunity.microsoft.com/blog/azuresqlblog/announcing-the-general-availability-of-premium-series-hardware-for-azure-sql-man/3576737,,"1. Purchasing model: vCore is the model Microsoft recommends. Choose it when you value flexibility, control, and transparency, want to scale compute and storage independently, or want to apply Azure Hybrid Benefit or reserved capacity pricing. | 2. Default service tier for most generic managed instance workloads that need a fully managed engine with the standard SLA. | 3. Use when storage latency of 5-10 ms is acceptable for the workload. | 4. Use when you need SQL Server instance-scoped surface area and near-100% engine compatibility rather than a single database. | 5. Use when you can stop and start the instance during idle periods to save compute and licensing cost - a General Purpose-only capability. | 6. Stay within the limits: 80 vCores, 16 TB of instance storage, and 100 user databases per instance. | 7. Do not choose it if you need In-Memory OLTP or a read-only replica; those require Business Critical. | 8. Choose when you want the newer Intel 8370C (Ice Lake) 2.8 GHz processors rather than the mixed Broadwell/Skylake/Cascade Lake pool of standard-series. | 9. Choose when the workload needs 7 GB of memory per vCore instead of 5.1 GB, up to 560 GB per instance. | 10. Choose when you need more than 80 vCores - premium-series scales to 128 in Business Critical and Next-gen General Purpose. | 11. Required if you want the flexible memory feature, which lets you raise memory without adding vCores. | 12. Choose when Business Critical needs up to 16 TB of storage, available in major regions (5.5 TB elsewhere). | 13. Regional coverage is broad: premium-series is available in all public regions.",https://learn.microsoft.com/azure/azure-sql/database/purchasing-models | https://learn.microsoft.com/azure/azure-sql/managed-instance/service-tiers-managed-instance-vcore | https://learn.microsoft.com/azure/azure-sql/managed-instance/resource-limits
GP_G8IM (8 vCores),Azure SQL Managed Instance,Managed instance,vCore,General Purpose,Provisioned,Premium-series,vCore,8,56.0,ratio,Generally available,2022-07-19,2021-11,2022-07-19,high,mi-premium-series,Managed Instance premium-series hardware (G8IM),https://learn.microsoft.com/azure/azure-sql/managed-instance/resource-limits,https://techcommunity.microsoft.com/blog/azuresqlblog/announcing-the-general-availability-of-premium-series-hardware-for-azure-sql-man/3576737,,"1. Purchasing model: vCore is the model Microsoft recommends. Choose it when you value flexibility, control, and transparency, want to scale compute and storage independently, or want to apply Azure Hybrid Benefit or reserved capacity pricing. | 2. Default service tier for most generic managed instance workloads that need a fully managed engine with the standard SLA. | 3. Use when storage latency of 5-10 ms is acceptable for the workload. | 4. Use when you need SQL Server instance-scoped surface area and near-100% engine compatibility rather than a single database. | 5. Use when you can stop and start the instance during idle periods to save compute and licensing cost - a General Purpose-only capability. | 6. Stay within the limits: 80 vCores, 16 TB of instance storage, and 100 user databases per instance. | 7. Do not choose it if you need In-Memory OLTP or a read-only replica; those require Business Critical. | 8. Choose when you want the newer Intel 8370C (Ice Lake) 2.8 GHz processors rather than the mixed Broadwell/Skylake/Cascade Lake pool of standard-series. | 9. Choose when the workload needs 7 GB of memory per vCore instead of 5.1 GB, up to 560 GB per instance. | 10. Choose when you need more than 80 vCores - premium-series scales to 128 in Business Critical and Next-gen General Purpose. | 11. Required if you want the flexible memory feature, which lets you raise memory without adding vCores. | 12. Choose when Business Critical needs up to 16 TB of storage, available in major regions (5.5 TB elsewhere). | 13. Regional coverage is broad: premium-series is available in all public regions.",https://learn.microsoft.com/azure/azure-sql/database/purchasing-models | https://learn.microsoft.com/azure/azure-sql/managed-instance/service-tiers-managed-instance-vcore | https://learn.microsoft.com/azure/azure-sql/managed-instance/resource-limits
GP_G8IM (16 vCores),Azure SQL Managed Instance,Managed instance,vCore,General Purpose,Provisioned,Premium-series,vCore,16,112.0,ratio,Generally available,2022-07-19,2021-11,2022-07-19,high,mi-premium-series,Managed Instance premium-series hardware (G8IM),https://learn.microsoft.com/azure/azure-sql/managed-instance/resource-limits,https://techcommunity.microsoft.com/blog/azuresqlblog/announcing-the-general-availability-of-premium-series-hardware-for-azure-sql-man/3576737,,"1. Purchasing model: vCore is the model Microsoft recommends. Choose it when you value flexibility, control, and transparency, want to scale compute and storage independently, or want to apply Azure Hybrid Benefit or reserved capacity pricing. | 2. Default service tier for most generic managed instance workloads that need a fully managed engine with the standard SLA. | 3. Use when storage latency of 5-10 ms is acceptable for the workload. | 4. Use when you need SQL Server instance-scoped surface area and near-100% engine compatibility rather than a single database. | 5. Use when you can stop and start the instance during idle periods to save compute and licensing cost - a General Purpose-only capability. | 6. Stay within the limits: 80 vCores, 16 TB of instance storage, and 100 user databases per instance. | 7. Do not choose it if you need In-Memory OLTP or a read-only replica; those require Business Critical. | 8. Choose when you want the newer Intel 8370C (Ice Lake) 2.8 GHz processors rather than the mixed Broadwell/Skylake/Cascade Lake pool of standard-series. | 9. Choose when the workload needs 7 GB of memory per vCore instead of 5.1 GB, up to 560 GB per instance. | 10. Choose when you need more than 80 vCores - premium-series scales to 128 in Business Critical and Next-gen General Purpose. | 11. Required if you want the flexible memory feature, which lets you raise memory without adding vCores. | 12. Choose when Business Critical needs up to 16 TB of storage, available in major regions (5.5 TB elsewhere). | 13. Regional coverage is broad: premium-series is available in all public regions.",https://learn.microsoft.com/azure/azure-sql/database/purchasing-models | https://learn.microsoft.com/azure/azure-sql/managed-instance/service-tiers-managed-instance-vcore | https://learn.microsoft.com/azure/azure-sql/managed-instance/resource-limits
GP_G8IM (24 vCores),Azure SQL Managed Instance,Managed instance,vCore,General Purpose,Provisioned,Premium-series,vCore,24,168.0,ratio,Generally available,2022-07-19,2021-11,2022-07-19,high,mi-premium-series,Managed Instance premium-series hardware (G8IM),https://learn.microsoft.com/azure/azure-sql/managed-instance/resource-limits,https://techcommunity.microsoft.com/blog/azuresqlblog/announcing-the-general-availability-of-premium-series-hardware-for-azure-sql-man/3576737,,"1. Purchasing model: vCore is the model Microsoft recommends. Choose it when you value flexibility, control, and transparency, want to scale compute and storage independently, or want to apply Azure Hybrid Benefit or reserved capacity pricing. | 2. Default service tier for most generic managed instance workloads that need a fully managed engine with the standard SLA. | 3. Use when storage latency of 5-10 ms is acceptable for the workload. | 4. Use when you need SQL Server instance-scoped surface area and near-100% engine compatibility rather than a single database. | 5. Use when you can stop and start the instance during idle periods to save compute and licensing cost - a General Purpose-only capability. | 6. Stay within the limits: 80 vCores, 16 TB of instance storage, and 100 user databases per instance. | 7. Do not choose it if you need In-Memory OLTP or a read-only replica; those require Business Critical. | 8. Choose when you want the newer Intel 8370C (Ice Lake) 2.8 GHz processors rather than the mixed Broadwell/Skylake/Cascade Lake pool of standard-series. | 9. Choose when the workload needs 7 GB of memory per vCore instead of 5.1 GB, up to 560 GB per instance. | 10. Choose when you need more than 80 vCores - premium-series scales to 128 in Business Critical and Next-gen General Purpose. | 11. Required if you want the flexible memory feature, which lets you raise memory without adding vCores. | 12. Choose when Business Critical needs up to 16 TB of storage, available in major regions (5.5 TB elsewhere). | 13. Regional coverage is broad: premium-series is available in all public regions.",https://learn.microsoft.com/azure/azure-sql/database/purchasing-models | https://learn.microsoft.com/azure/azure-sql/managed-instance/service-tiers-managed-instance-vcore | https://learn.microsoft.com/azure/azure-sql/managed-instance/resource-limits
GP_G8IM (32 vCores),Azure SQL Managed Instance,Managed instance,vCore,General Purpose,Provisioned,Premium-series,vCore,32,224.0,ratio,Generally available,2022-07-19,2021-11,2022-07-19,high,mi-premium-series,Managed Instance premium-series hardware (G8IM),https://learn.microsoft.com/azure/azure-sql/managed-instance/resource-limits,https://techcommunity.microsoft.com/blog/azuresqlblog/announcing-the-general-availability-of-premium-series-hardware-for-azure-sql-man/3576737,,"1. Purchasing model: vCore is the model Microsoft recommends. Choose it when you value flexibility, control, and transparency, want to scale compute and storage independently, or want to apply Azure Hybrid Benefit or reserved capacity pricing. | 2. Default service tier for most generic managed instance workloads that need a fully managed engine with the standard SLA. | 3. Use when storage latency of 5-10 ms is acceptable for the workload. | 4. Use when you need SQL Server instance-scoped surface area and near-100% engine compatibility rather than a single database. | 5. Use when you can stop and start the instance during idle periods to save compute and licensing cost - a General Purpose-only capability. | 6. Stay within the limits: 80 vCores, 16 TB of instance storage, and 100 user databases per instance. | 7. Do not choose it if you need In-Memory OLTP or a read-only replica; those require Business Critical. | 8. Choose when you want the newer Intel 8370C (Ice Lake) 2.8 GHz processors rather than the mixed Broadwell/Skylake/Cascade Lake pool of standard-series. | 9. Choose when the workload needs 7 GB of memory per vCore instead of 5.1 GB, up to 560 GB per instance. | 10. Choose when you need more than 80 vCores - premium-series scales to 128 in Business Critical and Next-gen General Purpose. | 11. Required if you want the flexible memory feature, which lets you raise memory without adding vCores. | 12. Choose when Business Critical needs up to 16 TB of storage, available in major regions (5.5 TB elsewhere). | 13. Regional coverage is broad: premium-series is available in all public regions.",https://learn.microsoft.com/azure/azure-sql/database/purchasing-models | https://learn.microsoft.com/azure/azure-sql/managed-instance/service-tiers-managed-instance-vcore | https://learn.microsoft.com/azure/azure-sql/managed-instance/resource-limits
GP_G8IM (40 vCores),Azure SQL Managed Instance,Managed instance,vCore,General Purpose,Provisioned,Premium-series,vCore,40,280.0,ratio,Generally available,2022-07-19,2021-11,2022-07-19,high,mi-premium-series,Managed Instance premium-series hardware (G8IM),https://learn.microsoft.com/azure/azure-sql/managed-instance/resource-limits,https://techcommunity.microsoft.com/blog/azuresqlblog/announcing-the-general-availability-of-premium-series-hardware-for-azure-sql-man/3576737,,"1. Purchasing model: vCore is the model Microsoft recommends. Choose it when you value flexibility, control, and transparency, want to scale compute and storage independently, or want to apply Azure Hybrid Benefit or reserved capacity pricing. | 2. Default service tier for most generic managed instance workloads that need a fully managed engine with the standard SLA. | 3. Use when storage latency of 5-10 ms is acceptable for the workload. | 4. Use when you need SQL Server instance-scoped surface area and near-100% engine compatibility rather than a single database. | 5. Use when you can stop and start the instance during idle periods to save compute and licensing cost - a General Purpose-only capability. | 6. Stay within the limits: 80 vCores, 16 TB of instance storage, and 100 user databases per instance. | 7. Do not choose it if you need In-Memory OLTP or a read-only replica; those require Business Critical. | 8. Choose when you want the newer Intel 8370C (Ice Lake) 2.8 GHz processors rather than the mixed Broadwell/Skylake/Cascade Lake pool of standard-series. | 9. Choose when the workload needs 7 GB of memory per vCore instead of 5.1 GB, up to 560 GB per instance. | 10. Choose when you need more than 80 vCores - premium-series scales to 128 in Business Critical and Next-gen General Purpose. | 11. Required if you want the flexible memory feature, which lets you raise memory without adding vCores. | 12. Choose when Business Critical needs up to 16 TB of storage, available in major regions (5.5 TB elsewhere). | 13. Regional coverage is broad: premium-series is available in all public regions.",https://learn.microsoft.com/azure/azure-sql/database/purchasing-models | https://learn.microsoft.com/azure/azure-sql/managed-instance/service-tiers-managed-instance-vcore | https://learn.microsoft.com/azure/azure-sql/managed-instance/resource-limits
GP_G8IM (64 vCores),Azure SQL Managed Instance,Managed instance,vCore,General Purpose,Provisioned,Premium-series,vCore,64,448.0,ratio,Generally available,2022-07-19,2021-11,2022-07-19,high,mi-premium-series,Managed Instance premium-series hardware (G8IM),https://learn.microsoft.com/azure/azure-sql/managed-instance/resource-limits,https://techcommunity.microsoft.com/blog/azuresqlblog/announcing-the-general-availability-of-premium-series-hardware-for-azure-sql-man/3576737,,"1. Purchasing model: vCore is the model Microsoft recommends. Choose it when you value flexibility, control, and transparency, want to scale compute and storage independently, or want to apply Azure Hybrid Benefit or reserved capacity pricing. | 2. Default service tier for most generic managed instance workloads that need a fully managed engine with the standard SLA. | 3. Use when storage latency of 5-10 ms is acceptable for the workload. | 4. Use when you need SQL Server instance-scoped surface area and near-100% engine compatibility rather than a single database. | 5. Use when you can stop and start the instance during idle periods to save compute and licensing cost - a General Purpose-only capability. | 6. Stay within the limits: 80 vCores, 16 TB of instance storage, and 100 user databases per instance. | 7. Do not choose it if you need In-Memory OLTP or a read-only replica; those require Business Critical. | 8. Choose when you want the newer Intel 8370C (Ice Lake) 2.8 GHz processors rather than the mixed Broadwell/Skylake/Cascade Lake pool of standard-series. | 9. Choose when the workload needs 7 GB of memory per vCore instead of 5.1 GB, up to 560 GB per instance. | 10. Choose when you need more than 80 vCores - premium-series scales to 128 in Business Critical and Next-gen General Purpose. | 11. Required if you want the flexible memory feature, which lets you raise memory without adding vCores. | 12. Choose when Business Critical needs up to 16 TB of storage, available in major regions (5.5 TB elsewhere). | 13. Regional coverage is broad: premium-series is available in all public regions.",https://learn.microsoft.com/azure/azure-sql/database/purchasing-models | https://learn.microsoft.com/azure/azure-sql/managed-instance/service-tiers-managed-instance-vcore | https://learn.microsoft.com/azure/azure-sql/managed-instance/resource-limits
GP_G8IM (80 vCores),Azure SQL Managed Instance,Managed instance,vCore,General Purpose,Provisioned,Premium-series,vCore,80,560.0,ratio,Generally available,2022-07-19,2021-11,2022-07-19,high,mi-premium-series,Managed Instance premium-series hardware (G8IM),https://learn.microsoft.com/azure/azure-sql/managed-instance/resource-limits,https://techcommunity.microsoft.com/blog/azuresqlblog/announcing-the-general-availability-of-premium-series-hardware-for-azure-sql-man/3576737,,"1. Purchasing model: vCore is the model Microsoft recommends. Choose it when you value flexibility, control, and transparency, want to scale compute and storage independently, or want to apply Azure Hybrid Benefit or reserved capacity pricing. | 2. Default service tier for most generic managed instance workloads that need a fully managed engine with the standard SLA. | 3. Use when storage latency of 5-10 ms is acceptable for the workload. | 4. Use when you need SQL Server instance-scoped surface area and near-100% engine compatibility rather than a single database. | 5. Use when you can stop and start the instance during idle periods to save compute and licensing cost - a General Purpose-only capability. | 6. Stay within the limits: 80 vCores, 16 TB of instance storage, and 100 user databases per instance. | 7. Do not choose it if you need In-Memory OLTP or a read-only replica; those require Business Critical. | 8. Choose when you want the newer Intel 8370C (Ice Lake) 2.8 GHz processors rather than the mixed Broadwell/Skylake/Cascade Lake pool of standard-series. | 9. Choose when the workload needs 7 GB of memory per vCore instead of 5.1 GB, up to 560 GB per instance. | 10. Choose when you need more than 80 vCores - premium-series scales to 128 in Business Critical and Next-gen General Purpose. | 11. Required if you want the flexible memory feature, which lets you raise memory without adding vCores. | 12. Choose when Business Critical needs up to 16 TB of storage, available in major regions (5.5 TB elsewhere). | 13. Regional coverage is broad: premium-series is available in all public regions.",https://learn.microsoft.com/azure/azure-sql/database/purchasing-models | https://learn.microsoft.com/azure/azure-sql/managed-instance/service-tiers-managed-instance-vcore | https://learn.microsoft.com/azure/azure-sql/managed-instance/resource-limits
GP_G8IM (4 vCores),Azure SQL Managed Instance,Managed instance,vCore,Next-gen General Purpose,Provisioned,Premium-series,vCore,4,28.0,ratio,Generally available,2025-11,2024-03,2025-11,high,mi-nextgen-gp,Managed Instance Next-gen General Purpose service tier,https://learn.microsoft.com/azure/azure-sql/managed-instance/resource-limits,https://learn.microsoft.com/azure/azure-sql/managed-instance/doc-changes-updates-release-notes-whats-new-archive,"Billed as General Purpose. An architectural upgrade (Elastic SAN storage), not a separate ARM SKU name. The Learn what's-new archive dates the preview to March 2024 and GA to November 2025; the GA blog post went up on 2025-12-02.","1. Purchasing model: vCore is the model Microsoft recommends. Choose it when you value flexibility, control, and transparency, want to scale compute and storage independently, or want to apply Azure Hybrid Benefit or reserved capacity pricing. | 2. Choose when your business is budget-oriented but the performance metrics and limits of the classic General Purpose tier are insufficient - the baseline cost is the same. | 3. Choose when you need more than 100 databases on one instance; Next-gen supports up to 500. | 4. Choose when you need more than 16 TB of reserved storage; Next-gen supports up to 32 TB. | 5. Choose when you need better storage latency, IOPS, and throughput - it uses Elastic SAN instead of page blobs, giving 3-5 ms latency against 5-10 ms. | 6. Choose when you want to scale vCores, memory, storage, and IOPS independently, including flexible memory on premium-series hardware. | 7. Budget for the extras: IOPS above the free quota of 3 per GB of reserved storage, and memory above the default allocation, are billed separately. | 8. Note that In-Memory OLTP is still not supported, and there are still no read-only replicas. | 9. Choose when you want the newer Intel 8370C (Ice Lake) 2.8 GHz processors rather than the mixed Broadwell/Skylake/Cascade Lake pool of standard-series. | 10. Choose when the workload needs 7 GB of memory per vCore instead of 5.1 GB, up to 560 GB per instance. | 11. Choose when you need more than 80 vCores - premium-series scales to 128 in Business Critical and Next-gen General Purpose. | 12. Required if you want the flexible memory feature, which lets you raise memory without adding vCores. | 13. Choose when Business Critical needs up to 16 TB of storage, available in major regions (5.5 TB elsewhere). | 14. Regional coverage is broad: premium-series is available in all public regions.",https://learn.microsoft.com/azure/azure-sql/database/purchasing-models | https://learn.microsoft.com/azure/azure-sql/managed-instance/service-tiers-managed-instance-vcore | https://learn.microsoft.com/azure/azure-sql/managed-instance/service-tiers-next-gen-general-purpose-use | https://learn.microsoft.com/azure/azure-sql/managed-instance/resource-limits
GP_G8IM (6 vCores),Azure SQL Managed Instance,Managed instance,vCore,Next-gen General Purpose,Provisioned,Premium-series,vCore,6,42.0,ratio,Generally available,2025-11,2024-03,2025-11,high,mi-nextgen-gp,Managed Instance Next-gen General Purpose service tier,https://learn.microsoft.com/azure/azure-sql/managed-instance/resource-limits,https://learn.microsoft.com/azure/azure-sql/managed-instance/doc-changes-updates-release-notes-whats-new-archive,"Billed as General Purpose. An architectural upgrade (Elastic SAN storage), not a separate ARM SKU name. The Learn what's-new archive dates the preview to March 2024 and GA to November 2025; the GA blog post went up on 2025-12-02.","1. Purchasing model: vCore is the model Microsoft recommends. Choose it when you value flexibility, control, and transparency, want to scale compute and storage independently, or want to apply Azure Hybrid Benefit or reserved capacity pricing. | 2. Choose when your business is budget-oriented but the performance metrics and limits of the classic General Purpose tier are insufficient - the baseline cost is the same. | 3. Choose when you need more than 100 databases on one instance; Next-gen supports up to 500. | 4. Choose when you need more than 16 TB of reserved storage; Next-gen supports up to 32 TB. | 5. Choose when you need better storage latency, IOPS, and throughput - it uses Elastic SAN instead of page blobs, giving 3-5 ms latency against 5-10 ms. | 6. Choose when you want to scale vCores, memory, storage, and IOPS independently, including flexible memory on premium-series hardware. | 7. Budget for the extras: IOPS above the free quota of 3 per GB of reserved storage, and memory above the default allocation, are billed separately. | 8. Note that In-Memory OLTP is still not supported, and there are still no read-only replicas. | 9. Choose when you want the newer Intel 8370C (Ice Lake) 2.8 GHz processors rather than the mixed Broadwell/Skylake/Cascade Lake pool of standard-series. | 10. Choose when the workload needs 7 GB of memory per vCore instead of 5.1 GB, up to 560 GB per instance. | 11. Choose when you need more than 80 vCores - premium-series scales to 128 in Business Critical and Next-gen General Purpose. | 12. Required if you want the flexible memory feature, which lets you raise memory without adding vCores. | 13. Choose when Business Critical needs up to 16 TB of storage, available in major regions (5.5 TB elsewhere). | 14. Regional coverage is broad: premium-series is available in all public regions.",https://learn.microsoft.com/azure/azure-sql/database/purchasing-models | https://learn.microsoft.com/azure/azure-sql/managed-instance/service-tiers-managed-instance-vcore | https://learn.microsoft.com/azure/azure-sql/managed-instance/service-tiers-next-gen-general-purpose-use | https://learn.microsoft.com/azure/azure-sql/managed-instance/resource-limits
GP_G8IM (8 vCores),Azure SQL Managed Instance,Managed instance,vCore,Next-gen General Purpose,Provisioned,Premium-series,vCore,8,56.0,ratio,Generally available,2025-11,2024-03,2025-11,high,mi-nextgen-gp,Managed Instance Next-gen General Purpose service tier,https://learn.microsoft.com/azure/azure-sql/managed-instance/resource-limits,https://learn.microsoft.com/azure/azure-sql/managed-instance/doc-changes-updates-release-notes-whats-new-archive,"Billed as General Purpose. An architectural upgrade (Elastic SAN storage), not a separate ARM SKU name. The Learn what's-new archive dates the preview to March 2024 and GA to November 2025; the GA blog post went up on 2025-12-02.","1. Purchasing model: vCore is the model Microsoft recommends. Choose it when you value flexibility, control, and transparency, want to scale compute and storage independently, or want to apply Azure Hybrid Benefit or reserved capacity pricing. | 2. Choose when your business is budget-oriented but the performance metrics and limits of the classic General Purpose tier are insufficient - the baseline cost is the same. | 3. Choose when you need more than 100 databases on one instance; Next-gen supports up to 500. | 4. Choose when you need more than 16 TB of reserved storage; Next-gen supports up to 32 TB. | 5. Choose when you need better storage latency, IOPS, and throughput - it uses Elastic SAN instead of page blobs, giving 3-5 ms latency against 5-10 ms. | 6. Choose when you want to scale vCores, memory, storage, and IOPS independently, including flexible memory on premium-series hardware. | 7. Budget for the extras: IOPS above the free quota of 3 per GB of reserved storage, and memory above the default allocation, are billed separately. | 8. Note that In-Memory OLTP is still not supported, and there are still no read-only replicas. | 9. Choose when you want the newer Intel 8370C (Ice Lake) 2.8 GHz processors rather than the mixed Broadwell/Skylake/Cascade Lake pool of standard-series. | 10. Choose when the workload needs 7 GB of memory per vCore instead of 5.1 GB, up to 560 GB per instance. | 11. Choose when you need more than 80 vCores - premium-series scales to 128 in Business Critical and Next-gen General Purpose. | 12. Required if you want the flexible memory feature, which lets you raise memory without adding vCores. | 13. Choose when Business Critical needs up to 16 TB of storage, available in major regions (5.5 TB elsewhere). | 14. Regional coverage is broad: premium-series is available in all public regions.",https://learn.microsoft.com/azure/azure-sql/database/purchasing-models | https://learn.microsoft.com/azure/azure-sql/managed-instance/service-tiers-managed-instance-vcore | https://learn.microsoft.com/azure/azure-sql/managed-instance/service-tiers-next-gen-general-purpose-use | https://learn.microsoft.com/azure/azure-sql/managed-instance/resource-limits
GP_G8IM (10 vCores),Azure SQL Managed Instance,Managed instance,vCore,Next-gen General Purpose,Provisioned,Premium-series,vCore,10,70.0,ratio,Generally available,2025-11,2024-03,2025-11,high,mi-nextgen-gp,Managed Instance Next-gen General Purpose service tier,https://learn.microsoft.com/azure/azure-sql/managed-instance/resource-limits,https://learn.microsoft.com/azure/azure-sql/managed-instance/doc-changes-updates-release-notes-whats-new-archive,"Billed as General Purpose. An architectural upgrade (Elastic SAN storage), not a separate ARM SKU name. The Learn what's-new archive dates the preview to March 2024 and GA to November 2025; the GA blog post went up on 2025-12-02.","1. Purchasing model: vCore is the model Microsoft recommends. Choose it when you value flexibility, control, and transparency, want to scale compute and storage independently, or want to apply Azure Hybrid Benefit or reserved capacity pricing. | 2. Choose when your business is budget-oriented but the performance metrics and limits of the classic General Purpose tier are insufficient - the baseline cost is the same. | 3. Choose when you need more than 100 databases on one instance; Next-gen supports up to 500. | 4. Choose when you need more than 16 TB of reserved storage; Next-gen supports up to 32 TB. | 5. Choose when you need better storage latency, IOPS, and throughput - it uses Elastic SAN instead of page blobs, giving 3-5 ms latency against 5-10 ms. | 6. Choose when you want to scale vCores, memory, storage, and IOPS independently, including flexible memory on premium-series hardware. | 7. Budget for the extras: IOPS above the free quota of 3 per GB of reserved storage, and memory above the default allocation, are billed separately. | 8. Note that In-Memory OLTP is still not supported, and there are still no read-only replicas. | 9. Choose when you want the newer Intel 8370C (Ice Lake) 2.8 GHz processors rather than the mixed Broadwell/Skylake/Cascade Lake pool of standard-series. | 10. Choose when the workload needs 7 GB of memory per vCore instead of 5.1 GB, up to 560 GB per instance. | 11. Choose when you need more than 80 vCores - premium-series scales to 128 in Business Critical and Next-gen General Purpose. | 12. Required if you want the flexible memory feature, which lets you raise memory without adding vCores. | 13. Choose when Business Critical needs up to 16 TB of storage, available in major regions (5.5 TB elsewhere). | 14. Regional coverage is broad: premium-series is available in all public regions.",https://learn.microsoft.com/azure/azure-sql/database/purchasing-models | https://learn.microsoft.com/azure/azure-sql/managed-instance/service-tiers-managed-instance-vcore | https://learn.microsoft.com/azure/azure-sql/managed-instance/service-tiers-next-gen-general-purpose-use | https://learn.microsoft.com/azure/azure-sql/managed-instance/resource-limits
GP_G8IM (12 vCores),Azure SQL Managed Instance,Managed instance,vCore,Next-gen General Purpose,Provisioned,Premium-series,vCore,12,84.0,ratio,Generally available,2025-11,2024-03,2025-11,high,mi-nextgen-gp,Managed Instance Next-gen General Purpose service tier,https://learn.microsoft.com/azure/azure-sql/managed-instance/resource-limits,https://learn.microsoft.com/azure/azure-sql/managed-instance/doc-changes-updates-release-notes-whats-new-archive,"Billed as General Purpose. An architectural upgrade (Elastic SAN storage), not a separate ARM SKU name. The Learn what's-new archive dates the preview to March 2024 and GA to November 2025; the GA blog post went up on 2025-12-02.","1. Purchasing model: vCore is the model Microsoft recommends. Choose it when you value flexibility, control, and transparency, want to scale compute and storage independently, or want to apply Azure Hybrid Benefit or reserved capacity pricing. | 2. Choose when your business is budget-oriented but the performance metrics and limits of the classic General Purpose tier are insufficient - the baseline cost is the same. | 3. Choose when you need more than 100 databases on one instance; Next-gen supports up to 500. | 4. Choose when you need more than 16 TB of reserved storage; Next-gen supports up to 32 TB. | 5. Choose when you need better storage latency, IOPS, and throughput - it uses Elastic SAN instead of page blobs, giving 3-5 ms latency against 5-10 ms. | 6. Choose when you want to scale vCores, memory, storage, and IOPS independently, including flexible memory on premium-series hardware. | 7. Budget for the extras: IOPS above the free quota of 3 per GB of reserved storage, and memory above the default allocation, are billed separately. | 8. Note that In-Memory OLTP is still not supported, and there are still no read-only replicas. | 9. Choose when you want the newer Intel 8370C (Ice Lake) 2.8 GHz processors rather than the mixed Broadwell/Skylake/Cascade Lake pool of standard-series. | 10. Choose when the workload needs 7 GB of memory per vCore instead of 5.1 GB, up to 560 GB per instance. | 11. Choose when you need more than 80 vCores - premium-series scales to 128 in Business Critical and Next-gen General Purpose. | 12. Required if you want the flexible memory feature, which lets you raise memory without adding vCores. | 13. Choose when Business Critical needs up to 16 TB of storage, available in major regions (5.5 TB elsewhere). | 14. Regional coverage is broad: premium-series is available in all public regions.",https://learn.microsoft.com/azure/azure-sql/database/purchasing-models | https://learn.microsoft.com/azure/azure-sql/managed-instance/service-tiers-managed-instance-vcore | https://learn.microsoft.com/azure/azure-sql/managed-instance/service-tiers-next-gen-general-purpose-use | https://learn.microsoft.com/azure/azure-sql/managed-instance/resource-limits
GP_G8IM (16 vCores),Azure SQL Managed Instance,Managed instance,vCore,Next-gen General Purpose,Provisioned,Premium-series,vCore,16,112.0,ratio,Generally available,2025-11,2024-03,2025-11,high,mi-nextgen-gp,Managed Instance Next-gen General Purpose service tier,https://learn.microsoft.com/azure/azure-sql/managed-instance/resource-limits,https://learn.microsoft.com/azure/azure-sql/managed-instance/doc-changes-updates-release-notes-whats-new-archive,"Billed as General Purpose. An architectural upgrade (Elastic SAN storage), not a separate ARM SKU name. The Learn what's-new archive dates the preview to March 2024 and GA to November 2025; the GA blog post went up on 2025-12-02.","1. Purchasing model: vCore is the model Microsoft recommends. Choose it when you value flexibility, control, and transparency, want to scale compute and storage independently, or want to apply Azure Hybrid Benefit or reserved capacity pricing. | 2. Choose when your business is budget-oriented but the performance metrics and limits of the classic General Purpose tier are insufficient - the baseline cost is the same. | 3. Choose when you need more than 100 databases on one instance; Next-gen supports up to 500. | 4. Choose when you need more than 16 TB of reserved storage; Next-gen supports up to 32 TB. | 5. Choose when you need better storage latency, IOPS, and throughput - it uses Elastic SAN instead of page blobs, giving 3-5 ms latency against 5-10 ms. | 6. Choose when you want to scale vCores, memory, storage, and IOPS independently, including flexible memory on premium-series hardware. | 7. Budget for the extras: IOPS above the free quota of 3 per GB of reserved storage, and memory above the default allocation, are billed separately. | 8. Note that In-Memory OLTP is still not supported, and there are still no read-only replicas. | 9. Choose when you want the newer Intel 8370C (Ice Lake) 2.8 GHz processors rather than the mixed Broadwell/Skylake/Cascade Lake pool of standard-series. | 10. Choose when the workload needs 7 GB of memory per vCore instead of 5.1 GB, up to 560 GB per instance. | 11. Choose when you need more than 80 vCores - premium-series scales to 128 in Business Critical and Next-gen General Purpose. | 12. Required if you want the flexible memory feature, which lets you raise memory without adding vCores. | 13. Choose when Business Critical needs up to 16 TB of storage, available in major regions (5.5 TB elsewhere). | 14. Regional coverage is broad: premium-series is available in all public regions.",https://learn.microsoft.com/azure/azure-sql/database/purchasing-models | https://learn.microsoft.com/azure/azure-sql/managed-instance/service-tiers-managed-instance-vcore | https://learn.microsoft.com/azure/azure-sql/managed-instance/service-tiers-next-gen-general-purpose-use | https://learn.microsoft.com/azure/azure-sql/managed-instance/resource-limits
GP_G8IM (20 vCores),Azure SQL Managed Instance,Managed instance,vCore,Next-gen General Purpose,Provisioned,Premium-series,vCore,20,140.0,ratio,Generally available,2025-11,2024-03,2025-11,high,mi-nextgen-gp,Managed Instance Next-gen General Purpose service tier,https://learn.microsoft.com/azure/azure-sql/managed-instance/resource-limits,https://learn.microsoft.com/azure/azure-sql/managed-instance/doc-changes-updates-release-notes-whats-new-archive,"Billed as General Purpose. An architectural upgrade (Elastic SAN storage), not a separate ARM SKU name. The Learn what's-new archive dates the preview to March 2024 and GA to November 2025; the GA blog post went up on 2025-12-02.","1. Purchasing model: vCore is the model Microsoft recommends. Choose it when you value flexibility, control, and transparency, want to scale compute and storage independently, or want to apply Azure Hybrid Benefit or reserved capacity pricing. | 2. Choose when your business is budget-oriented but the performance metrics and limits of the classic General Purpose tier are insufficient - the baseline cost is the same. | 3. Choose when you need more than 100 databases on one instance; Next-gen supports up to 500. | 4. Choose when you need more than 16 TB of reserved storage; Next-gen supports up to 32 TB. | 5. Choose when you need better storage latency, IOPS, and throughput - it uses Elastic SAN instead of page blobs, giving 3-5 ms latency against 5-10 ms. | 6. Choose when you want to scale vCores, memory, storage, and IOPS independently, including flexible memory on premium-series hardware. | 7. Budget for the extras: IOPS above the free quota of 3 per GB of reserved storage, and memory above the default allocation, are billed separately. | 8. Note that In-Memory OLTP is still not supported, and there are still no read-only replicas. | 9. Choose when you want the newer Intel 8370C (Ice Lake) 2.8 GHz processors rather than the mixed Broadwell/Skylake/Cascade Lake pool of standard-series. | 10. Choose when the workload needs 7 GB of memory per vCore instead of 5.1 GB, up to 560 GB per instance. | 11. Choose when you need more than 80 vCores - premium-series scales to 128 in Business Critical and Next-gen General Purpose. | 12. Required if you want the flexible memory feature, which lets you raise memory without adding vCores. | 13. Choose when Business Critical needs up to 16 TB of storage, available in major regions (5.5 TB elsewhere). | 14. Regional coverage is broad: premium-series is available in all public regions.",https://learn.microsoft.com/azure/azure-sql/database/purchasing-models | https://learn.microsoft.com/azure/azure-sql/managed-instance/service-tiers-managed-instance-vcore | https://learn.microsoft.com/azure/azure-sql/managed-instance/service-tiers-next-gen-general-purpose-use | https://learn.microsoft.com/azure/azure-sql/managed-instance/resource-limits
GP_G8IM (24 vCores),Azure SQL Managed Instance,Managed instance,vCore,Next-gen General Purpose,Provisioned,Premium-series,vCore,24,168.0,ratio,Generally available,2025-11,2024-03,2025-11,high,mi-nextgen-gp,Managed Instance Next-gen General Purpose service tier,https://learn.microsoft.com/azure/azure-sql/managed-instance/resource-limits,https://learn.microsoft.com/azure/azure-sql/managed-instance/doc-changes-updates-release-notes-whats-new-archive,"Billed as General Purpose. An architectural upgrade (Elastic SAN storage), not a separate ARM SKU name. The Learn what's-new archive dates the preview to March 2024 and GA to November 2025; the GA blog post went up on 2025-12-02.","1. Purchasing model: vCore is the model Microsoft recommends. Choose it when you value flexibility, control, and transparency, want to scale compute and storage independently, or want to apply Azure Hybrid Benefit or reserved capacity pricing. | 2. Choose when your business is budget-oriented but the performance metrics and limits of the classic General Purpose tier are insufficient - the baseline cost is the same. | 3. Choose when you need more than 100 databases on one instance; Next-gen supports up to 500. | 4. Choose when you need more than 16 TB of reserved storage; Next-gen supports up to 32 TB. | 5. Choose when you need better storage latency, IOPS, and throughput - it uses Elastic SAN instead of page blobs, giving 3-5 ms latency against 5-10 ms. | 6. Choose when you want to scale vCores, memory, storage, and IOPS independently, including flexible memory on premium-series hardware. | 7. Budget for the extras: IOPS above the free quota of 3 per GB of reserved storage, and memory above the default allocation, are billed separately. | 8. Note that In-Memory OLTP is still not supported, and there are still no read-only replicas. | 9. Choose when you want the newer Intel 8370C (Ice Lake) 2.8 GHz processors rather than the mixed Broadwell/Skylake/Cascade Lake pool of standard-series. | 10. Choose when the workload needs 7 GB of memory per vCore instead of 5.1 GB, up to 560 GB per instance. | 11. Choose when you need more than 80 vCores - premium-series scales to 128 in Business Critical and Next-gen General Purpose. | 12. Required if you want the flexible memory feature, which lets you raise memory without adding vCores. | 13. Choose when Business Critical needs up to 16 TB of storage, available in major regions (5.5 TB elsewhere). | 14. Regional coverage is broad: premium-series is available in all public regions.",https://learn.microsoft.com/azure/azure-sql/database/purchasing-models | https://learn.microsoft.com/azure/azure-sql/managed-instance/service-tiers-managed-instance-vcore | https://learn.microsoft.com/azure/azure-sql/managed-instance/service-tiers-next-gen-general-purpose-use | https://learn.microsoft.com/azure/azure-sql/managed-instance/resource-limits
GP_G8IM (32 vCores),Azure SQL Managed Instance,Managed instance,vCore,Next-gen General Purpose,Provisioned,Premium-series,vCore,32,224.0,ratio,Generally available,2025-11,2024-03,2025-11,high,mi-nextgen-gp,Managed Instance Next-gen General Purpose service tier,https://learn.microsoft.com/azure/azure-sql/managed-instance/resource-limits,https://learn.microsoft.com/azure/azure-sql/managed-instance/doc-changes-updates-release-notes-whats-new-archive,"Billed as General Purpose. An architectural upgrade (Elastic SAN storage), not a separate ARM SKU name. The Learn what's-new archive dates the preview to March 2024 and GA to November 2025; the GA blog post went up on 2025-12-02.","1. Purchasing model: vCore is the model Microsoft recommends. Choose it when you value flexibility, control, and transparency, want to scale compute and storage independently, or want to apply Azure Hybrid Benefit or reserved capacity pricing. | 2. Choose when your business is budget-oriented but the performance metrics and limits of the classic General Purpose tier are insufficient - the baseline cost is the same. | 3. Choose when you need more than 100 databases on one instance; Next-gen supports up to 500. | 4. Choose when you need more than 16 TB of reserved storage; Next-gen supports up to 32 TB. | 5. Choose when you need better storage latency, IOPS, and throughput - it uses Elastic SAN instead of page blobs, giving 3-5 ms latency against 5-10 ms. | 6. Choose when you want to scale vCores, memory, storage, and IOPS independently, including flexible memory on premium-series hardware. | 7. Budget for the extras: IOPS above the free quota of 3 per GB of reserved storage, and memory above the default allocation, are billed separately. | 8. Note that In-Memory OLTP is still not supported, and there are still no read-only replicas. | 9. Choose when you want the newer Intel 8370C (Ice Lake) 2.8 GHz processors rather than the mixed Broadwell/Skylake/Cascade Lake pool of standard-series. | 10. Choose when the workload needs 7 GB of memory per vCore instead of 5.1 GB, up to 560 GB per instance. | 11. Choose when you need more than 80 vCores - premium-series scales to 128 in Business Critical and Next-gen General Purpose. | 12. Required if you want the flexible memory feature, which lets you raise memory without adding vCores. | 13. Choose when Business Critical needs up to 16 TB of storage, available in major regions (5.5 TB elsewhere). | 14. Regional coverage is broad: premium-series is available in all public regions.",https://learn.microsoft.com/azure/azure-sql/database/purchasing-models | https://learn.microsoft.com/azure/azure-sql/managed-instance/service-tiers-managed-instance-vcore | https://learn.microsoft.com/azure/azure-sql/managed-instance/service-tiers-next-gen-general-purpose-use | https://learn.microsoft.com/azure/azure-sql/managed-instance/resource-limits
GP_G8IM (40 vCores),Azure SQL Managed Instance,Managed instance,vCore,Next-gen General Purpose,Provisioned,Premium-series,vCore,40,280.0,ratio,Generally available,2025-11,2024-03,2025-11,high,mi-nextgen-gp,Managed Instance Next-gen General Purpose service tier,https://learn.microsoft.com/azure/azure-sql/managed-instance/resource-limits,https://learn.microsoft.com/azure/azure-sql/managed-instance/doc-changes-updates-release-notes-whats-new-archive,"Billed as General Purpose. An architectural upgrade (Elastic SAN storage), not a separate ARM SKU name. The Learn what's-new archive dates the preview to March 2024 and GA to November 2025; the GA blog post went up on 2025-12-02.","1. Purchasing model: vCore is the model Microsoft recommends. Choose it when you value flexibility, control, and transparency, want to scale compute and storage independently, or want to apply Azure Hybrid Benefit or reserved capacity pricing. | 2. Choose when your business is budget-oriented but the performance metrics and limits of the classic General Purpose tier are insufficient - the baseline cost is the same. | 3. Choose when you need more than 100 databases on one instance; Next-gen supports up to 500. | 4. Choose when you need more than 16 TB of reserved storage; Next-gen supports up to 32 TB. | 5. Choose when you need better storage latency, IOPS, and throughput - it uses Elastic SAN instead of page blobs, giving 3-5 ms latency against 5-10 ms. | 6. Choose when you want to scale vCores, memory, storage, and IOPS independently, including flexible memory on premium-series hardware. | 7. Budget for the extras: IOPS above the free quota of 3 per GB of reserved storage, and memory above the default allocation, are billed separately. | 8. Note that In-Memory OLTP is still not supported, and there are still no read-only replicas. | 9. Choose when you want the newer Intel 8370C (Ice Lake) 2.8 GHz processors rather than the mixed Broadwell/Skylake/Cascade Lake pool of standard-series. | 10. Choose when the workload needs 7 GB of memory per vCore instead of 5.1 GB, up to 560 GB per instance. | 11. Choose when you need more than 80 vCores - premium-series scales to 128 in Business Critical and Next-gen General Purpose. | 12. Required if you want the flexible memory feature, which lets you raise memory without adding vCores. | 13. Choose when Business Critical needs up to 16 TB of storage, available in major regions (5.5 TB elsewhere). | 14. Regional coverage is broad: premium-series is available in all public regions.",https://learn.microsoft.com/azure/azure-sql/database/purchasing-models | https://learn.microsoft.com/azure/azure-sql/managed-instance/service-tiers-managed-instance-vcore | https://learn.microsoft.com/azure/azure-sql/managed-instance/service-tiers-next-gen-general-purpose-use | https://learn.microsoft.com/azure/azure-sql/managed-instance/resource-limits
GP_G8IM (48 vCores),Azure SQL Managed Instance,Managed instance,vCore,Next-gen General Purpose,Provisioned,Premium-series,vCore,48,336.0,ratio,Generally available,2025-11,2024-03,2025-11,high,mi-nextgen-gp,Managed Instance Next-gen General Purpose service tier,https://learn.microsoft.com/azure/azure-sql/managed-instance/resource-limits,https://learn.microsoft.com/azure/azure-sql/managed-instance/doc-changes-updates-release-notes-whats-new-archive,"Billed as General Purpose. An architectural upgrade (Elastic SAN storage), not a separate ARM SKU name. The Learn what's-new archive dates the preview to March 2024 and GA to November 2025; the GA blog post went up on 2025-12-02.","1. Purchasing model: vCore is the model Microsoft recommends. Choose it when you value flexibility, control, and transparency, want to scale compute and storage independently, or want to apply Azure Hybrid Benefit or reserved capacity pricing. | 2. Choose when your business is budget-oriented but the performance metrics and limits of the classic General Purpose tier are insufficient - the baseline cost is the same. | 3. Choose when you need more than 100 databases on one instance; Next-gen supports up to 500. | 4. Choose when you need more than 16 TB of reserved storage; Next-gen supports up to 32 TB. | 5. Choose when you need better storage latency, IOPS, and throughput - it uses Elastic SAN instead of page blobs, giving 3-5 ms latency against 5-10 ms. | 6. Choose when you want to scale vCores, memory, storage, and IOPS independently, including flexible memory on premium-series hardware. | 7. Budget for the extras: IOPS above the free quota of 3 per GB of reserved storage, and memory above the default allocation, are billed separately. | 8. Note that In-Memory OLTP is still not supported, and there are still no read-only replicas. | 9. Choose when you want the newer Intel 8370C (Ice Lake) 2.8 GHz processors rather than the mixed Broadwell/Skylake/Cascade Lake pool of standard-series. | 10. Choose when the workload needs 7 GB of memory per vCore instead of 5.1 GB, up to 560 GB per instance. | 11. Choose when you need more than 80 vCores - premium-series scales to 128 in Business Critical and Next-gen General Purpose. | 12. Required if you want the flexible memory feature, which lets you raise memory without adding vCores. | 13. Choose when Business Critical needs up to 16 TB of storage, available in major regions (5.5 TB elsewhere). | 14. Regional coverage is broad: premium-series is available in all public regions.",https://learn.microsoft.com/azure/azure-sql/database/purchasing-models | https://learn.microsoft.com/azure/azure-sql/managed-instance/service-tiers-managed-instance-vcore | https://learn.microsoft.com/azure/azure-sql/managed-instance/service-tiers-next-gen-general-purpose-use | https://learn.microsoft.com/azure/azure-sql/managed-instance/resource-limits
GP_G8IM (56 vCores),Azure SQL Managed Instance,Managed instance,vCore,Next-gen General Purpose,Provisioned,Premium-series,vCore,56,392.0,ratio,Generally available,2025-11,2024-03,2025-11,high,mi-nextgen-gp,Managed Instance Next-gen General Purpose service tier,https://learn.microsoft.com/azure/azure-sql/managed-instance/resource-limits,https://learn.microsoft.com/azure/azure-sql/managed-instance/doc-changes-updates-release-notes-whats-new-archive,"Billed as General Purpose. An architectural upgrade (Elastic SAN storage), not a separate ARM SKU name. The Learn what's-new archive dates the preview to March 2024 and GA to November 2025; the GA blog post went up on 2025-12-02.","1. Purchasing model: vCore is the model Microsoft recommends. Choose it when you value flexibility, control, and transparency, want to scale compute and storage independently, or want to apply Azure Hybrid Benefit or reserved capacity pricing. | 2. Choose when your business is budget-oriented but the performance metrics and limits of the classic General Purpose tier are insufficient - the baseline cost is the same. | 3. Choose when you need more than 100 databases on one instance; Next-gen supports up to 500. | 4. Choose when you need more than 16 TB of reserved storage; Next-gen supports up to 32 TB. | 5. Choose when you need better storage latency, IOPS, and throughput - it uses Elastic SAN instead of page blobs, giving 3-5 ms latency against 5-10 ms. | 6. Choose when you want to scale vCores, memory, storage, and IOPS independently, including flexible memory on premium-series hardware. | 7. Budget for the extras: IOPS above the free quota of 3 per GB of reserved storage, and memory above the default allocation, are billed separately. | 8. Note that In-Memory OLTP is still not supported, and there are still no read-only replicas. | 9. Choose when you want the newer Intel 8370C (Ice Lake) 2.8 GHz processors rather than the mixed Broadwell/Skylake/Cascade Lake pool of standard-series. | 10. Choose when the workload needs 7 GB of memory per vCore instead of 5.1 GB, up to 560 GB per instance. | 11. Choose when you need more than 80 vCores - premium-series scales to 128 in Business Critical and Next-gen General Purpose. | 12. Required if you want the flexible memory feature, which lets you raise memory without adding vCores. | 13. Choose when Business Critical needs up to 16 TB of storage, available in major regions (5.5 TB elsewhere). | 14. Regional coverage is broad: premium-series is available in all public regions.",https://learn.microsoft.com/azure/azure-sql/database/purchasing-models | https://learn.microsoft.com/azure/azure-sql/managed-instance/service-tiers-managed-instance-vcore | https://learn.microsoft.com/azure/azure-sql/managed-instance/service-tiers-next-gen-general-purpose-use | https://learn.microsoft.com/azure/azure-sql/managed-instance/resource-limits
GP_G8IM (64 vCores),Azure SQL Managed Instance,Managed instance,vCore,Next-gen General Purpose,Provisioned,Premium-series,vCore,64,448.0,ratio,Generally available,2025-11,2024-03,2025-11,high,mi-nextgen-gp,Managed Instance Next-gen General Purpose service tier,https://learn.microsoft.com/azure/azure-sql/managed-instance/resource-limits,https://learn.microsoft.com/azure/azure-sql/managed-instance/doc-changes-updates-release-notes-whats-new-archive,"Billed as General Purpose. An architectural upgrade (Elastic SAN storage), not a separate ARM SKU name. The Learn what's-new archive dates the preview to March 2024 and GA to November 2025; the GA blog post went up on 2025-12-02.","1. Purchasing model: vCore is the model Microsoft recommends. Choose it when you value flexibility, control, and transparency, want to scale compute and storage independently, or want to apply Azure Hybrid Benefit or reserved capacity pricing. | 2. Choose when your business is budget-oriented but the performance metrics and limits of the classic General Purpose tier are insufficient - the baseline cost is the same. | 3. Choose when you need more than 100 databases on one instance; Next-gen supports up to 500. | 4. Choose when you need more than 16 TB of reserved storage; Next-gen supports up to 32 TB. | 5. Choose when you need better storage latency, IOPS, and throughput - it uses Elastic SAN instead of page blobs, giving 3-5 ms latency against 5-10 ms. | 6. Choose when you want to scale vCores, memory, storage, and IOPS independently, including flexible memory on premium-series hardware. | 7. Budget for the extras: IOPS above the free quota of 3 per GB of reserved storage, and memory above the default allocation, are billed separately. | 8. Note that In-Memory OLTP is still not supported, and there are still no read-only replicas. | 9. Choose when you want the newer Intel 8370C (Ice Lake) 2.8 GHz processors rather than the mixed Broadwell/Skylake/Cascade Lake pool of standard-series. | 10. Choose when the workload needs 7 GB of memory per vCore instead of 5.1 GB, up to 560 GB per instance. | 11. Choose when you need more than 80 vCores - premium-series scales to 128 in Business Critical and Next-gen General Purpose. | 12. Required if you want the flexible memory feature, which lets you raise memory without adding vCores. | 13. Choose when Business Critical needs up to 16 TB of storage, available in major regions (5.5 TB elsewhere). | 14. Regional coverage is broad: premium-series is available in all public regions.",https://learn.microsoft.com/azure/azure-sql/database/purchasing-models | https://learn.microsoft.com/azure/azure-sql/managed-instance/service-tiers-managed-instance-vcore | https://learn.microsoft.com/azure/azure-sql/managed-instance/service-tiers-next-gen-general-purpose-use | https://learn.microsoft.com/azure/azure-sql/managed-instance/resource-limits
GP_G8IM (80 vCores),Azure SQL Managed Instance,Managed instance,vCore,Next-gen General Purpose,Provisioned,Premium-series,vCore,80,560.0,ratio,Generally available,2025-11,2024-03,2025-11,high,mi-nextgen-gp,Managed Instance Next-gen General Purpose service tier,https://learn.microsoft.com/azure/azure-sql/managed-instance/resource-limits,https://learn.microsoft.com/azure/azure-sql/managed-instance/doc-changes-updates-release-notes-whats-new-archive,"Billed as General Purpose. An architectural upgrade (Elastic SAN storage), not a separate ARM SKU name. The Learn what's-new archive dates the preview to March 2024 and GA to November 2025; the GA blog post went up on 2025-12-02.","1. Purchasing model: vCore is the model Microsoft recommends. Choose it when you value flexibility, control, and transparency, want to scale compute and storage independently, or want to apply Azure Hybrid Benefit or reserved capacity pricing. | 2. Choose when your business is budget-oriented but the performance metrics and limits of the classic General Purpose tier are insufficient - the baseline cost is the same. | 3. Choose when you need more than 100 databases on one instance; Next-gen supports up to 500. | 4. Choose when you need more than 16 TB of reserved storage; Next-gen supports up to 32 TB. | 5. Choose when you need better storage latency, IOPS, and throughput - it uses Elastic SAN instead of page blobs, giving 3-5 ms latency against 5-10 ms. | 6. Choose when you want to scale vCores, memory, storage, and IOPS independently, including flexible memory on premium-series hardware. | 7. Budget for the extras: IOPS above the free quota of 3 per GB of reserved storage, and memory above the default allocation, are billed separately. | 8. Note that In-Memory OLTP is still not supported, and there are still no read-only replicas. | 9. Choose when you want the newer Intel 8370C (Ice Lake) 2.8 GHz processors rather than the mixed Broadwell/Skylake/Cascade Lake pool of standard-series. | 10. Choose when the workload needs 7 GB of memory per vCore instead of 5.1 GB, up to 560 GB per instance. | 11. Choose when you need more than 80 vCores - premium-series scales to 128 in Business Critical and Next-gen General Purpose. | 12. Required if you want the flexible memory feature, which lets you raise memory without adding vCores. | 13. Choose when Business Critical needs up to 16 TB of storage, available in major regions (5.5 TB elsewhere). | 14. Regional coverage is broad: premium-series is available in all public regions.",https://learn.microsoft.com/azure/azure-sql/database/purchasing-models | https://learn.microsoft.com/azure/azure-sql/managed-instance/service-tiers-managed-instance-vcore | https://learn.microsoft.com/azure/azure-sql/managed-instance/service-tiers-next-gen-general-purpose-use | https://learn.microsoft.com/azure/azure-sql/managed-instance/resource-limits
GP_G8IM (96 vCores),Azure SQL Managed Instance,Managed instance,vCore,Next-gen General Purpose,Provisioned,Premium-series,vCore,96,560.0,ratio,Generally available,2025-11,2024-03,2025-11,high,mi-nextgen-gp,Managed Instance Next-gen General Purpose service tier,https://learn.microsoft.com/azure/azure-sql/managed-instance/resource-limits,https://learn.microsoft.com/azure/azure-sql/managed-instance/doc-changes-updates-release-notes-whats-new-archive,"Billed as General Purpose. An architectural upgrade (Elastic SAN storage), not a separate ARM SKU name. The Learn what's-new archive dates the preview to March 2024 and GA to November 2025; the GA blog post went up on 2025-12-02.","1. Purchasing model: vCore is the model Microsoft recommends. Choose it when you value flexibility, control, and transparency, want to scale compute and storage independently, or want to apply Azure Hybrid Benefit or reserved capacity pricing. | 2. Choose when your business is budget-oriented but the performance metrics and limits of the classic General Purpose tier are insufficient - the baseline cost is the same. | 3. Choose when you need more than 100 databases on one instance; Next-gen supports up to 500. | 4. Choose when you need more than 16 TB of reserved storage; Next-gen supports up to 32 TB. | 5. Choose when you need better storage latency, IOPS, and throughput - it uses Elastic SAN instead of page blobs, giving 3-5 ms latency against 5-10 ms. | 6. Choose when you want to scale vCores, memory, storage, and IOPS independently, including flexible memory on premium-series hardware. | 7. Budget for the extras: IOPS above the free quota of 3 per GB of reserved storage, and memory above the default allocation, are billed separately. | 8. Note that In-Memory OLTP is still not supported, and there are still no read-only replicas. | 9. Choose when you want the newer Intel 8370C (Ice Lake) 2.8 GHz processors rather than the mixed Broadwell/Skylake/Cascade Lake pool of standard-series. | 10. Choose when the workload needs 7 GB of memory per vCore instead of 5.1 GB, up to 560 GB per instance. | 11. Choose when you need more than 80 vCores - premium-series scales to 128 in Business Critical and Next-gen General Purpose. | 12. Required if you want the flexible memory feature, which lets you raise memory without adding vCores. | 13. Choose when Business Critical needs up to 16 TB of storage, available in major regions (5.5 TB elsewhere). | 14. Regional coverage is broad: premium-series is available in all public regions.",https://learn.microsoft.com/azure/azure-sql/database/purchasing-models | https://learn.microsoft.com/azure/azure-sql/managed-instance/service-tiers-managed-instance-vcore | https://learn.microsoft.com/azure/azure-sql/managed-instance/service-tiers-next-gen-general-purpose-use | https://learn.microsoft.com/azure/azure-sql/managed-instance/resource-limits
GP_G8IM (128 vCores),Azure SQL Managed Instance,Managed instance,vCore,Next-gen General Purpose,Provisioned,Premium-series,vCore,128,560.0,ratio,Generally available,2025-11,2024-03,2025-11,high,mi-nextgen-gp,Managed Instance Next-gen General Purpose service tier,https://learn.microsoft.com/azure/azure-sql/managed-instance/resource-limits,https://learn.microsoft.com/azure/azure-sql/managed-instance/doc-changes-updates-release-notes-whats-new-archive,"Billed as General Purpose. An architectural upgrade (Elastic SAN storage), not a separate ARM SKU name. The Learn what's-new archive dates the preview to March 2024 and GA to November 2025; the GA blog post went up on 2025-12-02.","1. Purchasing model: vCore is the model Microsoft recommends. Choose it when you value flexibility, control, and transparency, want to scale compute and storage independently, or want to apply Azure Hybrid Benefit or reserved capacity pricing. | 2. Choose when your business is budget-oriented but the performance metrics and limits of the classic General Purpose tier are insufficient - the baseline cost is the same. | 3. Choose when you need more than 100 databases on one instance; Next-gen supports up to 500. | 4. Choose when you need more than 16 TB of reserved storage; Next-gen supports up to 32 TB. | 5. Choose when you need better storage latency, IOPS, and throughput - it uses Elastic SAN instead of page blobs, giving 3-5 ms latency against 5-10 ms. | 6. Choose when you want to scale vCores, memory, storage, and IOPS independently, including flexible memory on premium-series hardware. | 7. Budget for the extras: IOPS above the free quota of 3 per GB of reserved storage, and memory above the default allocation, are billed separately. | 8. Note that In-Memory OLTP is still not supported, and there are still no read-only replicas. | 9. Choose when you want the newer Intel 8370C (Ice Lake) 2.8 GHz processors rather than the mixed Broadwell/Skylake/Cascade Lake pool of standard-series. | 10. Choose when the workload needs 7 GB of memory per vCore instead of 5.1 GB, up to 560 GB per instance. | 11. Choose when you need more than 80 vCores - premium-series scales to 128 in Business Critical and Next-gen General Purpose. | 12. Required if you want the flexible memory feature, which lets you raise memory without adding vCores. | 13. Choose when Business Critical needs up to 16 TB of storage, available in major regions (5.5 TB elsewhere). | 14. Regional coverage is broad: premium-series is available in all public regions.",https://learn.microsoft.com/azure/azure-sql/database/purchasing-models | https://learn.microsoft.com/azure/azure-sql/managed-instance/service-tiers-managed-instance-vcore | https://learn.microsoft.com/azure/azure-sql/managed-instance/service-tiers-next-gen-general-purpose-use | https://learn.microsoft.com/azure/azure-sql/managed-instance/resource-limits
BC_G8IM (4 vCores),Azure SQL Managed Instance,Managed instance,vCore,Business Critical,Provisioned,Premium-series,vCore,4,28.0,ratio,Generally available,2022-07-19,2021-11,2022-07-19,high,mi-premium-series,Managed Instance premium-series hardware (G8IM),https://learn.microsoft.com/azure/azure-sql/managed-instance/resource-limits,https://techcommunity.microsoft.com/blog/azuresqlblog/announcing-the-general-availability-of-premium-series-hardware-for-azure-sql-man/3576737,,"1. Purchasing model: vCore is the model Microsoft recommends. Choose it when you value flexibility, control, and transparency, want to scale compute and storage independently, or want to apply Azure Hybrid Benefit or reserved capacity pricing. | 2. Use when the workload needs consistently low IO latency, about 1-2 ms, from locally attached SSD storage. | 3. Use when reports, analytics, or read-only queries can be redirected to the free read-scale replica included in the tier. | 4. Use when you need higher resiliency and faster recovery - one of three secondary replicas becomes the new primary immediately on failure. | 5. Use when you need In-Memory OLTP, which neither General Purpose nor Next-gen General Purpose supports. | 6. Use when advanced data corruption protection through automatic page repair matters. | 7. Use when a failover group must guarantee an RPO of 5 seconds and an RTO of 30 seconds. | 8. Configure 64 or more vCores if you need compute isolation - it is only supported at that size and above. | 9. Plan capacity accordingly: one Business Critical vCore consumes four regional vCore units against your subscription quota, versus one for General Purpose. | 10. Choose when you want the newer Intel 8370C (Ice Lake) 2.8 GHz processors rather than the mixed Broadwell/Skylake/Cascade Lake pool of standard-series. | 11. Choose when the workload needs 7 GB of memory per vCore instead of 5.1 GB, up to 560 GB per instance. | 12. Choose when you need more than 80 vCores - premium-series scales to 128 in Business Critical and Next-gen General Purpose. | 13. Required if you want the flexible memory feature, which lets you raise memory without adding vCores. | 14. Choose when Business Critical needs up to 16 TB of storage, available in major regions (5.5 TB elsewhere). | 15. Regional coverage is broad: premium-series is available in all public regions.",https://learn.microsoft.com/azure/azure-sql/database/purchasing-models | https://learn.microsoft.com/azure/azure-sql/managed-instance/service-tiers-managed-instance-vcore | https://learn.microsoft.com/azure/azure-sql/managed-instance/resource-limits
BC_G8IM (6 vCores),Azure SQL Managed Instance,Managed instance,vCore,Business Critical,Provisioned,Premium-series,vCore,6,42.0,ratio,Generally available,2024-01-30,,2024-01-30,high,mi-mid-vcores,"Additional Business Critical vCore sizes (6, 10, 12, 20, 48, 56) on premium-series and memory optimized premium-series",https://learn.microsoft.com/azure/azure-sql/managed-instance/resource-limits,https://techcommunity.microsoft.com/blog/azuresqlblog/more-vcore-options-for-sql-mi-business-critical-for-better-priceperformance-and-/4043195,,"1. Purchasing model: vCore is the model Microsoft recommends. Choose it when you value flexibility, control, and transparency, want to scale compute and storage independently, or want to apply Azure Hybrid Benefit or reserved capacity pricing. | 2. Use when the workload needs consistently low IO latency, about 1-2 ms, from locally attached SSD storage. | 3. Use when reports, analytics, or read-only queries can be redirected to the free read-scale replica included in the tier. | 4. Use when you need higher resiliency and faster recovery - one of three secondary replicas becomes the new primary immediately on failure. | 5. Use when you need In-Memory OLTP, which neither General Purpose nor Next-gen General Purpose supports. | 6. Use when advanced data corruption protection through automatic page repair matters. | 7. Use when a failover group must guarantee an RPO of 5 seconds and an RTO of 30 seconds. | 8. Configure 64 or more vCores if you need compute isolation - it is only supported at that size and above. | 9. Plan capacity accordingly: one Business Critical vCore consumes four regional vCore units against your subscription quota, versus one for General Purpose. | 10. Choose when you want the newer Intel 8370C (Ice Lake) 2.8 GHz processors rather than the mixed Broadwell/Skylake/Cascade Lake pool of standard-series. | 11. Choose when the workload needs 7 GB of memory per vCore instead of 5.1 GB, up to 560 GB per instance. | 12. Choose when you need more than 80 vCores - premium-series scales to 128 in Business Critical and Next-gen General Purpose. | 13. Required if you want the flexible memory feature, which lets you raise memory without adding vCores. | 14. Choose when Business Critical needs up to 16 TB of storage, available in major regions (5.5 TB elsewhere). | 15. Regional coverage is broad: premium-series is available in all public regions.",https://learn.microsoft.com/azure/azure-sql/database/purchasing-models | https://learn.microsoft.com/azure/azure-sql/managed-instance/service-tiers-managed-instance-vcore | https://learn.microsoft.com/azure/azure-sql/managed-instance/resource-limits
BC_G8IM (8 vCores),Azure SQL Managed Instance,Managed instance,vCore,Business Critical,Provisioned,Premium-series,vCore,8,56.0,ratio,Generally available,2022-07-19,2021-11,2022-07-19,high,mi-premium-series,Managed Instance premium-series hardware (G8IM),https://learn.microsoft.com/azure/azure-sql/managed-instance/resource-limits,https://techcommunity.microsoft.com/blog/azuresqlblog/announcing-the-general-availability-of-premium-series-hardware-for-azure-sql-man/3576737,,"1. Purchasing model: vCore is the model Microsoft recommends. Choose it when you value flexibility, control, and transparency, want to scale compute and storage independently, or want to apply Azure Hybrid Benefit or reserved capacity pricing. | 2. Use when the workload needs consistently low IO latency, about 1-2 ms, from locally attached SSD storage. | 3. Use when reports, analytics, or read-only queries can be redirected to the free read-scale replica included in the tier. | 4. Use when you need higher resiliency and faster recovery - one of three secondary replicas becomes the new primary immediately on failure. | 5. Use when you need In-Memory OLTP, which neither General Purpose nor Next-gen General Purpose supports. | 6. Use when advanced data corruption protection through automatic page repair matters. | 7. Use when a failover group must guarantee an RPO of 5 seconds and an RTO of 30 seconds. | 8. Configure 64 or more vCores if you need compute isolation - it is only supported at that size and above. | 9. Plan capacity accordingly: one Business Critical vCore consumes four regional vCore units against your subscription quota, versus one for General Purpose. | 10. Choose when you want the newer Intel 8370C (Ice Lake) 2.8 GHz processors rather than the mixed Broadwell/Skylake/Cascade Lake pool of standard-series. | 11. Choose when the workload needs 7 GB of memory per vCore instead of 5.1 GB, up to 560 GB per instance. | 12. Choose when you need more than 80 vCores - premium-series scales to 128 in Business Critical and Next-gen General Purpose. | 13. Required if you want the flexible memory feature, which lets you raise memory without adding vCores. | 14. Choose when Business Critical needs up to 16 TB of storage, available in major regions (5.5 TB elsewhere). | 15. Regional coverage is broad: premium-series is available in all public regions.",https://learn.microsoft.com/azure/azure-sql/database/purchasing-models | https://learn.microsoft.com/azure/azure-sql/managed-instance/service-tiers-managed-instance-vcore | https://learn.microsoft.com/azure/azure-sql/managed-instance/resource-limits
BC_G8IM (10 vCores),Azure SQL Managed Instance,Managed instance,vCore,Business Critical,Provisioned,Premium-series,vCore,10,70.0,ratio,Generally available,2024-01-30,,2024-01-30,high,mi-mid-vcores,"Additional Business Critical vCore sizes (6, 10, 12, 20, 48, 56) on premium-series and memory optimized premium-series",https://learn.microsoft.com/azure/azure-sql/managed-instance/resource-limits,https://techcommunity.microsoft.com/blog/azuresqlblog/more-vcore-options-for-sql-mi-business-critical-for-better-priceperformance-and-/4043195,,"1. Purchasing model: vCore is the model Microsoft recommends. Choose it when you value flexibility, control, and transparency, want to scale compute and storage independently, or want to apply Azure Hybrid Benefit or reserved capacity pricing. | 2. Use when the workload needs consistently low IO latency, about 1-2 ms, from locally attached SSD storage. | 3. Use when reports, analytics, or read-only queries can be redirected to the free read-scale replica included in the tier. | 4. Use when you need higher resiliency and faster recovery - one of three secondary replicas becomes the new primary immediately on failure. | 5. Use when you need In-Memory OLTP, which neither General Purpose nor Next-gen General Purpose supports. | 6. Use when advanced data corruption protection through automatic page repair matters. | 7. Use when a failover group must guarantee an RPO of 5 seconds and an RTO of 30 seconds. | 8. Configure 64 or more vCores if you need compute isolation - it is only supported at that size and above. | 9. Plan capacity accordingly: one Business Critical vCore consumes four regional vCore units against your subscription quota, versus one for General Purpose. | 10. Choose when you want the newer Intel 8370C (Ice Lake) 2.8 GHz processors rather than the mixed Broadwell/Skylake/Cascade Lake pool of standard-series. | 11. Choose when the workload needs 7 GB of memory per vCore instead of 5.1 GB, up to 560 GB per instance. | 12. Choose when you need more than 80 vCores - premium-series scales to 128 in Business Critical and Next-gen General Purpose. | 13. Required if you want the flexible memory feature, which lets you raise memory without adding vCores. | 14. Choose when Business Critical needs up to 16 TB of storage, available in major regions (5.5 TB elsewhere). | 15. Regional coverage is broad: premium-series is available in all public regions.",https://learn.microsoft.com/azure/azure-sql/database/purchasing-models | https://learn.microsoft.com/azure/azure-sql/managed-instance/service-tiers-managed-instance-vcore | https://learn.microsoft.com/azure/azure-sql/managed-instance/resource-limits
BC_G8IM (12 vCores),Azure SQL Managed Instance,Managed instance,vCore,Business Critical,Provisioned,Premium-series,vCore,12,84.0,ratio,Generally available,2024-01-30,,2024-01-30,high,mi-mid-vcores,"Additional Business Critical vCore sizes (6, 10, 12, 20, 48, 56) on premium-series and memory optimized premium-series",https://learn.microsoft.com/azure/azure-sql/managed-instance/resource-limits,https://techcommunity.microsoft.com/blog/azuresqlblog/more-vcore-options-for-sql-mi-business-critical-for-better-priceperformance-and-/4043195,,"1. Purchasing model: vCore is the model Microsoft recommends. Choose it when you value flexibility, control, and transparency, want to scale compute and storage independently, or want to apply Azure Hybrid Benefit or reserved capacity pricing. | 2. Use when the workload needs consistently low IO latency, about 1-2 ms, from locally attached SSD storage. | 3. Use when reports, analytics, or read-only queries can be redirected to the free read-scale replica included in the tier. | 4. Use when you need higher resiliency and faster recovery - one of three secondary replicas becomes the new primary immediately on failure. | 5. Use when you need In-Memory OLTP, which neither General Purpose nor Next-gen General Purpose supports. | 6. Use when advanced data corruption protection through automatic page repair matters. | 7. Use when a failover group must guarantee an RPO of 5 seconds and an RTO of 30 seconds. | 8. Configure 64 or more vCores if you need compute isolation - it is only supported at that size and above. | 9. Plan capacity accordingly: one Business Critical vCore consumes four regional vCore units against your subscription quota, versus one for General Purpose. | 10. Choose when you want the newer Intel 8370C (Ice Lake) 2.8 GHz processors rather than the mixed Broadwell/Skylake/Cascade Lake pool of standard-series. | 11. Choose when the workload needs 7 GB of memory per vCore instead of 5.1 GB, up to 560 GB per instance. | 12. Choose when you need more than 80 vCores - premium-series scales to 128 in Business Critical and Next-gen General Purpose. | 13. Required if you want the flexible memory feature, which lets you raise memory without adding vCores. | 14. Choose when Business Critical needs up to 16 TB of storage, available in major regions (5.5 TB elsewhere). | 15. Regional coverage is broad: premium-series is available in all public regions.",https://learn.microsoft.com/azure/azure-sql/database/purchasing-models | https://learn.microsoft.com/azure/azure-sql/managed-instance/service-tiers-managed-instance-vcore | https://learn.microsoft.com/azure/azure-sql/managed-instance/resource-limits
BC_G8IM (16 vCores),Azure SQL Managed Instance,Managed instance,vCore,Business Critical,Provisioned,Premium-series,vCore,16,112.0,ratio,Generally available,2022-07-19,2021-11,2022-07-19,high,mi-premium-series,Managed Instance premium-series hardware (G8IM),https://learn.microsoft.com/azure/azure-sql/managed-instance/resource-limits,https://techcommunity.microsoft.com/blog/azuresqlblog/announcing-the-general-availability-of-premium-series-hardware-for-azure-sql-man/3576737,,"1. Purchasing model: vCore is the model Microsoft recommends. Choose it when you value flexibility, control, and transparency, want to scale compute and storage independently, or want to apply Azure Hybrid Benefit or reserved capacity pricing. | 2. Use when the workload needs consistently low IO latency, about 1-2 ms, from locally attached SSD storage. | 3. Use when reports, analytics, or read-only queries can be redirected to the free read-scale replica included in the tier. | 4. Use when you need higher resiliency and faster recovery - one of three secondary replicas becomes the new primary immediately on failure. | 5. Use when you need In-Memory OLTP, which neither General Purpose nor Next-gen General Purpose supports. | 6. Use when advanced data corruption protection through automatic page repair matters. | 7. Use when a failover group must guarantee an RPO of 5 seconds and an RTO of 30 seconds. | 8. Configure 64 or more vCores if you need compute isolation - it is only supported at that size and above. | 9. Plan capacity accordingly: one Business Critical vCore consumes four regional vCore units against your subscription quota, versus one for General Purpose. | 10. Choose when you want the newer Intel 8370C (Ice Lake) 2.8 GHz processors rather than the mixed Broadwell/Skylake/Cascade Lake pool of standard-series. | 11. Choose when the workload needs 7 GB of memory per vCore instead of 5.1 GB, up to 560 GB per instance. | 12. Choose when you need more than 80 vCores - premium-series scales to 128 in Business Critical and Next-gen General Purpose. | 13. Required if you want the flexible memory feature, which lets you raise memory without adding vCores. | 14. Choose when Business Critical needs up to 16 TB of storage, available in major regions (5.5 TB elsewhere). | 15. Regional coverage is broad: premium-series is available in all public regions.",https://learn.microsoft.com/azure/azure-sql/database/purchasing-models | https://learn.microsoft.com/azure/azure-sql/managed-instance/service-tiers-managed-instance-vcore | https://learn.microsoft.com/azure/azure-sql/managed-instance/resource-limits
BC_G8IM (20 vCores),Azure SQL Managed Instance,Managed instance,vCore,Business Critical,Provisioned,Premium-series,vCore,20,140.0,ratio,Generally available,2024-01-30,,2024-01-30,high,mi-mid-vcores,"Additional Business Critical vCore sizes (6, 10, 12, 20, 48, 56) on premium-series and memory optimized premium-series",https://learn.microsoft.com/azure/azure-sql/managed-instance/resource-limits,https://techcommunity.microsoft.com/blog/azuresqlblog/more-vcore-options-for-sql-mi-business-critical-for-better-priceperformance-and-/4043195,,"1. Purchasing model: vCore is the model Microsoft recommends. Choose it when you value flexibility, control, and transparency, want to scale compute and storage independently, or want to apply Azure Hybrid Benefit or reserved capacity pricing. | 2. Use when the workload needs consistently low IO latency, about 1-2 ms, from locally attached SSD storage. | 3. Use when reports, analytics, or read-only queries can be redirected to the free read-scale replica included in the tier. | 4. Use when you need higher resiliency and faster recovery - one of three secondary replicas becomes the new primary immediately on failure. | 5. Use when you need In-Memory OLTP, which neither General Purpose nor Next-gen General Purpose supports. | 6. Use when advanced data corruption protection through automatic page repair matters. | 7. Use when a failover group must guarantee an RPO of 5 seconds and an RTO of 30 seconds. | 8. Configure 64 or more vCores if you need compute isolation - it is only supported at that size and above. | 9. Plan capacity accordingly: one Business Critical vCore consumes four regional vCore units against your subscription quota, versus one for General Purpose. | 10. Choose when you want the newer Intel 8370C (Ice Lake) 2.8 GHz processors rather than the mixed Broadwell/Skylake/Cascade Lake pool of standard-series. | 11. Choose when the workload needs 7 GB of memory per vCore instead of 5.1 GB, up to 560 GB per instance. | 12. Choose when you need more than 80 vCores - premium-series scales to 128 in Business Critical and Next-gen General Purpose. | 13. Required if you want the flexible memory feature, which lets you raise memory without adding vCores. | 14. Choose when Business Critical needs up to 16 TB of storage, available in major regions (5.5 TB elsewhere). | 15. Regional coverage is broad: premium-series is available in all public regions.",https://learn.microsoft.com/azure/azure-sql/database/purchasing-models | https://learn.microsoft.com/azure/azure-sql/managed-instance/service-tiers-managed-instance-vcore | https://learn.microsoft.com/azure/azure-sql/managed-instance/resource-limits
BC_G8IM (24 vCores),Azure SQL Managed Instance,Managed instance,vCore,Business Critical,Provisioned,Premium-series,vCore,24,168.0,ratio,Generally available,2022-07-19,2021-11,2022-07-19,high,mi-premium-series,Managed Instance premium-series hardware (G8IM),https://learn.microsoft.com/azure/azure-sql/managed-instance/resource-limits,https://techcommunity.microsoft.com/blog/azuresqlblog/announcing-the-general-availability-of-premium-series-hardware-for-azure-sql-man/3576737,,"1. Purchasing model: vCore is the model Microsoft recommends. Choose it when you value flexibility, control, and transparency, want to scale compute and storage independently, or want to apply Azure Hybrid Benefit or reserved capacity pricing. | 2. Use when the workload needs consistently low IO latency, about 1-2 ms, from locally attached SSD storage. | 3. Use when reports, analytics, or read-only queries can be redirected to the free read-scale replica included in the tier. | 4. Use when you need higher resiliency and faster recovery - one of three secondary replicas becomes the new primary immediately on failure. | 5. Use when you need In-Memory OLTP, which neither General Purpose nor Next-gen General Purpose supports. | 6. Use when advanced data corruption protection through automatic page repair matters. | 7. Use when a failover group must guarantee an RPO of 5 seconds and an RTO of 30 seconds. | 8. Configure 64 or more vCores if you need compute isolation - it is only supported at that size and above. | 9. Plan capacity accordingly: one Business Critical vCore consumes four regional vCore units against your subscription quota, versus one for General Purpose. | 10. Choose when you want the newer Intel 8370C (Ice Lake) 2.8 GHz processors rather than the mixed Broadwell/Skylake/Cascade Lake pool of standard-series. | 11. Choose when the workload needs 7 GB of memory per vCore instead of 5.1 GB, up to 560 GB per instance. | 12. Choose when you need more than 80 vCores - premium-series scales to 128 in Business Critical and Next-gen General Purpose. | 13. Required if you want the flexible memory feature, which lets you raise memory without adding vCores. | 14. Choose when Business Critical needs up to 16 TB of storage, available in major regions (5.5 TB elsewhere). | 15. Regional coverage is broad: premium-series is available in all public regions.",https://learn.microsoft.com/azure/azure-sql/database/purchasing-models | https://learn.microsoft.com/azure/azure-sql/managed-instance/service-tiers-managed-instance-vcore | https://learn.microsoft.com/azure/azure-sql/managed-instance/resource-limits
BC_G8IM (32 vCores),Azure SQL Managed Instance,Managed instance,vCore,Business Critical,Provisioned,Premium-series,vCore,32,224.0,ratio,Generally available,2022-07-19,2021-11,2022-07-19,high,mi-premium-series,Managed Instance premium-series hardware (G8IM),https://learn.microsoft.com/azure/azure-sql/managed-instance/resource-limits,https://techcommunity.microsoft.com/blog/azuresqlblog/announcing-the-general-availability-of-premium-series-hardware-for-azure-sql-man/3576737,,"1. Purchasing model: vCore is the model Microsoft recommends. Choose it when you value flexibility, control, and transparency, want to scale compute and storage independently, or want to apply Azure Hybrid Benefit or reserved capacity pricing. | 2. Use when the workload needs consistently low IO latency, about 1-2 ms, from locally attached SSD storage. | 3. Use when reports, analytics, or read-only queries can be redirected to the free read-scale replica included in the tier. | 4. Use when you need higher resiliency and faster recovery - one of three secondary replicas becomes the new primary immediately on failure. | 5. Use when you need In-Memory OLTP, which neither General Purpose nor Next-gen General Purpose supports. | 6. Use when advanced data corruption protection through automatic page repair matters. | 7. Use when a failover group must guarantee an RPO of 5 seconds and an RTO of 30 seconds. | 8. Configure 64 or more vCores if you need compute isolation - it is only supported at that size and above. | 9. Plan capacity accordingly: one Business Critical vCore consumes four regional vCore units against your subscription quota, versus one for General Purpose. | 10. Choose when you want the newer Intel 8370C (Ice Lake) 2.8 GHz processors rather than the mixed Broadwell/Skylake/Cascade Lake pool of standard-series. | 11. Choose when the workload needs 7 GB of memory per vCore instead of 5.1 GB, up to 560 GB per instance. | 12. Choose when you need more than 80 vCores - premium-series scales to 128 in Business Critical and Next-gen General Purpose. | 13. Required if you want the flexible memory feature, which lets you raise memory without adding vCores. | 14. Choose when Business Critical needs up to 16 TB of storage, available in major regions (5.5 TB elsewhere). | 15. Regional coverage is broad: premium-series is available in all public regions.",https://learn.microsoft.com/azure/azure-sql/database/purchasing-models | https://learn.microsoft.com/azure/azure-sql/managed-instance/service-tiers-managed-instance-vcore | https://learn.microsoft.com/azure/azure-sql/managed-instance/resource-limits
BC_G8IM (40 vCores),Azure SQL Managed Instance,Managed instance,vCore,Business Critical,Provisioned,Premium-series,vCore,40,280.0,ratio,Generally available,2022-07-19,2021-11,2022-07-19,high,mi-premium-series,Managed Instance premium-series hardware (G8IM),https://learn.microsoft.com/azure/azure-sql/managed-instance/resource-limits,https://techcommunity.microsoft.com/blog/azuresqlblog/announcing-the-general-availability-of-premium-series-hardware-for-azure-sql-man/3576737,,"1. Purchasing model: vCore is the model Microsoft recommends. Choose it when you value flexibility, control, and transparency, want to scale compute and storage independently, or want to apply Azure Hybrid Benefit or reserved capacity pricing. | 2. Use when the workload needs consistently low IO latency, about 1-2 ms, from locally attached SSD storage. | 3. Use when reports, analytics, or read-only queries can be redirected to the free read-scale replica included in the tier. | 4. Use when you need higher resiliency and faster recovery - one of three secondary replicas becomes the new primary immediately on failure. | 5. Use when you need In-Memory OLTP, which neither General Purpose nor Next-gen General Purpose supports. | 6. Use when advanced data corruption protection through automatic page repair matters. | 7. Use when a failover group must guarantee an RPO of 5 seconds and an RTO of 30 seconds. | 8. Configure 64 or more vCores if you need compute isolation - it is only supported at that size and above. | 9. Plan capacity accordingly: one Business Critical vCore consumes four regional vCore units against your subscription quota, versus one for General Purpose. | 10. Choose when you want the newer Intel 8370C (Ice Lake) 2.8 GHz processors rather than the mixed Broadwell/Skylake/Cascade Lake pool of standard-series. | 11. Choose when the workload needs 7 GB of memory per vCore instead of 5.1 GB, up to 560 GB per instance. | 12. Choose when you need more than 80 vCores - premium-series scales to 128 in Business Critical and Next-gen General Purpose. | 13. Required if you want the flexible memory feature, which lets you raise memory without adding vCores. | 14. Choose when Business Critical needs up to 16 TB of storage, available in major regions (5.5 TB elsewhere). | 15. Regional coverage is broad: premium-series is available in all public regions.",https://learn.microsoft.com/azure/azure-sql/database/purchasing-models | https://learn.microsoft.com/azure/azure-sql/managed-instance/service-tiers-managed-instance-vcore | https://learn.microsoft.com/azure/azure-sql/managed-instance/resource-limits
BC_G8IM (48 vCores),Azure SQL Managed Instance,Managed instance,vCore,Business Critical,Provisioned,Premium-series,vCore,48,336.0,ratio,Generally available,2024-01-30,,2024-01-30,high,mi-mid-vcores,"Additional Business Critical vCore sizes (6, 10, 12, 20, 48, 56) on premium-series and memory optimized premium-series",https://learn.microsoft.com/azure/azure-sql/managed-instance/resource-limits,https://techcommunity.microsoft.com/blog/azuresqlblog/more-vcore-options-for-sql-mi-business-critical-for-better-priceperformance-and-/4043195,,"1. Purchasing model: vCore is the model Microsoft recommends. Choose it when you value flexibility, control, and transparency, want to scale compute and storage independently, or want to apply Azure Hybrid Benefit or reserved capacity pricing. | 2. Use when the workload needs consistently low IO latency, about 1-2 ms, from locally attached SSD storage. | 3. Use when reports, analytics, or read-only queries can be redirected to the free read-scale replica included in the tier. | 4. Use when you need higher resiliency and faster recovery - one of three secondary replicas becomes the new primary immediately on failure. | 5. Use when you need In-Memory OLTP, which neither General Purpose nor Next-gen General Purpose supports. | 6. Use when advanced data corruption protection through automatic page repair matters. | 7. Use when a failover group must guarantee an RPO of 5 seconds and an RTO of 30 seconds. | 8. Configure 64 or more vCores if you need compute isolation - it is only supported at that size and above. | 9. Plan capacity accordingly: one Business Critical vCore consumes four regional vCore units against your subscription quota, versus one for General Purpose. | 10. Choose when you want the newer Intel 8370C (Ice Lake) 2.8 GHz processors rather than the mixed Broadwell/Skylake/Cascade Lake pool of standard-series. | 11. Choose when the workload needs 7 GB of memory per vCore instead of 5.1 GB, up to 560 GB per instance. | 12. Choose when you need more than 80 vCores - premium-series scales to 128 in Business Critical and Next-gen General Purpose. | 13. Required if you want the flexible memory feature, which lets you raise memory without adding vCores. | 14. Choose when Business Critical needs up to 16 TB of storage, available in major regions (5.5 TB elsewhere). | 15. Regional coverage is broad: premium-series is available in all public regions.",https://learn.microsoft.com/azure/azure-sql/database/purchasing-models | https://learn.microsoft.com/azure/azure-sql/managed-instance/service-tiers-managed-instance-vcore | https://learn.microsoft.com/azure/azure-sql/managed-instance/resource-limits
BC_G8IM (56 vCores),Azure SQL Managed Instance,Managed instance,vCore,Business Critical,Provisioned,Premium-series,vCore,56,392.0,ratio,Generally available,2024-01-30,,2024-01-30,high,mi-mid-vcores,"Additional Business Critical vCore sizes (6, 10, 12, 20, 48, 56) on premium-series and memory optimized premium-series",https://learn.microsoft.com/azure/azure-sql/managed-instance/resource-limits,https://techcommunity.microsoft.com/blog/azuresqlblog/more-vcore-options-for-sql-mi-business-critical-for-better-priceperformance-and-/4043195,,"1. Purchasing model: vCore is the model Microsoft recommends. Choose it when you value flexibility, control, and transparency, want to scale compute and storage independently, or want to apply Azure Hybrid Benefit or reserved capacity pricing. | 2. Use when the workload needs consistently low IO latency, about 1-2 ms, from locally attached SSD storage. | 3. Use when reports, analytics, or read-only queries can be redirected to the free read-scale replica included in the tier. | 4. Use when you need higher resiliency and faster recovery - one of three secondary replicas becomes the new primary immediately on failure. | 5. Use when you need In-Memory OLTP, which neither General Purpose nor Next-gen General Purpose supports. | 6. Use when advanced data corruption protection through automatic page repair matters. | 7. Use when a failover group must guarantee an RPO of 5 seconds and an RTO of 30 seconds. | 8. Configure 64 or more vCores if you need compute isolation - it is only supported at that size and above. | 9. Plan capacity accordingly: one Business Critical vCore consumes four regional vCore units against your subscription quota, versus one for General Purpose. | 10. Choose when you want the newer Intel 8370C (Ice Lake) 2.8 GHz processors rather than the mixed Broadwell/Skylake/Cascade Lake pool of standard-series. | 11. Choose when the workload needs 7 GB of memory per vCore instead of 5.1 GB, up to 560 GB per instance. | 12. Choose when you need more than 80 vCores - premium-series scales to 128 in Business Critical and Next-gen General Purpose. | 13. Required if you want the flexible memory feature, which lets you raise memory without adding vCores. | 14. Choose when Business Critical needs up to 16 TB of storage, available in major regions (5.5 TB elsewhere). | 15. Regional coverage is broad: premium-series is available in all public regions.",https://learn.microsoft.com/azure/azure-sql/database/purchasing-models | https://learn.microsoft.com/azure/azure-sql/managed-instance/service-tiers-managed-instance-vcore | https://learn.microsoft.com/azure/azure-sql/managed-instance/resource-limits
BC_G8IM (64 vCores),Azure SQL Managed Instance,Managed instance,vCore,Business Critical,Provisioned,Premium-series,vCore,64,448.0,ratio,Generally available,2022-07-19,2021-11,2022-07-19,high,mi-premium-series,Managed Instance premium-series hardware (G8IM),https://learn.microsoft.com/azure/azure-sql/managed-instance/resource-limits,https://techcommunity.microsoft.com/blog/azuresqlblog/announcing-the-general-availability-of-premium-series-hardware-for-azure-sql-man/3576737,,"1. Purchasing model: vCore is the model Microsoft recommends. Choose it when you value flexibility, control, and transparency, want to scale compute and storage independently, or want to apply Azure Hybrid Benefit or reserved capacity pricing. | 2. Use when the workload needs consistently low IO latency, about 1-2 ms, from locally attached SSD storage. | 3. Use when reports, analytics, or read-only queries can be redirected to the free read-scale replica included in the tier. | 4. Use when you need higher resiliency and faster recovery - one of three secondary replicas becomes the new primary immediately on failure. | 5. Use when you need In-Memory OLTP, which neither General Purpose nor Next-gen General Purpose supports. | 6. Use when advanced data corruption protection through automatic page repair matters. | 7. Use when a failover group must guarantee an RPO of 5 seconds and an RTO of 30 seconds. | 8. Configure 64 or more vCores if you need compute isolation - it is only supported at that size and above. | 9. Plan capacity accordingly: one Business Critical vCore consumes four regional vCore units against your subscription quota, versus one for General Purpose. | 10. Choose when you want the newer Intel 8370C (Ice Lake) 2.8 GHz processors rather than the mixed Broadwell/Skylake/Cascade Lake pool of standard-series. | 11. Choose when the workload needs 7 GB of memory per vCore instead of 5.1 GB, up to 560 GB per instance. | 12. Choose when you need more than 80 vCores - premium-series scales to 128 in Business Critical and Next-gen General Purpose. | 13. Required if you want the flexible memory feature, which lets you raise memory without adding vCores. | 14. Choose when Business Critical needs up to 16 TB of storage, available in major regions (5.5 TB elsewhere). | 15. Regional coverage is broad: premium-series is available in all public regions.",https://learn.microsoft.com/azure/azure-sql/database/purchasing-models | https://learn.microsoft.com/azure/azure-sql/managed-instance/service-tiers-managed-instance-vcore | https://learn.microsoft.com/azure/azure-sql/managed-instance/resource-limits
BC_G8IM (80 vCores),Azure SQL Managed Instance,Managed instance,vCore,Business Critical,Provisioned,Premium-series,vCore,80,560.0,ratio,Generally available,2022-07-19,2021-11,2022-07-19,high,mi-premium-series,Managed Instance premium-series hardware (G8IM),https://learn.microsoft.com/azure/azure-sql/managed-instance/resource-limits,https://techcommunity.microsoft.com/blog/azuresqlblog/announcing-the-general-availability-of-premium-series-hardware-for-azure-sql-man/3576737,,"1. Purchasing model: vCore is the model Microsoft recommends. Choose it when you value flexibility, control, and transparency, want to scale compute and storage independently, or want to apply Azure Hybrid Benefit or reserved capacity pricing. | 2. Use when the workload needs consistently low IO latency, about 1-2 ms, from locally attached SSD storage. | 3. Use when reports, analytics, or read-only queries can be redirected to the free read-scale replica included in the tier. | 4. Use when you need higher resiliency and faster recovery - one of three secondary replicas becomes the new primary immediately on failure. | 5. Use when you need In-Memory OLTP, which neither General Purpose nor Next-gen General Purpose supports. | 6. Use when advanced data corruption protection through automatic page repair matters. | 7. Use when a failover group must guarantee an RPO of 5 seconds and an RTO of 30 seconds. | 8. Configure 64 or more vCores if you need compute isolation - it is only supported at that size and above. | 9. Plan capacity accordingly: one Business Critical vCore consumes four regional vCore units against your subscription quota, versus one for General Purpose. | 10. Choose when you want the newer Intel 8370C (Ice Lake) 2.8 GHz processors rather than the mixed Broadwell/Skylake/Cascade Lake pool of standard-series. | 11. Choose when the workload needs 7 GB of memory per vCore instead of 5.1 GB, up to 560 GB per instance. | 12. Choose when you need more than 80 vCores - premium-series scales to 128 in Business Critical and Next-gen General Purpose. | 13. Required if you want the flexible memory feature, which lets you raise memory without adding vCores. | 14. Choose when Business Critical needs up to 16 TB of storage, available in major regions (5.5 TB elsewhere). | 15. Regional coverage is broad: premium-series is available in all public regions.",https://learn.microsoft.com/azure/azure-sql/database/purchasing-models | https://learn.microsoft.com/azure/azure-sql/managed-instance/service-tiers-managed-instance-vcore | https://learn.microsoft.com/azure/azure-sql/managed-instance/resource-limits
BC_G8IM (96 vCores),Azure SQL Managed Instance,Managed instance,vCore,Business Critical,Provisioned,Premium-series,vCore,96,560.0,ratio,Generally available,2023-07,,2023-07,high,mi-128-vcore,96 and 128 vCore sizes for Business Critical on premium-series and memory optimized premium-series,https://learn.microsoft.com/azure/azure-sql/managed-instance/resource-limits,https://techcommunity.microsoft.com/blog/azuresqlblog/128-vcores-on-azure-sql-managed-instance-business-critical/3879510,,"1. Purchasing model: vCore is the model Microsoft recommends. Choose it when you value flexibility, control, and transparency, want to scale compute and storage independently, or want to apply Azure Hybrid Benefit or reserved capacity pricing. | 2. Use when the workload needs consistently low IO latency, about 1-2 ms, from locally attached SSD storage. | 3. Use when reports, analytics, or read-only queries can be redirected to the free read-scale replica included in the tier. | 4. Use when you need higher resiliency and faster recovery - one of three secondary replicas becomes the new primary immediately on failure. | 5. Use when you need In-Memory OLTP, which neither General Purpose nor Next-gen General Purpose supports. | 6. Use when advanced data corruption protection through automatic page repair matters. | 7. Use when a failover group must guarantee an RPO of 5 seconds and an RTO of 30 seconds. | 8. Configure 64 or more vCores if you need compute isolation - it is only supported at that size and above. | 9. Plan capacity accordingly: one Business Critical vCore consumes four regional vCore units against your subscription quota, versus one for General Purpose. | 10. Choose when you want the newer Intel 8370C (Ice Lake) 2.8 GHz processors rather than the mixed Broadwell/Skylake/Cascade Lake pool of standard-series. | 11. Choose when the workload needs 7 GB of memory per vCore instead of 5.1 GB, up to 560 GB per instance. | 12. Choose when you need more than 80 vCores - premium-series scales to 128 in Business Critical and Next-gen General Purpose. | 13. Required if you want the flexible memory feature, which lets you raise memory without adding vCores. | 14. Choose when Business Critical needs up to 16 TB of storage, available in major regions (5.5 TB elsewhere). | 15. Regional coverage is broad: premium-series is available in all public regions.",https://learn.microsoft.com/azure/azure-sql/database/purchasing-models | https://learn.microsoft.com/azure/azure-sql/managed-instance/service-tiers-managed-instance-vcore | https://learn.microsoft.com/azure/azure-sql/managed-instance/resource-limits
BC_G8IM (128 vCores),Azure SQL Managed Instance,Managed instance,vCore,Business Critical,Provisioned,Premium-series,vCore,128,560.0,ratio,Generally available,2023-07,,2023-07,high,mi-128-vcore,96 and 128 vCore sizes for Business Critical on premium-series and memory optimized premium-series,https://learn.microsoft.com/azure/azure-sql/managed-instance/resource-limits,https://techcommunity.microsoft.com/blog/azuresqlblog/128-vcores-on-azure-sql-managed-instance-business-critical/3879510,,"1. Purchasing model: vCore is the model Microsoft recommends. Choose it when you value flexibility, control, and transparency, want to scale compute and storage independently, or want to apply Azure Hybrid Benefit or reserved capacity pricing. | 2. Use when the workload needs consistently low IO latency, about 1-2 ms, from locally attached SSD storage. | 3. Use when reports, analytics, or read-only queries can be redirected to the free read-scale replica included in the tier. | 4. Use when you need higher resiliency and faster recovery - one of three secondary replicas becomes the new primary immediately on failure. | 5. Use when you need In-Memory OLTP, which neither General Purpose nor Next-gen General Purpose supports. | 6. Use when advanced data corruption protection through automatic page repair matters. | 7. Use when a failover group must guarantee an RPO of 5 seconds and an RTO of 30 seconds. | 8. Configure 64 or more vCores if you need compute isolation - it is only supported at that size and above. | 9. Plan capacity accordingly: one Business Critical vCore consumes four regional vCore units against your subscription quota, versus one for General Purpose. | 10. Choose when you want the newer Intel 8370C (Ice Lake) 2.8 GHz processors rather than the mixed Broadwell/Skylake/Cascade Lake pool of standard-series. | 11. Choose when the workload needs 7 GB of memory per vCore instead of 5.1 GB, up to 560 GB per instance. | 12. Choose when you need more than 80 vCores - premium-series scales to 128 in Business Critical and Next-gen General Purpose. | 13. Required if you want the flexible memory feature, which lets you raise memory without adding vCores. | 14. Choose when Business Critical needs up to 16 TB of storage, available in major regions (5.5 TB elsewhere). | 15. Regional coverage is broad: premium-series is available in all public regions.",https://learn.microsoft.com/azure/azure-sql/database/purchasing-models | https://learn.microsoft.com/azure/azure-sql/managed-instance/service-tiers-managed-instance-vcore | https://learn.microsoft.com/azure/azure-sql/managed-instance/resource-limits
GP_G8IH (4 vCores),Azure SQL Managed Instance,Managed instance,vCore,General Purpose,Provisioned,Premium-series memory optimized,vCore,4,54.4,ratio,Generally available,2022-09,2021-11,2022-09,medium,mi-premium-series-mo,Managed Instance memory optimized premium-series hardware (G8IH),https://learn.microsoft.com/azure/azure-sql/managed-instance/resource-limits,https://learn.microsoft.com/azure/azure-sql/managed-instance/doc-changes-updates-release-notes-whats-new-archive,The Learn what's-new archive places 'Memory optimized premium-series hardware GA' and '16 TB support in Business Critical GA' in 2022 without a month; contemporaneous coverage dates the announcement to 2022-09-28. The original blog post has been removed from Tech Community.,"1. Purchasing model: vCore is the model Microsoft recommends. Choose it when you value flexibility, control, and transparency, want to scale compute and storage independently, or want to apply Azure Hybrid Benefit or reserved capacity pricing. | 2. Default service tier for most generic managed instance workloads that need a fully managed engine with the standard SLA. | 3. Use when storage latency of 5-10 ms is acceptable for the workload. | 4. Use when you need SQL Server instance-scoped surface area and near-100% engine compatibility rather than a single database. | 5. Use when you can stop and start the instance during idle periods to save compute and licensing cost - a General Purpose-only capability. | 6. Stay within the limits: 80 vCores, 16 TB of instance storage, and 100 user databases per instance. | 7. Do not choose it if you need In-Memory OLTP or a read-only replica; those require Business Critical. | 8. Choose when the workload is memory-bound and needs 13.6 GB of memory per vCore, up to 870.4 GB per instance. | 9. Choose when In-Memory OLTP needs the largest available allocation - memory optimized premium-series gives roughly double the premium-series limit. | 10. Choose when Business Critical needs up to 16 TB of instance storage. | 11. Check regional availability first - memory optimized premium-series is restricted to a subset of regions, unlike standard-series and premium-series. | 12. Note the memory-to-vCore ratio holds only up to 64 vCores; above that, memory stays capped at 870.4 GB.",https://learn.microsoft.com/azure/azure-sql/database/purchasing-models | https://learn.microsoft.com/azure/azure-sql/managed-instance/service-tiers-managed-instance-vcore | https://learn.microsoft.com/azure/azure-sql/managed-instance/resource-limits
GP_G8IH (8 vCores),Azure SQL Managed Instance,Managed instance,vCore,General Purpose,Provisioned,Premium-series memory optimized,vCore,8,108.8,ratio,Generally available,2022-09,2021-11,2022-09,medium,mi-premium-series-mo,Managed Instance memory optimized premium-series hardware (G8IH),https://learn.microsoft.com/azure/azure-sql/managed-instance/resource-limits,https://learn.microsoft.com/azure/azure-sql/managed-instance/doc-changes-updates-release-notes-whats-new-archive,The Learn what's-new archive places 'Memory optimized premium-series hardware GA' and '16 TB support in Business Critical GA' in 2022 without a month; contemporaneous coverage dates the announcement to 2022-09-28. The original blog post has been removed from Tech Community.,"1. Purchasing model: vCore is the model Microsoft recommends. Choose it when you value flexibility, control, and transparency, want to scale compute and storage independently, or want to apply Azure Hybrid Benefit or reserved capacity pricing. | 2. Default service tier for most generic managed instance workloads that need a fully managed engine with the standard SLA. | 3. Use when storage latency of 5-10 ms is acceptable for the workload. | 4. Use when you need SQL Server instance-scoped surface area and near-100% engine compatibility rather than a single database. | 5. Use when you can stop and start the instance during idle periods to save compute and licensing cost - a General Purpose-only capability. | 6. Stay within the limits: 80 vCores, 16 TB of instance storage, and 100 user databases per instance. | 7. Do not choose it if you need In-Memory OLTP or a read-only replica; those require Business Critical. | 8. Choose when the workload is memory-bound and needs 13.6 GB of memory per vCore, up to 870.4 GB per instance. | 9. Choose when In-Memory OLTP needs the largest available allocation - memory optimized premium-series gives roughly double the premium-series limit. | 10. Choose when Business Critical needs up to 16 TB of instance storage. | 11. Check regional availability first - memory optimized premium-series is restricted to a subset of regions, unlike standard-series and premium-series. | 12. Note the memory-to-vCore ratio holds only up to 64 vCores; above that, memory stays capped at 870.4 GB.",https://learn.microsoft.com/azure/azure-sql/database/purchasing-models | https://learn.microsoft.com/azure/azure-sql/managed-instance/service-tiers-managed-instance-vcore | https://learn.microsoft.com/azure/azure-sql/managed-instance/resource-limits
GP_G8IH (16 vCores),Azure SQL Managed Instance,Managed instance,vCore,General Purpose,Provisioned,Premium-series memory optimized,vCore,16,217.6,ratio,Generally available,2022-09,2021-11,2022-09,medium,mi-premium-series-mo,Managed Instance memory optimized premium-series hardware (G8IH),https://learn.microsoft.com/azure/azure-sql/managed-instance/resource-limits,https://learn.microsoft.com/azure/azure-sql/managed-instance/doc-changes-updates-release-notes-whats-new-archive,The Learn what's-new archive places 'Memory optimized premium-series hardware GA' and '16 TB support in Business Critical GA' in 2022 without a month; contemporaneous coverage dates the announcement to 2022-09-28. The original blog post has been removed from Tech Community.,"1. Purchasing model: vCore is the model Microsoft recommends. Choose it when you value flexibility, control, and transparency, want to scale compute and storage independently, or want to apply Azure Hybrid Benefit or reserved capacity pricing. | 2. Default service tier for most generic managed instance workloads that need a fully managed engine with the standard SLA. | 3. Use when storage latency of 5-10 ms is acceptable for the workload. | 4. Use when you need SQL Server instance-scoped surface area and near-100% engine compatibility rather than a single database. | 5. Use when you can stop and start the instance during idle periods to save compute and licensing cost - a General Purpose-only capability. | 6. Stay within the limits: 80 vCores, 16 TB of instance storage, and 100 user databases per instance. | 7. Do not choose it if you need In-Memory OLTP or a read-only replica; those require Business Critical. | 8. Choose when the workload is memory-bound and needs 13.6 GB of memory per vCore, up to 870.4 GB per instance. | 9. Choose when In-Memory OLTP needs the largest available allocation - memory optimized premium-series gives roughly double the premium-series limit. | 10. Choose when Business Critical needs up to 16 TB of instance storage. | 11. Check regional availability first - memory optimized premium-series is restricted to a subset of regions, unlike standard-series and premium-series. | 12. Note the memory-to-vCore ratio holds only up to 64 vCores; above that, memory stays capped at 870.4 GB.",https://learn.microsoft.com/azure/azure-sql/database/purchasing-models | https://learn.microsoft.com/azure/azure-sql/managed-instance/service-tiers-managed-instance-vcore | https://learn.microsoft.com/azure/azure-sql/managed-instance/resource-limits
GP_G8IH (24 vCores),Azure SQL Managed Instance,Managed instance,vCore,General Purpose,Provisioned,Premium-series memory optimized,vCore,24,326.4,ratio,Generally available,2022-09,2021-11,2022-09,medium,mi-premium-series-mo,Managed Instance memory optimized premium-series hardware (G8IH),https://learn.microsoft.com/azure/azure-sql/managed-instance/resource-limits,https://learn.microsoft.com/azure/azure-sql/managed-instance/doc-changes-updates-release-notes-whats-new-archive,The Learn what's-new archive places 'Memory optimized premium-series hardware GA' and '16 TB support in Business Critical GA' in 2022 without a month; contemporaneous coverage dates the announcement to 2022-09-28. The original blog post has been removed from Tech Community.,"1. Purchasing model: vCore is the model Microsoft recommends. Choose it when you value flexibility, control, and transparency, want to scale compute and storage independently, or want to apply Azure Hybrid Benefit or reserved capacity pricing. | 2. Default service tier for most generic managed instance workloads that need a fully managed engine with the standard SLA. | 3. Use when storage latency of 5-10 ms is acceptable for the workload. | 4. Use when you need SQL Server instance-scoped surface area and near-100% engine compatibility rather than a single database. | 5. Use when you can stop and start the instance during idle periods to save compute and licensing cost - a General Purpose-only capability. | 6. Stay within the limits: 80 vCores, 16 TB of instance storage, and 100 user databases per instance. | 7. Do not choose it if you need In-Memory OLTP or a read-only replica; those require Business Critical. | 8. Choose when the workload is memory-bound and needs 13.6 GB of memory per vCore, up to 870.4 GB per instance. | 9. Choose when In-Memory OLTP needs the largest available allocation - memory optimized premium-series gives roughly double the premium-series limit. | 10. Choose when Business Critical needs up to 16 TB of instance storage. | 11. Check regional availability first - memory optimized premium-series is restricted to a subset of regions, unlike standard-series and premium-series. | 12. Note the memory-to-vCore ratio holds only up to 64 vCores; above that, memory stays capped at 870.4 GB.",https://learn.microsoft.com/azure/azure-sql/database/purchasing-models | https://learn.microsoft.com/azure/azure-sql/managed-instance/service-tiers-managed-instance-vcore | https://learn.microsoft.com/azure/azure-sql/managed-instance/resource-limits
GP_G8IH (32 vCores),Azure SQL Managed Instance,Managed instance,vCore,General Purpose,Provisioned,Premium-series memory optimized,vCore,32,435.2,ratio,Generally available,2022-09,2021-11,2022-09,medium,mi-premium-series-mo,Managed Instance memory optimized premium-series hardware (G8IH),https://learn.microsoft.com/azure/azure-sql/managed-instance/resource-limits,https://learn.microsoft.com/azure/azure-sql/managed-instance/doc-changes-updates-release-notes-whats-new-archive,The Learn what's-new archive places 'Memory optimized premium-series hardware GA' and '16 TB support in Business Critical GA' in 2022 without a month; contemporaneous coverage dates the announcement to 2022-09-28. The original blog post has been removed from Tech Community.,"1. Purchasing model: vCore is the model Microsoft recommends. Choose it when you value flexibility, control, and transparency, want to scale compute and storage independently, or want to apply Azure Hybrid Benefit or reserved capacity pricing. | 2. Default service tier for most generic managed instance workloads that need a fully managed engine with the standard SLA. | 3. Use when storage latency of 5-10 ms is acceptable for the workload. | 4. Use when you need SQL Server instance-scoped surface area and near-100% engine compatibility rather than a single database. | 5. Use when you can stop and start the instance during idle periods to save compute and licensing cost - a General Purpose-only capability. | 6. Stay within the limits: 80 vCores, 16 TB of instance storage, and 100 user databases per instance. | 7. Do not choose it if you need In-Memory OLTP or a read-only replica; those require Business Critical. | 8. Choose when the workload is memory-bound and needs 13.6 GB of memory per vCore, up to 870.4 GB per instance. | 9. Choose when In-Memory OLTP needs the largest available allocation - memory optimized premium-series gives roughly double the premium-series limit. | 10. Choose when Business Critical needs up to 16 TB of instance storage. | 11. Check regional availability first - memory optimized premium-series is restricted to a subset of regions, unlike standard-series and premium-series. | 12. Note the memory-to-vCore ratio holds only up to 64 vCores; above that, memory stays capped at 870.4 GB.",https://learn.microsoft.com/azure/azure-sql/database/purchasing-models | https://learn.microsoft.com/azure/azure-sql/managed-instance/service-tiers-managed-instance-vcore | https://learn.microsoft.com/azure/azure-sql/managed-instance/resource-limits
GP_G8IH (40 vCores),Azure SQL Managed Instance,Managed instance,vCore,General Purpose,Provisioned,Premium-series memory optimized,vCore,40,544.0,ratio,Generally available,2022-09,2021-11,2022-09,medium,mi-premium-series-mo,Managed Instance memory optimized premium-series hardware (G8IH),https://learn.microsoft.com/azure/azure-sql/managed-instance/resource-limits,https://learn.microsoft.com/azure/azure-sql/managed-instance/doc-changes-updates-release-notes-whats-new-archive,The Learn what's-new archive places 'Memory optimized premium-series hardware GA' and '16 TB support in Business Critical GA' in 2022 without a month; contemporaneous coverage dates the announcement to 2022-09-28. The original blog post has been removed from Tech Community.,"1. Purchasing model: vCore is the model Microsoft recommends. Choose it when you value flexibility, control, and transparency, want to scale compute and storage independently, or want to apply Azure Hybrid Benefit or reserved capacity pricing. | 2. Default service tier for most generic managed instance workloads that need a fully managed engine with the standard SLA. | 3. Use when storage latency of 5-10 ms is acceptable for the workload. | 4. Use when you need SQL Server instance-scoped surface area and near-100% engine compatibility rather than a single database. | 5. Use when you can stop and start the instance during idle periods to save compute and licensing cost - a General Purpose-only capability. | 6. Stay within the limits: 80 vCores, 16 TB of instance storage, and 100 user databases per instance. | 7. Do not choose it if you need In-Memory OLTP or a read-only replica; those require Business Critical. | 8. Choose when the workload is memory-bound and needs 13.6 GB of memory per vCore, up to 870.4 GB per instance. | 9. Choose when In-Memory OLTP needs the largest available allocation - memory optimized premium-series gives roughly double the premium-series limit. | 10. Choose when Business Critical needs up to 16 TB of instance storage. | 11. Check regional availability first - memory optimized premium-series is restricted to a subset of regions, unlike standard-series and premium-series. | 12. Note the memory-to-vCore ratio holds only up to 64 vCores; above that, memory stays capped at 870.4 GB.",https://learn.microsoft.com/azure/azure-sql/database/purchasing-models | https://learn.microsoft.com/azure/azure-sql/managed-instance/service-tiers-managed-instance-vcore | https://learn.microsoft.com/azure/azure-sql/managed-instance/resource-limits
GP_G8IH (64 vCores),Azure SQL Managed Instance,Managed instance,vCore,General Purpose,Provisioned,Premium-series memory optimized,vCore,64,870.4,ratio,Generally available,2022-09,2021-11,2022-09,medium,mi-premium-series-mo,Managed Instance memory optimized premium-series hardware (G8IH),https://learn.microsoft.com/azure/azure-sql/managed-instance/resource-limits,https://learn.microsoft.com/azure/azure-sql/managed-instance/doc-changes-updates-release-notes-whats-new-archive,The Learn what's-new archive places 'Memory optimized premium-series hardware GA' and '16 TB support in Business Critical GA' in 2022 without a month; contemporaneous coverage dates the announcement to 2022-09-28. The original blog post has been removed from Tech Community.,"1. Purchasing model: vCore is the model Microsoft recommends. Choose it when you value flexibility, control, and transparency, want to scale compute and storage independently, or want to apply Azure Hybrid Benefit or reserved capacity pricing. | 2. Default service tier for most generic managed instance workloads that need a fully managed engine with the standard SLA. | 3. Use when storage latency of 5-10 ms is acceptable for the workload. | 4. Use when you need SQL Server instance-scoped surface area and near-100% engine compatibility rather than a single database. | 5. Use when you can stop and start the instance during idle periods to save compute and licensing cost - a General Purpose-only capability. | 6. Stay within the limits: 80 vCores, 16 TB of instance storage, and 100 user databases per instance. | 7. Do not choose it if you need In-Memory OLTP or a read-only replica; those require Business Critical. | 8. Choose when the workload is memory-bound and needs 13.6 GB of memory per vCore, up to 870.4 GB per instance. | 9. Choose when In-Memory OLTP needs the largest available allocation - memory optimized premium-series gives roughly double the premium-series limit. | 10. Choose when Business Critical needs up to 16 TB of instance storage. | 11. Check regional availability first - memory optimized premium-series is restricted to a subset of regions, unlike standard-series and premium-series. | 12. Note the memory-to-vCore ratio holds only up to 64 vCores; above that, memory stays capped at 870.4 GB.",https://learn.microsoft.com/azure/azure-sql/database/purchasing-models | https://learn.microsoft.com/azure/azure-sql/managed-instance/service-tiers-managed-instance-vcore | https://learn.microsoft.com/azure/azure-sql/managed-instance/resource-limits
GP_G8IH (80 vCores),Azure SQL Managed Instance,Managed instance,vCore,General Purpose,Provisioned,Premium-series memory optimized,vCore,80,870.4,ratio,Generally available,2022-09,2021-11,2022-09,medium,mi-premium-series-mo,Managed Instance memory optimized premium-series hardware (G8IH),https://learn.microsoft.com/azure/azure-sql/managed-instance/resource-limits,https://learn.microsoft.com/azure/azure-sql/managed-instance/doc-changes-updates-release-notes-whats-new-archive,The Learn what's-new archive places 'Memory optimized premium-series hardware GA' and '16 TB support in Business Critical GA' in 2022 without a month; contemporaneous coverage dates the announcement to 2022-09-28. The original blog post has been removed from Tech Community.,"1. Purchasing model: vCore is the model Microsoft recommends. Choose it when you value flexibility, control, and transparency, want to scale compute and storage independently, or want to apply Azure Hybrid Benefit or reserved capacity pricing. | 2. Default service tier for most generic managed instance workloads that need a fully managed engine with the standard SLA. | 3. Use when storage latency of 5-10 ms is acceptable for the workload. | 4. Use when you need SQL Server instance-scoped surface area and near-100% engine compatibility rather than a single database. | 5. Use when you can stop and start the instance during idle periods to save compute and licensing cost - a General Purpose-only capability. | 6. Stay within the limits: 80 vCores, 16 TB of instance storage, and 100 user databases per instance. | 7. Do not choose it if you need In-Memory OLTP or a read-only replica; those require Business Critical. | 8. Choose when the workload is memory-bound and needs 13.6 GB of memory per vCore, up to 870.4 GB per instance. | 9. Choose when In-Memory OLTP needs the largest available allocation - memory optimized premium-series gives roughly double the premium-series limit. | 10. Choose when Business Critical needs up to 16 TB of instance storage. | 11. Check regional availability first - memory optimized premium-series is restricted to a subset of regions, unlike standard-series and premium-series. | 12. Note the memory-to-vCore ratio holds only up to 64 vCores; above that, memory stays capped at 870.4 GB.",https://learn.microsoft.com/azure/azure-sql/database/purchasing-models | https://learn.microsoft.com/azure/azure-sql/managed-instance/service-tiers-managed-instance-vcore | https://learn.microsoft.com/azure/azure-sql/managed-instance/resource-limits
GP_G8IH (4 vCores),Azure SQL Managed Instance,Managed instance,vCore,Next-gen General Purpose,Provisioned,Premium-series memory optimized,vCore,4,54.4,ratio,Generally available,2025-11,2024-03,2025-11,high,mi-nextgen-gp,Managed Instance Next-gen General Purpose service tier,https://learn.microsoft.com/azure/azure-sql/managed-instance/resource-limits,https://learn.microsoft.com/azure/azure-sql/managed-instance/doc-changes-updates-release-notes-whats-new-archive,"Billed as General Purpose. An architectural upgrade (Elastic SAN storage), not a separate ARM SKU name. The Learn what's-new archive dates the preview to March 2024 and GA to November 2025; the GA blog post went up on 2025-12-02.","1. Purchasing model: vCore is the model Microsoft recommends. Choose it when you value flexibility, control, and transparency, want to scale compute and storage independently, or want to apply Azure Hybrid Benefit or reserved capacity pricing. | 2. Choose when your business is budget-oriented but the performance metrics and limits of the classic General Purpose tier are insufficient - the baseline cost is the same. | 3. Choose when you need more than 100 databases on one instance; Next-gen supports up to 500. | 4. Choose when you need more than 16 TB of reserved storage; Next-gen supports up to 32 TB. | 5. Choose when you need better storage latency, IOPS, and throughput - it uses Elastic SAN instead of page blobs, giving 3-5 ms latency against 5-10 ms. | 6. Choose when you want to scale vCores, memory, storage, and IOPS independently, including flexible memory on premium-series hardware. | 7. Budget for the extras: IOPS above the free quota of 3 per GB of reserved storage, and memory above the default allocation, are billed separately. | 8. Note that In-Memory OLTP is still not supported, and there are still no read-only replicas. | 9. Choose when the workload is memory-bound and needs 13.6 GB of memory per vCore, up to 870.4 GB per instance. | 10. Choose when In-Memory OLTP needs the largest available allocation - memory optimized premium-series gives roughly double the premium-series limit. | 11. Choose when Business Critical needs up to 16 TB of instance storage. | 12. Check regional availability first - memory optimized premium-series is restricted to a subset of regions, unlike standard-series and premium-series. | 13. Note the memory-to-vCore ratio holds only up to 64 vCores; above that, memory stays capped at 870.4 GB.",https://learn.microsoft.com/azure/azure-sql/database/purchasing-models | https://learn.microsoft.com/azure/azure-sql/managed-instance/service-tiers-managed-instance-vcore | https://learn.microsoft.com/azure/azure-sql/managed-instance/service-tiers-next-gen-general-purpose-use | https://learn.microsoft.com/azure/azure-sql/managed-instance/resource-limits
GP_G8IH (6 vCores),Azure SQL Managed Instance,Managed instance,vCore,Next-gen General Purpose,Provisioned,Premium-series memory optimized,vCore,6,81.6,ratio,Generally available,2025-11,2024-03,2025-11,high,mi-nextgen-gp,Managed Instance Next-gen General Purpose service tier,https://learn.microsoft.com/azure/azure-sql/managed-instance/resource-limits,https://learn.microsoft.com/azure/azure-sql/managed-instance/doc-changes-updates-release-notes-whats-new-archive,"Billed as General Purpose. An architectural upgrade (Elastic SAN storage), not a separate ARM SKU name. The Learn what's-new archive dates the preview to March 2024 and GA to November 2025; the GA blog post went up on 2025-12-02.","1. Purchasing model: vCore is the model Microsoft recommends. Choose it when you value flexibility, control, and transparency, want to scale compute and storage independently, or want to apply Azure Hybrid Benefit or reserved capacity pricing. | 2. Choose when your business is budget-oriented but the performance metrics and limits of the classic General Purpose tier are insufficient - the baseline cost is the same. | 3. Choose when you need more than 100 databases on one instance; Next-gen supports up to 500. | 4. Choose when you need more than 16 TB of reserved storage; Next-gen supports up to 32 TB. | 5. Choose when you need better storage latency, IOPS, and throughput - it uses Elastic SAN instead of page blobs, giving 3-5 ms latency against 5-10 ms. | 6. Choose when you want to scale vCores, memory, storage, and IOPS independently, including flexible memory on premium-series hardware. | 7. Budget for the extras: IOPS above the free quota of 3 per GB of reserved storage, and memory above the default allocation, are billed separately. | 8. Note that In-Memory OLTP is still not supported, and there are still no read-only replicas. | 9. Choose when the workload is memory-bound and needs 13.6 GB of memory per vCore, up to 870.4 GB per instance. | 10. Choose when In-Memory OLTP needs the largest available allocation - memory optimized premium-series gives roughly double the premium-series limit. | 11. Choose when Business Critical needs up to 16 TB of instance storage. | 12. Check regional availability first - memory optimized premium-series is restricted to a subset of regions, unlike standard-series and premium-series. | 13. Note the memory-to-vCore ratio holds only up to 64 vCores; above that, memory stays capped at 870.4 GB.",https://learn.microsoft.com/azure/azure-sql/database/purchasing-models | https://learn.microsoft.com/azure/azure-sql/managed-instance/service-tiers-managed-instance-vcore | https://learn.microsoft.com/azure/azure-sql/managed-instance/service-tiers-next-gen-general-purpose-use | https://learn.microsoft.com/azure/azure-sql/managed-instance/resource-limits
GP_G8IH (8 vCores),Azure SQL Managed Instance,Managed instance,vCore,Next-gen General Purpose,Provisioned,Premium-series memory optimized,vCore,8,108.8,ratio,Generally available,2025-11,2024-03,2025-11,high,mi-nextgen-gp,Managed Instance Next-gen General Purpose service tier,https://learn.microsoft.com/azure/azure-sql/managed-instance/resource-limits,https://learn.microsoft.com/azure/azure-sql/managed-instance/doc-changes-updates-release-notes-whats-new-archive,"Billed as General Purpose. An architectural upgrade (Elastic SAN storage), not a separate ARM SKU name. The Learn what's-new archive dates the preview to March 2024 and GA to November 2025; the GA blog post went up on 2025-12-02.","1. Purchasing model: vCore is the model Microsoft recommends. Choose it when you value flexibility, control, and transparency, want to scale compute and storage independently, or want to apply Azure Hybrid Benefit or reserved capacity pricing. | 2. Choose when your business is budget-oriented but the performance metrics and limits of the classic General Purpose tier are insufficient - the baseline cost is the same. | 3. Choose when you need more than 100 databases on one instance; Next-gen supports up to 500. | 4. Choose when you need more than 16 TB of reserved storage; Next-gen supports up to 32 TB. | 5. Choose when you need better storage latency, IOPS, and throughput - it uses Elastic SAN instead of page blobs, giving 3-5 ms latency against 5-10 ms. | 6. Choose when you want to scale vCores, memory, storage, and IOPS independently, including flexible memory on premium-series hardware. | 7. Budget for the extras: IOPS above the free quota of 3 per GB of reserved storage, and memory above the default allocation, are billed separately. | 8. Note that In-Memory OLTP is still not supported, and there are still no read-only replicas. | 9. Choose when the workload is memory-bound and needs 13.6 GB of memory per vCore, up to 870.4 GB per instance. | 10. Choose when In-Memory OLTP needs the largest available allocation - memory optimized premium-series gives roughly double the premium-series limit. | 11. Choose when Business Critical needs up to 16 TB of instance storage. | 12. Check regional availability first - memory optimized premium-series is restricted to a subset of regions, unlike standard-series and premium-series. | 13. Note the memory-to-vCore ratio holds only up to 64 vCores; above that, memory stays capped at 870.4 GB.",https://learn.microsoft.com/azure/azure-sql/database/purchasing-models | https://learn.microsoft.com/azure/azure-sql/managed-instance/service-tiers-managed-instance-vcore | https://learn.microsoft.com/azure/azure-sql/managed-instance/service-tiers-next-gen-general-purpose-use | https://learn.microsoft.com/azure/azure-sql/managed-instance/resource-limits
GP_G8IH (10 vCores),Azure SQL Managed Instance,Managed instance,vCore,Next-gen General Purpose,Provisioned,Premium-series memory optimized,vCore,10,136.0,ratio,Generally available,2025-11,2024-03,2025-11,high,mi-nextgen-gp,Managed Instance Next-gen General Purpose service tier,https://learn.microsoft.com/azure/azure-sql/managed-instance/resource-limits,https://learn.microsoft.com/azure/azure-sql/managed-instance/doc-changes-updates-release-notes-whats-new-archive,"Billed as General Purpose. An architectural upgrade (Elastic SAN storage), not a separate ARM SKU name. The Learn what's-new archive dates the preview to March 2024 and GA to November 2025; the GA blog post went up on 2025-12-02.","1. Purchasing model: vCore is the model Microsoft recommends. Choose it when you value flexibility, control, and transparency, want to scale compute and storage independently, or want to apply Azure Hybrid Benefit or reserved capacity pricing. | 2. Choose when your business is budget-oriented but the performance metrics and limits of the classic General Purpose tier are insufficient - the baseline cost is the same. | 3. Choose when you need more than 100 databases on one instance; Next-gen supports up to 500. | 4. Choose when you need more than 16 TB of reserved storage; Next-gen supports up to 32 TB. | 5. Choose when you need better storage latency, IOPS, and throughput - it uses Elastic SAN instead of page blobs, giving 3-5 ms latency against 5-10 ms. | 6. Choose when you want to scale vCores, memory, storage, and IOPS independently, including flexible memory on premium-series hardware. | 7. Budget for the extras: IOPS above the free quota of 3 per GB of reserved storage, and memory above the default allocation, are billed separately. | 8. Note that In-Memory OLTP is still not supported, and there are still no read-only replicas. | 9. Choose when the workload is memory-bound and needs 13.6 GB of memory per vCore, up to 870.4 GB per instance. | 10. Choose when In-Memory OLTP needs the largest available allocation - memory optimized premium-series gives roughly double the premium-series limit. | 11. Choose when Business Critical needs up to 16 TB of instance storage. | 12. Check regional availability first - memory optimized premium-series is restricted to a subset of regions, unlike standard-series and premium-series. | 13. Note the memory-to-vCore ratio holds only up to 64 vCores; above that, memory stays capped at 870.4 GB.",https://learn.microsoft.com/azure/azure-sql/database/purchasing-models | https://learn.microsoft.com/azure/azure-sql/managed-instance/service-tiers-managed-instance-vcore | https://learn.microsoft.com/azure/azure-sql/managed-instance/service-tiers-next-gen-general-purpose-use | https://learn.microsoft.com/azure/azure-sql/managed-instance/resource-limits
GP_G8IH (12 vCores),Azure SQL Managed Instance,Managed instance,vCore,Next-gen General Purpose,Provisioned,Premium-series memory optimized,vCore,12,163.2,ratio,Generally available,2025-11,2024-03,2025-11,high,mi-nextgen-gp,Managed Instance Next-gen General Purpose service tier,https://learn.microsoft.com/azure/azure-sql/managed-instance/resource-limits,https://learn.microsoft.com/azure/azure-sql/managed-instance/doc-changes-updates-release-notes-whats-new-archive,"Billed as General Purpose. An architectural upgrade (Elastic SAN storage), not a separate ARM SKU name. The Learn what's-new archive dates the preview to March 2024 and GA to November 2025; the GA blog post went up on 2025-12-02.","1. Purchasing model: vCore is the model Microsoft recommends. Choose it when you value flexibility, control, and transparency, want to scale compute and storage independently, or want to apply Azure Hybrid Benefit or reserved capacity pricing. | 2. Choose when your business is budget-oriented but the performance metrics and limits of the classic General Purpose tier are insufficient - the baseline cost is the same. | 3. Choose when you need more than 100 databases on one instance; Next-gen supports up to 500. | 4. Choose when you need more than 16 TB of reserved storage; Next-gen supports up to 32 TB. | 5. Choose when you need better storage latency, IOPS, and throughput - it uses Elastic SAN instead of page blobs, giving 3-5 ms latency against 5-10 ms. | 6. Choose when you want to scale vCores, memory, storage, and IOPS independently, including flexible memory on premium-series hardware. | 7. Budget for the extras: IOPS above the free quota of 3 per GB of reserved storage, and memory above the default allocation, are billed separately. | 8. Note that In-Memory OLTP is still not supported, and there are still no read-only replicas. | 9. Choose when the workload is memory-bound and needs 13.6 GB of memory per vCore, up to 870.4 GB per instance. | 10. Choose when In-Memory OLTP needs the largest available allocation - memory optimized premium-series gives roughly double the premium-series limit. | 11. Choose when Business Critical needs up to 16 TB of instance storage. | 12. Check regional availability first - memory optimized premium-series is restricted to a subset of regions, unlike standard-series and premium-series. | 13. Note the memory-to-vCore ratio holds only up to 64 vCores; above that, memory stays capped at 870.4 GB.",https://learn.microsoft.com/azure/azure-sql/database/purchasing-models | https://learn.microsoft.com/azure/azure-sql/managed-instance/service-tiers-managed-instance-vcore | https://learn.microsoft.com/azure/azure-sql/managed-instance/service-tiers-next-gen-general-purpose-use | https://learn.microsoft.com/azure/azure-sql/managed-instance/resource-limits
GP_G8IH (16 vCores),Azure SQL Managed Instance,Managed instance,vCore,Next-gen General Purpose,Provisioned,Premium-series memory optimized,vCore,16,217.6,ratio,Generally available,2025-11,2024-03,2025-11,high,mi-nextgen-gp,Managed Instance Next-gen General Purpose service tier,https://learn.microsoft.com/azure/azure-sql/managed-instance/resource-limits,https://learn.microsoft.com/azure/azure-sql/managed-instance/doc-changes-updates-release-notes-whats-new-archive,"Billed as General Purpose. An architectural upgrade (Elastic SAN storage), not a separate ARM SKU name. The Learn what's-new archive dates the preview to March 2024 and GA to November 2025; the GA blog post went up on 2025-12-02.","1. Purchasing model: vCore is the model Microsoft recommends. Choose it when you value flexibility, control, and transparency, want to scale compute and storage independently, or want to apply Azure Hybrid Benefit or reserved capacity pricing. | 2. Choose when your business is budget-oriented but the performance metrics and limits of the classic General Purpose tier are insufficient - the baseline cost is the same. | 3. Choose when you need more than 100 databases on one instance; Next-gen supports up to 500. | 4. Choose when you need more than 16 TB of reserved storage; Next-gen supports up to 32 TB. | 5. Choose when you need better storage latency, IOPS, and throughput - it uses Elastic SAN instead of page blobs, giving 3-5 ms latency against 5-10 ms. | 6. Choose when you want to scale vCores, memory, storage, and IOPS independently, including flexible memory on premium-series hardware. | 7. Budget for the extras: IOPS above the free quota of 3 per GB of reserved storage, and memory above the default allocation, are billed separately. | 8. Note that In-Memory OLTP is still not supported, and there are still no read-only replicas. | 9. Choose when the workload is memory-bound and needs 13.6 GB of memory per vCore, up to 870.4 GB per instance. | 10. Choose when In-Memory OLTP needs the largest available allocation - memory optimized premium-series gives roughly double the premium-series limit. | 11. Choose when Business Critical needs up to 16 TB of instance storage. | 12. Check regional availability first - memory optimized premium-series is restricted to a subset of regions, unlike standard-series and premium-series. | 13. Note the memory-to-vCore ratio holds only up to 64 vCores; above that, memory stays capped at 870.4 GB.",https://learn.microsoft.com/azure/azure-sql/database/purchasing-models | https://learn.microsoft.com/azure/azure-sql/managed-instance/service-tiers-managed-instance-vcore | https://learn.microsoft.com/azure/azure-sql/managed-instance/service-tiers-next-gen-general-purpose-use | https://learn.microsoft.com/azure/azure-sql/managed-instance/resource-limits
GP_G8IH (20 vCores),Azure SQL Managed Instance,Managed instance,vCore,Next-gen General Purpose,Provisioned,Premium-series memory optimized,vCore,20,272.0,ratio,Generally available,2025-11,2024-03,2025-11,high,mi-nextgen-gp,Managed Instance Next-gen General Purpose service tier,https://learn.microsoft.com/azure/azure-sql/managed-instance/resource-limits,https://learn.microsoft.com/azure/azure-sql/managed-instance/doc-changes-updates-release-notes-whats-new-archive,"Billed as General Purpose. An architectural upgrade (Elastic SAN storage), not a separate ARM SKU name. The Learn what's-new archive dates the preview to March 2024 and GA to November 2025; the GA blog post went up on 2025-12-02.","1. Purchasing model: vCore is the model Microsoft recommends. Choose it when you value flexibility, control, and transparency, want to scale compute and storage independently, or want to apply Azure Hybrid Benefit or reserved capacity pricing. | 2. Choose when your business is budget-oriented but the performance metrics and limits of the classic General Purpose tier are insufficient - the baseline cost is the same. | 3. Choose when you need more than 100 databases on one instance; Next-gen supports up to 500. | 4. Choose when you need more than 16 TB of reserved storage; Next-gen supports up to 32 TB. | 5. Choose when you need better storage latency, IOPS, and throughput - it uses Elastic SAN instead of page blobs, giving 3-5 ms latency against 5-10 ms. | 6. Choose when you want to scale vCores, memory, storage, and IOPS independently, including flexible memory on premium-series hardware. | 7. Budget for the extras: IOPS above the free quota of 3 per GB of reserved storage, and memory above the default allocation, are billed separately. | 8. Note that In-Memory OLTP is still not supported, and there are still no read-only replicas. | 9. Choose when the workload is memory-bound and needs 13.6 GB of memory per vCore, up to 870.4 GB per instance. | 10. Choose when In-Memory OLTP needs the largest available allocation - memory optimized premium-series gives roughly double the premium-series limit. | 11. Choose when Business Critical needs up to 16 TB of instance storage. | 12. Check regional availability first - memory optimized premium-series is restricted to a subset of regions, unlike standard-series and premium-series. | 13. Note the memory-to-vCore ratio holds only up to 64 vCores; above that, memory stays capped at 870.4 GB.",https://learn.microsoft.com/azure/azure-sql/database/purchasing-models | https://learn.microsoft.com/azure/azure-sql/managed-instance/service-tiers-managed-instance-vcore | https://learn.microsoft.com/azure/azure-sql/managed-instance/service-tiers-next-gen-general-purpose-use | https://learn.microsoft.com/azure/azure-sql/managed-instance/resource-limits
GP_G8IH (24 vCores),Azure SQL Managed Instance,Managed instance,vCore,Next-gen General Purpose,Provisioned,Premium-series memory optimized,vCore,24,326.4,ratio,Generally available,2025-11,2024-03,2025-11,high,mi-nextgen-gp,Managed Instance Next-gen General Purpose service tier,https://learn.microsoft.com/azure/azure-sql/managed-instance/resource-limits,https://learn.microsoft.com/azure/azure-sql/managed-instance/doc-changes-updates-release-notes-whats-new-archive,"Billed as General Purpose. An architectural upgrade (Elastic SAN storage), not a separate ARM SKU name. The Learn what's-new archive dates the preview to March 2024 and GA to November 2025; the GA blog post went up on 2025-12-02.","1. Purchasing model: vCore is the model Microsoft recommends. Choose it when you value flexibility, control, and transparency, want to scale compute and storage independently, or want to apply Azure Hybrid Benefit or reserved capacity pricing. | 2. Choose when your business is budget-oriented but the performance metrics and limits of the classic General Purpose tier are insufficient - the baseline cost is the same. | 3. Choose when you need more than 100 databases on one instance; Next-gen supports up to 500. | 4. Choose when you need more than 16 TB of reserved storage; Next-gen supports up to 32 TB. | 5. Choose when you need better storage latency, IOPS, and throughput - it uses Elastic SAN instead of page blobs, giving 3-5 ms latency against 5-10 ms. | 6. Choose when you want to scale vCores, memory, storage, and IOPS independently, including flexible memory on premium-series hardware. | 7. Budget for the extras: IOPS above the free quota of 3 per GB of reserved storage, and memory above the default allocation, are billed separately. | 8. Note that In-Memory OLTP is still not supported, and there are still no read-only replicas. | 9. Choose when the workload is memory-bound and needs 13.6 GB of memory per vCore, up to 870.4 GB per instance. | 10. Choose when In-Memory OLTP needs the largest available allocation - memory optimized premium-series gives roughly double the premium-series limit. | 11. Choose when Business Critical needs up to 16 TB of instance storage. | 12. Check regional availability first - memory optimized premium-series is restricted to a subset of regions, unlike standard-series and premium-series. | 13. Note the memory-to-vCore ratio holds only up to 64 vCores; above that, memory stays capped at 870.4 GB.",https://learn.microsoft.com/azure/azure-sql/database/purchasing-models | https://learn.microsoft.com/azure/azure-sql/managed-instance/service-tiers-managed-instance-vcore | https://learn.microsoft.com/azure/azure-sql/managed-instance/service-tiers-next-gen-general-purpose-use | https://learn.microsoft.com/azure/azure-sql/managed-instance/resource-limits
GP_G8IH (32 vCores),Azure SQL Managed Instance,Managed instance,vCore,Next-gen General Purpose,Provisioned,Premium-series memory optimized,vCore,32,435.2,ratio,Generally available,2025-11,2024-03,2025-11,high,mi-nextgen-gp,Managed Instance Next-gen General Purpose service tier,https://learn.microsoft.com/azure/azure-sql/managed-instance/resource-limits,https://learn.microsoft.com/azure/azure-sql/managed-instance/doc-changes-updates-release-notes-whats-new-archive,"Billed as General Purpose. An architectural upgrade (Elastic SAN storage), not a separate ARM SKU name. The Learn what's-new archive dates the preview to March 2024 and GA to November 2025; the GA blog post went up on 2025-12-02.","1. Purchasing model: vCore is the model Microsoft recommends. Choose it when you value flexibility, control, and transparency, want to scale compute and storage independently, or want to apply Azure Hybrid Benefit or reserved capacity pricing. | 2. Choose when your business is budget-oriented but the performance metrics and limits of the classic General Purpose tier are insufficient - the baseline cost is the same. | 3. Choose when you need more than 100 databases on one instance; Next-gen supports up to 500. | 4. Choose when you need more than 16 TB of reserved storage; Next-gen supports up to 32 TB. | 5. Choose when you need better storage latency, IOPS, and throughput - it uses Elastic SAN instead of page blobs, giving 3-5 ms latency against 5-10 ms. | 6. Choose when you want to scale vCores, memory, storage, and IOPS independently, including flexible memory on premium-series hardware. | 7. Budget for the extras: IOPS above the free quota of 3 per GB of reserved storage, and memory above the default allocation, are billed separately. | 8. Note that In-Memory OLTP is still not supported, and there are still no read-only replicas. | 9. Choose when the workload is memory-bound and needs 13.6 GB of memory per vCore, up to 870.4 GB per instance. | 10. Choose when In-Memory OLTP needs the largest available allocation - memory optimized premium-series gives roughly double the premium-series limit. | 11. Choose when Business Critical needs up to 16 TB of instance storage. | 12. Check regional availability first - memory optimized premium-series is restricted to a subset of regions, unlike standard-series and premium-series. | 13. Note the memory-to-vCore ratio holds only up to 64 vCores; above that, memory stays capped at 870.4 GB.",https://learn.microsoft.com/azure/azure-sql/database/purchasing-models | https://learn.microsoft.com/azure/azure-sql/managed-instance/service-tiers-managed-instance-vcore | https://learn.microsoft.com/azure/azure-sql/managed-instance/service-tiers-next-gen-general-purpose-use | https://learn.microsoft.com/azure/azure-sql/managed-instance/resource-limits
GP_G8IH (40 vCores),Azure SQL Managed Instance,Managed instance,vCore,Next-gen General Purpose,Provisioned,Premium-series memory optimized,vCore,40,544.0,ratio,Generally available,2025-11,2024-03,2025-11,high,mi-nextgen-gp,Managed Instance Next-gen General Purpose service tier,https://learn.microsoft.com/azure/azure-sql/managed-instance/resource-limits,https://learn.microsoft.com/azure/azure-sql/managed-instance/doc-changes-updates-release-notes-whats-new-archive,"Billed as General Purpose. An architectural upgrade (Elastic SAN storage), not a separate ARM SKU name. The Learn what's-new archive dates the preview to March 2024 and GA to November 2025; the GA blog post went up on 2025-12-02.","1. Purchasing model: vCore is the model Microsoft recommends. Choose it when you value flexibility, control, and transparency, want to scale compute and storage independently, or want to apply Azure Hybrid Benefit or reserved capacity pricing. | 2. Choose when your business is budget-oriented but the performance metrics and limits of the classic General Purpose tier are insufficient - the baseline cost is the same. | 3. Choose when you need more than 100 databases on one instance; Next-gen supports up to 500. | 4. Choose when you need more than 16 TB of reserved storage; Next-gen supports up to 32 TB. | 5. Choose when you need better storage latency, IOPS, and throughput - it uses Elastic SAN instead of page blobs, giving 3-5 ms latency against 5-10 ms. | 6. Choose when you want to scale vCores, memory, storage, and IOPS independently, including flexible memory on premium-series hardware. | 7. Budget for the extras: IOPS above the free quota of 3 per GB of reserved storage, and memory above the default allocation, are billed separately. | 8. Note that In-Memory OLTP is still not supported, and there are still no read-only replicas. | 9. Choose when the workload is memory-bound and needs 13.6 GB of memory per vCore, up to 870.4 GB per instance. | 10. Choose when In-Memory OLTP needs the largest available allocation - memory optimized premium-series gives roughly double the premium-series limit. | 11. Choose when Business Critical needs up to 16 TB of instance storage. | 12. Check regional availability first - memory optimized premium-series is restricted to a subset of regions, unlike standard-series and premium-series. | 13. Note the memory-to-vCore ratio holds only up to 64 vCores; above that, memory stays capped at 870.4 GB.",https://learn.microsoft.com/azure/azure-sql/database/purchasing-models | https://learn.microsoft.com/azure/azure-sql/managed-instance/service-tiers-managed-instance-vcore | https://learn.microsoft.com/azure/azure-sql/managed-instance/service-tiers-next-gen-general-purpose-use | https://learn.microsoft.com/azure/azure-sql/managed-instance/resource-limits
GP_G8IH (48 vCores),Azure SQL Managed Instance,Managed instance,vCore,Next-gen General Purpose,Provisioned,Premium-series memory optimized,vCore,48,652.8,ratio,Generally available,2025-11,2024-03,2025-11,high,mi-nextgen-gp,Managed Instance Next-gen General Purpose service tier,https://learn.microsoft.com/azure/azure-sql/managed-instance/resource-limits,https://learn.microsoft.com/azure/azure-sql/managed-instance/doc-changes-updates-release-notes-whats-new-archive,"Billed as General Purpose. An architectural upgrade (Elastic SAN storage), not a separate ARM SKU name. The Learn what's-new archive dates the preview to March 2024 and GA to November 2025; the GA blog post went up on 2025-12-02.","1. Purchasing model: vCore is the model Microsoft recommends. Choose it when you value flexibility, control, and transparency, want to scale compute and storage independently, or want to apply Azure Hybrid Benefit or reserved capacity pricing. | 2. Choose when your business is budget-oriented but the performance metrics and limits of the classic General Purpose tier are insufficient - the baseline cost is the same. | 3. Choose when you need more than 100 databases on one instance; Next-gen supports up to 500. | 4. Choose when you need more than 16 TB of reserved storage; Next-gen supports up to 32 TB. | 5. Choose when you need better storage latency, IOPS, and throughput - it uses Elastic SAN instead of page blobs, giving 3-5 ms latency against 5-10 ms. | 6. Choose when you want to scale vCores, memory, storage, and IOPS independently, including flexible memory on premium-series hardware. | 7. Budget for the extras: IOPS above the free quota of 3 per GB of reserved storage, and memory above the default allocation, are billed separately. | 8. Note that In-Memory OLTP is still not supported, and there are still no read-only replicas. | 9. Choose when the workload is memory-bound and needs 13.6 GB of memory per vCore, up to 870.4 GB per instance. | 10. Choose when In-Memory OLTP needs the largest available allocation - memory optimized premium-series gives roughly double the premium-series limit. | 11. Choose when Business Critical needs up to 16 TB of instance storage. | 12. Check regional availability first - memory optimized premium-series is restricted to a subset of regions, unlike standard-series and premium-series. | 13. Note the memory-to-vCore ratio holds only up to 64 vCores; above that, memory stays capped at 870.4 GB.",https://learn.microsoft.com/azure/azure-sql/database/purchasing-models | https://learn.microsoft.com/azure/azure-sql/managed-instance/service-tiers-managed-instance-vcore | https://learn.microsoft.com/azure/azure-sql/managed-instance/service-tiers-next-gen-general-purpose-use | https://learn.microsoft.com/azure/azure-sql/managed-instance/resource-limits
GP_G8IH (56 vCores),Azure SQL Managed Instance,Managed instance,vCore,Next-gen General Purpose,Provisioned,Premium-series memory optimized,vCore,56,761.6,ratio,Generally available,2025-11,2024-03,2025-11,high,mi-nextgen-gp,Managed Instance Next-gen General Purpose service tier,https://learn.microsoft.com/azure/azure-sql/managed-instance/resource-limits,https://learn.microsoft.com/azure/azure-sql/managed-instance/doc-changes-updates-release-notes-whats-new-archive,"Billed as General Purpose. An architectural upgrade (Elastic SAN storage), not a separate ARM SKU name. The Learn what's-new archive dates the preview to March 2024 and GA to November 2025; the GA blog post went up on 2025-12-02.","1. Purchasing model: vCore is the model Microsoft recommends. Choose it when you value flexibility, control, and transparency, want to scale compute and storage independently, or want to apply Azure Hybrid Benefit or reserved capacity pricing. | 2. Choose when your business is budget-oriented but the performance metrics and limits of the classic General Purpose tier are insufficient - the baseline cost is the same. | 3. Choose when you need more than 100 databases on one instance; Next-gen supports up to 500. | 4. Choose when you need more than 16 TB of reserved storage; Next-gen supports up to 32 TB. | 5. Choose when you need better storage latency, IOPS, and throughput - it uses Elastic SAN instead of page blobs, giving 3-5 ms latency against 5-10 ms. | 6. Choose when you want to scale vCores, memory, storage, and IOPS independently, including flexible memory on premium-series hardware. | 7. Budget for the extras: IOPS above the free quota of 3 per GB of reserved storage, and memory above the default allocation, are billed separately. | 8. Note that In-Memory OLTP is still not supported, and there are still no read-only replicas. | 9. Choose when the workload is memory-bound and needs 13.6 GB of memory per vCore, up to 870.4 GB per instance. | 10. Choose when In-Memory OLTP needs the largest available allocation - memory optimized premium-series gives roughly double the premium-series limit. | 11. Choose when Business Critical needs up to 16 TB of instance storage. | 12. Check regional availability first - memory optimized premium-series is restricted to a subset of regions, unlike standard-series and premium-series. | 13. Note the memory-to-vCore ratio holds only up to 64 vCores; above that, memory stays capped at 870.4 GB.",https://learn.microsoft.com/azure/azure-sql/database/purchasing-models | https://learn.microsoft.com/azure/azure-sql/managed-instance/service-tiers-managed-instance-vcore | https://learn.microsoft.com/azure/azure-sql/managed-instance/service-tiers-next-gen-general-purpose-use | https://learn.microsoft.com/azure/azure-sql/managed-instance/resource-limits
GP_G8IH (64 vCores),Azure SQL Managed Instance,Managed instance,vCore,Next-gen General Purpose,Provisioned,Premium-series memory optimized,vCore,64,870.4,ratio,Generally available,2025-11,2024-03,2025-11,high,mi-nextgen-gp,Managed Instance Next-gen General Purpose service tier,https://learn.microsoft.com/azure/azure-sql/managed-instance/resource-limits,https://learn.microsoft.com/azure/azure-sql/managed-instance/doc-changes-updates-release-notes-whats-new-archive,"Billed as General Purpose. An architectural upgrade (Elastic SAN storage), not a separate ARM SKU name. The Learn what's-new archive dates the preview to March 2024 and GA to November 2025; the GA blog post went up on 2025-12-02.","1. Purchasing model: vCore is the model Microsoft recommends. Choose it when you value flexibility, control, and transparency, want to scale compute and storage independently, or want to apply Azure Hybrid Benefit or reserved capacity pricing. | 2. Choose when your business is budget-oriented but the performance metrics and limits of the classic General Purpose tier are insufficient - the baseline cost is the same. | 3. Choose when you need more than 100 databases on one instance; Next-gen supports up to 500. | 4. Choose when you need more than 16 TB of reserved storage; Next-gen supports up to 32 TB. | 5. Choose when you need better storage latency, IOPS, and throughput - it uses Elastic SAN instead of page blobs, giving 3-5 ms latency against 5-10 ms. | 6. Choose when you want to scale vCores, memory, storage, and IOPS independently, including flexible memory on premium-series hardware. | 7. Budget for the extras: IOPS above the free quota of 3 per GB of reserved storage, and memory above the default allocation, are billed separately. | 8. Note that In-Memory OLTP is still not supported, and there are still no read-only replicas. | 9. Choose when the workload is memory-bound and needs 13.6 GB of memory per vCore, up to 870.4 GB per instance. | 10. Choose when In-Memory OLTP needs the largest available allocation - memory optimized premium-series gives roughly double the premium-series limit. | 11. Choose when Business Critical needs up to 16 TB of instance storage. | 12. Check regional availability first - memory optimized premium-series is restricted to a subset of regions, unlike standard-series and premium-series. | 13. Note the memory-to-vCore ratio holds only up to 64 vCores; above that, memory stays capped at 870.4 GB.",https://learn.microsoft.com/azure/azure-sql/database/purchasing-models | https://learn.microsoft.com/azure/azure-sql/managed-instance/service-tiers-managed-instance-vcore | https://learn.microsoft.com/azure/azure-sql/managed-instance/service-tiers-next-gen-general-purpose-use | https://learn.microsoft.com/azure/azure-sql/managed-instance/resource-limits
GP_G8IH (80 vCores),Azure SQL Managed Instance,Managed instance,vCore,Next-gen General Purpose,Provisioned,Premium-series memory optimized,vCore,80,870.4,ratio,Generally available,2025-11,2024-03,2025-11,high,mi-nextgen-gp,Managed Instance Next-gen General Purpose service tier,https://learn.microsoft.com/azure/azure-sql/managed-instance/resource-limits,https://learn.microsoft.com/azure/azure-sql/managed-instance/doc-changes-updates-release-notes-whats-new-archive,"Billed as General Purpose. An architectural upgrade (Elastic SAN storage), not a separate ARM SKU name. The Learn what's-new archive dates the preview to March 2024 and GA to November 2025; the GA blog post went up on 2025-12-02.","1. Purchasing model: vCore is the model Microsoft recommends. Choose it when you value flexibility, control, and transparency, want to scale compute and storage independently, or want to apply Azure Hybrid Benefit or reserved capacity pricing. | 2. Choose when your business is budget-oriented but the performance metrics and limits of the classic General Purpose tier are insufficient - the baseline cost is the same. | 3. Choose when you need more than 100 databases on one instance; Next-gen supports up to 500. | 4. Choose when you need more than 16 TB of reserved storage; Next-gen supports up to 32 TB. | 5. Choose when you need better storage latency, IOPS, and throughput - it uses Elastic SAN instead of page blobs, giving 3-5 ms latency against 5-10 ms. | 6. Choose when you want to scale vCores, memory, storage, and IOPS independently, including flexible memory on premium-series hardware. | 7. Budget for the extras: IOPS above the free quota of 3 per GB of reserved storage, and memory above the default allocation, are billed separately. | 8. Note that In-Memory OLTP is still not supported, and there are still no read-only replicas. | 9. Choose when the workload is memory-bound and needs 13.6 GB of memory per vCore, up to 870.4 GB per instance. | 10. Choose when In-Memory OLTP needs the largest available allocation - memory optimized premium-series gives roughly double the premium-series limit. | 11. Choose when Business Critical needs up to 16 TB of instance storage. | 12. Check regional availability first - memory optimized premium-series is restricted to a subset of regions, unlike standard-series and premium-series. | 13. Note the memory-to-vCore ratio holds only up to 64 vCores; above that, memory stays capped at 870.4 GB.",https://learn.microsoft.com/azure/azure-sql/database/purchasing-models | https://learn.microsoft.com/azure/azure-sql/managed-instance/service-tiers-managed-instance-vcore | https://learn.microsoft.com/azure/azure-sql/managed-instance/service-tiers-next-gen-general-purpose-use | https://learn.microsoft.com/azure/azure-sql/managed-instance/resource-limits
GP_G8IH (96 vCores),Azure SQL Managed Instance,Managed instance,vCore,Next-gen General Purpose,Provisioned,Premium-series memory optimized,vCore,96,870.4,ratio,Generally available,2025-11,2024-03,2025-11,high,mi-nextgen-gp,Managed Instance Next-gen General Purpose service tier,https://learn.microsoft.com/azure/azure-sql/managed-instance/resource-limits,https://learn.microsoft.com/azure/azure-sql/managed-instance/doc-changes-updates-release-notes-whats-new-archive,"Billed as General Purpose. An architectural upgrade (Elastic SAN storage), not a separate ARM SKU name. The Learn what's-new archive dates the preview to March 2024 and GA to November 2025; the GA blog post went up on 2025-12-02.","1. Purchasing model: vCore is the model Microsoft recommends. Choose it when you value flexibility, control, and transparency, want to scale compute and storage independently, or want to apply Azure Hybrid Benefit or reserved capacity pricing. | 2. Choose when your business is budget-oriented but the performance metrics and limits of the classic General Purpose tier are insufficient - the baseline cost is the same. | 3. Choose when you need more than 100 databases on one instance; Next-gen supports up to 500. | 4. Choose when you need more than 16 TB of reserved storage; Next-gen supports up to 32 TB. | 5. Choose when you need better storage latency, IOPS, and throughput - it uses Elastic SAN instead of page blobs, giving 3-5 ms latency against 5-10 ms. | 6. Choose when you want to scale vCores, memory, storage, and IOPS independently, including flexible memory on premium-series hardware. | 7. Budget for the extras: IOPS above the free quota of 3 per GB of reserved storage, and memory above the default allocation, are billed separately. | 8. Note that In-Memory OLTP is still not supported, and there are still no read-only replicas. | 9. Choose when the workload is memory-bound and needs 13.6 GB of memory per vCore, up to 870.4 GB per instance. | 10. Choose when In-Memory OLTP needs the largest available allocation - memory optimized premium-series gives roughly double the premium-series limit. | 11. Choose when Business Critical needs up to 16 TB of instance storage. | 12. Check regional availability first - memory optimized premium-series is restricted to a subset of regions, unlike standard-series and premium-series. | 13. Note the memory-to-vCore ratio holds only up to 64 vCores; above that, memory stays capped at 870.4 GB.",https://learn.microsoft.com/azure/azure-sql/database/purchasing-models | https://learn.microsoft.com/azure/azure-sql/managed-instance/service-tiers-managed-instance-vcore | https://learn.microsoft.com/azure/azure-sql/managed-instance/service-tiers-next-gen-general-purpose-use | https://learn.microsoft.com/azure/azure-sql/managed-instance/resource-limits
GP_G8IH (128 vCores),Azure SQL Managed Instance,Managed instance,vCore,Next-gen General Purpose,Provisioned,Premium-series memory optimized,vCore,128,870.4,ratio,Generally available,2025-11,2024-03,2025-11,high,mi-nextgen-gp,Managed Instance Next-gen General Purpose service tier,https://learn.microsoft.com/azure/azure-sql/managed-instance/resource-limits,https://learn.microsoft.com/azure/azure-sql/managed-instance/doc-changes-updates-release-notes-whats-new-archive,"Billed as General Purpose. An architectural upgrade (Elastic SAN storage), not a separate ARM SKU name. The Learn what's-new archive dates the preview to March 2024 and GA to November 2025; the GA blog post went up on 2025-12-02.","1. Purchasing model: vCore is the model Microsoft recommends. Choose it when you value flexibility, control, and transparency, want to scale compute and storage independently, or want to apply Azure Hybrid Benefit or reserved capacity pricing. | 2. Choose when your business is budget-oriented but the performance metrics and limits of the classic General Purpose tier are insufficient - the baseline cost is the same. | 3. Choose when you need more than 100 databases on one instance; Next-gen supports up to 500. | 4. Choose when you need more than 16 TB of reserved storage; Next-gen supports up to 32 TB. | 5. Choose when you need better storage latency, IOPS, and throughput - it uses Elastic SAN instead of page blobs, giving 3-5 ms latency against 5-10 ms. | 6. Choose when you want to scale vCores, memory, storage, and IOPS independently, including flexible memory on premium-series hardware. | 7. Budget for the extras: IOPS above the free quota of 3 per GB of reserved storage, and memory above the default allocation, are billed separately. | 8. Note that In-Memory OLTP is still not supported, and there are still no read-only replicas. | 9. Choose when the workload is memory-bound and needs 13.6 GB of memory per vCore, up to 870.4 GB per instance. | 10. Choose when In-Memory OLTP needs the largest available allocation - memory optimized premium-series gives roughly double the premium-series limit. | 11. Choose when Business Critical needs up to 16 TB of instance storage. | 12. Check regional availability first - memory optimized premium-series is restricted to a subset of regions, unlike standard-series and premium-series. | 13. Note the memory-to-vCore ratio holds only up to 64 vCores; above that, memory stays capped at 870.4 GB.",https://learn.microsoft.com/azure/azure-sql/database/purchasing-models | https://learn.microsoft.com/azure/azure-sql/managed-instance/service-tiers-managed-instance-vcore | https://learn.microsoft.com/azure/azure-sql/managed-instance/service-tiers-next-gen-general-purpose-use | https://learn.microsoft.com/azure/azure-sql/managed-instance/resource-limits
BC_G8IH (4 vCores),Azure SQL Managed Instance,Managed instance,vCore,Business Critical,Provisioned,Premium-series memory optimized,vCore,4,54.4,ratio,Generally available,2022-09,2021-11,2022-09,medium,mi-premium-series-mo,Managed Instance memory optimized premium-series hardware (G8IH),https://learn.microsoft.com/azure/azure-sql/managed-instance/resource-limits,https://learn.microsoft.com/azure/azure-sql/managed-instance/doc-changes-updates-release-notes-whats-new-archive,The Learn what's-new archive places 'Memory optimized premium-series hardware GA' and '16 TB support in Business Critical GA' in 2022 without a month; contemporaneous coverage dates the announcement to 2022-09-28. The original blog post has been removed from Tech Community.,"1. Purchasing model: vCore is the model Microsoft recommends. Choose it when you value flexibility, control, and transparency, want to scale compute and storage independently, or want to apply Azure Hybrid Benefit or reserved capacity pricing. | 2. Use when the workload needs consistently low IO latency, about 1-2 ms, from locally attached SSD storage. | 3. Use when reports, analytics, or read-only queries can be redirected to the free read-scale replica included in the tier. | 4. Use when you need higher resiliency and faster recovery - one of three secondary replicas becomes the new primary immediately on failure. | 5. Use when you need In-Memory OLTP, which neither General Purpose nor Next-gen General Purpose supports. | 6. Use when advanced data corruption protection through automatic page repair matters. | 7. Use when a failover group must guarantee an RPO of 5 seconds and an RTO of 30 seconds. | 8. Configure 64 or more vCores if you need compute isolation - it is only supported at that size and above. | 9. Plan capacity accordingly: one Business Critical vCore consumes four regional vCore units against your subscription quota, versus one for General Purpose. | 10. Choose when the workload is memory-bound and needs 13.6 GB of memory per vCore, up to 870.4 GB per instance. | 11. Choose when In-Memory OLTP needs the largest available allocation - memory optimized premium-series gives roughly double the premium-series limit. | 12. Choose when Business Critical needs up to 16 TB of instance storage. | 13. Check regional availability first - memory optimized premium-series is restricted to a subset of regions, unlike standard-series and premium-series. | 14. Note the memory-to-vCore ratio holds only up to 64 vCores; above that, memory stays capped at 870.4 GB.",https://learn.microsoft.com/azure/azure-sql/database/purchasing-models | https://learn.microsoft.com/azure/azure-sql/managed-instance/service-tiers-managed-instance-vcore | https://learn.microsoft.com/azure/azure-sql/managed-instance/resource-limits
BC_G8IH (6 vCores),Azure SQL Managed Instance,Managed instance,vCore,Business Critical,Provisioned,Premium-series memory optimized,vCore,6,81.6,ratio,Generally available,2024-01-30,,2024-01-30,high,mi-mid-vcores,"Additional Business Critical vCore sizes (6, 10, 12, 20, 48, 56) on premium-series and memory optimized premium-series",https://learn.microsoft.com/azure/azure-sql/managed-instance/resource-limits,https://techcommunity.microsoft.com/blog/azuresqlblog/more-vcore-options-for-sql-mi-business-critical-for-better-priceperformance-and-/4043195,,"1. Purchasing model: vCore is the model Microsoft recommends. Choose it when you value flexibility, control, and transparency, want to scale compute and storage independently, or want to apply Azure Hybrid Benefit or reserved capacity pricing. | 2. Use when the workload needs consistently low IO latency, about 1-2 ms, from locally attached SSD storage. | 3. Use when reports, analytics, or read-only queries can be redirected to the free read-scale replica included in the tier. | 4. Use when you need higher resiliency and faster recovery - one of three secondary replicas becomes the new primary immediately on failure. | 5. Use when you need In-Memory OLTP, which neither General Purpose nor Next-gen General Purpose supports. | 6. Use when advanced data corruption protection through automatic page repair matters. | 7. Use when a failover group must guarantee an RPO of 5 seconds and an RTO of 30 seconds. | 8. Configure 64 or more vCores if you need compute isolation - it is only supported at that size and above. | 9. Plan capacity accordingly: one Business Critical vCore consumes four regional vCore units against your subscription quota, versus one for General Purpose. | 10. Choose when the workload is memory-bound and needs 13.6 GB of memory per vCore, up to 870.4 GB per instance. | 11. Choose when In-Memory OLTP needs the largest available allocation - memory optimized premium-series gives roughly double the premium-series limit. | 12. Choose when Business Critical needs up to 16 TB of instance storage. | 13. Check regional availability first - memory optimized premium-series is restricted to a subset of regions, unlike standard-series and premium-series. | 14. Note the memory-to-vCore ratio holds only up to 64 vCores; above that, memory stays capped at 870.4 GB.",https://learn.microsoft.com/azure/azure-sql/database/purchasing-models | https://learn.microsoft.com/azure/azure-sql/managed-instance/service-tiers-managed-instance-vcore | https://learn.microsoft.com/azure/azure-sql/managed-instance/resource-limits
BC_G8IH (8 vCores),Azure SQL Managed Instance,Managed instance,vCore,Business Critical,Provisioned,Premium-series memory optimized,vCore,8,108.8,ratio,Generally available,2022-09,2021-11,2022-09,medium,mi-premium-series-mo,Managed Instance memory optimized premium-series hardware (G8IH),https://learn.microsoft.com/azure/azure-sql/managed-instance/resource-limits,https://learn.microsoft.com/azure/azure-sql/managed-instance/doc-changes-updates-release-notes-whats-new-archive,The Learn what's-new archive places 'Memory optimized premium-series hardware GA' and '16 TB support in Business Critical GA' in 2022 without a month; contemporaneous coverage dates the announcement to 2022-09-28. The original blog post has been removed from Tech Community.,"1. Purchasing model: vCore is the model Microsoft recommends. Choose it when you value flexibility, control, and transparency, want to scale compute and storage independently, or want to apply Azure Hybrid Benefit or reserved capacity pricing. | 2. Use when the workload needs consistently low IO latency, about 1-2 ms, from locally attached SSD storage. | 3. Use when reports, analytics, or read-only queries can be redirected to the free read-scale replica included in the tier. | 4. Use when you need higher resiliency and faster recovery - one of three secondary replicas becomes the new primary immediately on failure. | 5. Use when you need In-Memory OLTP, which neither General Purpose nor Next-gen General Purpose supports. | 6. Use when advanced data corruption protection through automatic page repair matters. | 7. Use when a failover group must guarantee an RPO of 5 seconds and an RTO of 30 seconds. | 8. Configure 64 or more vCores if you need compute isolation - it is only supported at that size and above. | 9. Plan capacity accordingly: one Business Critical vCore consumes four regional vCore units against your subscription quota, versus one for General Purpose. | 10. Choose when the workload is memory-bound and needs 13.6 GB of memory per vCore, up to 870.4 GB per instance. | 11. Choose when In-Memory OLTP needs the largest available allocation - memory optimized premium-series gives roughly double the premium-series limit. | 12. Choose when Business Critical needs up to 16 TB of instance storage. | 13. Check regional availability first - memory optimized premium-series is restricted to a subset of regions, unlike standard-series and premium-series. | 14. Note the memory-to-vCore ratio holds only up to 64 vCores; above that, memory stays capped at 870.4 GB.",https://learn.microsoft.com/azure/azure-sql/database/purchasing-models | https://learn.microsoft.com/azure/azure-sql/managed-instance/service-tiers-managed-instance-vcore | https://learn.microsoft.com/azure/azure-sql/managed-instance/resource-limits
BC_G8IH (10 vCores),Azure SQL Managed Instance,Managed instance,vCore,Business Critical,Provisioned,Premium-series memory optimized,vCore,10,136.0,ratio,Generally available,2024-01-30,,2024-01-30,high,mi-mid-vcores,"Additional Business Critical vCore sizes (6, 10, 12, 20, 48, 56) on premium-series and memory optimized premium-series",https://learn.microsoft.com/azure/azure-sql/managed-instance/resource-limits,https://techcommunity.microsoft.com/blog/azuresqlblog/more-vcore-options-for-sql-mi-business-critical-for-better-priceperformance-and-/4043195,,"1. Purchasing model: vCore is the model Microsoft recommends. Choose it when you value flexibility, control, and transparency, want to scale compute and storage independently, or want to apply Azure Hybrid Benefit or reserved capacity pricing. | 2. Use when the workload needs consistently low IO latency, about 1-2 ms, from locally attached SSD storage. | 3. Use when reports, analytics, or read-only queries can be redirected to the free read-scale replica included in the tier. | 4. Use when you need higher resiliency and faster recovery - one of three secondary replicas becomes the new primary immediately on failure. | 5. Use when you need In-Memory OLTP, which neither General Purpose nor Next-gen General Purpose supports. | 6. Use when advanced data corruption protection through automatic page repair matters. | 7. Use when a failover group must guarantee an RPO of 5 seconds and an RTO of 30 seconds. | 8. Configure 64 or more vCores if you need compute isolation - it is only supported at that size and above. | 9. Plan capacity accordingly: one Business Critical vCore consumes four regional vCore units against your subscription quota, versus one for General Purpose. | 10. Choose when the workload is memory-bound and needs 13.6 GB of memory per vCore, up to 870.4 GB per instance. | 11. Choose when In-Memory OLTP needs the largest available allocation - memory optimized premium-series gives roughly double the premium-series limit. | 12. Choose when Business Critical needs up to 16 TB of instance storage. | 13. Check regional availability first - memory optimized premium-series is restricted to a subset of regions, unlike standard-series and premium-series. | 14. Note the memory-to-vCore ratio holds only up to 64 vCores; above that, memory stays capped at 870.4 GB.",https://learn.microsoft.com/azure/azure-sql/database/purchasing-models | https://learn.microsoft.com/azure/azure-sql/managed-instance/service-tiers-managed-instance-vcore | https://learn.microsoft.com/azure/azure-sql/managed-instance/resource-limits
BC_G8IH (12 vCores),Azure SQL Managed Instance,Managed instance,vCore,Business Critical,Provisioned,Premium-series memory optimized,vCore,12,163.2,ratio,Generally available,2024-01-30,,2024-01-30,high,mi-mid-vcores,"Additional Business Critical vCore sizes (6, 10, 12, 20, 48, 56) on premium-series and memory optimized premium-series",https://learn.microsoft.com/azure/azure-sql/managed-instance/resource-limits,https://techcommunity.microsoft.com/blog/azuresqlblog/more-vcore-options-for-sql-mi-business-critical-for-better-priceperformance-and-/4043195,,"1. Purchasing model: vCore is the model Microsoft recommends. Choose it when you value flexibility, control, and transparency, want to scale compute and storage independently, or want to apply Azure Hybrid Benefit or reserved capacity pricing. | 2. Use when the workload needs consistently low IO latency, about 1-2 ms, from locally attached SSD storage. | 3. Use when reports, analytics, or read-only queries can be redirected to the free read-scale replica included in the tier. | 4. Use when you need higher resiliency and faster recovery - one of three secondary replicas becomes the new primary immediately on failure. | 5. Use when you need In-Memory OLTP, which neither General Purpose nor Next-gen General Purpose supports. | 6. Use when advanced data corruption protection through automatic page repair matters. | 7. Use when a failover group must guarantee an RPO of 5 seconds and an RTO of 30 seconds. | 8. Configure 64 or more vCores if you need compute isolation - it is only supported at that size and above. | 9. Plan capacity accordingly: one Business Critical vCore consumes four regional vCore units against your subscription quota, versus one for General Purpose. | 10. Choose when the workload is memory-bound and needs 13.6 GB of memory per vCore, up to 870.4 GB per instance. | 11. Choose when In-Memory OLTP needs the largest available allocation - memory optimized premium-series gives roughly double the premium-series limit. | 12. Choose when Business Critical needs up to 16 TB of instance storage. | 13. Check regional availability first - memory optimized premium-series is restricted to a subset of regions, unlike standard-series and premium-series. | 14. Note the memory-to-vCore ratio holds only up to 64 vCores; above that, memory stays capped at 870.4 GB.",https://learn.microsoft.com/azure/azure-sql/database/purchasing-models | https://learn.microsoft.com/azure/azure-sql/managed-instance/service-tiers-managed-instance-vcore | https://learn.microsoft.com/azure/azure-sql/managed-instance/resource-limits
BC_G8IH (16 vCores),Azure SQL Managed Instance,Managed instance,vCore,Business Critical,Provisioned,Premium-series memory optimized,vCore,16,217.6,ratio,Generally available,2022-09,2021-11,2022-09,medium,mi-premium-series-mo,Managed Instance memory optimized premium-series hardware (G8IH),https://learn.microsoft.com/azure/azure-sql/managed-instance/resource-limits,https://learn.microsoft.com/azure/azure-sql/managed-instance/doc-changes-updates-release-notes-whats-new-archive,The Learn what's-new archive places 'Memory optimized premium-series hardware GA' and '16 TB support in Business Critical GA' in 2022 without a month; contemporaneous coverage dates the announcement to 2022-09-28. The original blog post has been removed from Tech Community.,"1. Purchasing model: vCore is the model Microsoft recommends. Choose it when you value flexibility, control, and transparency, want to scale compute and storage independently, or want to apply Azure Hybrid Benefit or reserved capacity pricing. | 2. Use when the workload needs consistently low IO latency, about 1-2 ms, from locally attached SSD storage. | 3. Use when reports, analytics, or read-only queries can be redirected to the free read-scale replica included in the tier. | 4. Use when you need higher resiliency and faster recovery - one of three secondary replicas becomes the new primary immediately on failure. | 5. Use when you need In-Memory OLTP, which neither General Purpose nor Next-gen General Purpose supports. | 6. Use when advanced data corruption protection through automatic page repair matters. | 7. Use when a failover group must guarantee an RPO of 5 seconds and an RTO of 30 seconds. | 8. Configure 64 or more vCores if you need compute isolation - it is only supported at that size and above. | 9. Plan capacity accordingly: one Business Critical vCore consumes four regional vCore units against your subscription quota, versus one for General Purpose. | 10. Choose when the workload is memory-bound and needs 13.6 GB of memory per vCore, up to 870.4 GB per instance. | 11. Choose when In-Memory OLTP needs the largest available allocation - memory optimized premium-series gives roughly double the premium-series limit. | 12. Choose when Business Critical needs up to 16 TB of instance storage. | 13. Check regional availability first - memory optimized premium-series is restricted to a subset of regions, unlike standard-series and premium-series. | 14. Note the memory-to-vCore ratio holds only up to 64 vCores; above that, memory stays capped at 870.4 GB.",https://learn.microsoft.com/azure/azure-sql/database/purchasing-models | https://learn.microsoft.com/azure/azure-sql/managed-instance/service-tiers-managed-instance-vcore | https://learn.microsoft.com/azure/azure-sql/managed-instance/resource-limits
BC_G8IH (20 vCores),Azure SQL Managed Instance,Managed instance,vCore,Business Critical,Provisioned,Premium-series memory optimized,vCore,20,272.0,ratio,Generally available,2024-01-30,,2024-01-30,high,mi-mid-vcores,"Additional Business Critical vCore sizes (6, 10, 12, 20, 48, 56) on premium-series and memory optimized premium-series",https://learn.microsoft.com/azure/azure-sql/managed-instance/resource-limits,https://techcommunity.microsoft.com/blog/azuresqlblog/more-vcore-options-for-sql-mi-business-critical-for-better-priceperformance-and-/4043195,,"1. Purchasing model: vCore is the model Microsoft recommends. Choose it when you value flexibility, control, and transparency, want to scale compute and storage independently, or want to apply Azure Hybrid Benefit or reserved capacity pricing. | 2. Use when the workload needs consistently low IO latency, about 1-2 ms, from locally attached SSD storage. | 3. Use when reports, analytics, or read-only queries can be redirected to the free read-scale replica included in the tier. | 4. Use when you need higher resiliency and faster recovery - one of three secondary replicas becomes the new primary immediately on failure. | 5. Use when you need In-Memory OLTP, which neither General Purpose nor Next-gen General Purpose supports. | 6. Use when advanced data corruption protection through automatic page repair matters. | 7. Use when a failover group must guarantee an RPO of 5 seconds and an RTO of 30 seconds. | 8. Configure 64 or more vCores if you need compute isolation - it is only supported at that size and above. | 9. Plan capacity accordingly: one Business Critical vCore consumes four regional vCore units against your subscription quota, versus one for General Purpose. | 10. Choose when the workload is memory-bound and needs 13.6 GB of memory per vCore, up to 870.4 GB per instance. | 11. Choose when In-Memory OLTP needs the largest available allocation - memory optimized premium-series gives roughly double the premium-series limit. | 12. Choose when Business Critical needs up to 16 TB of instance storage. | 13. Check regional availability first - memory optimized premium-series is restricted to a subset of regions, unlike standard-series and premium-series. | 14. Note the memory-to-vCore ratio holds only up to 64 vCores; above that, memory stays capped at 870.4 GB.",https://learn.microsoft.com/azure/azure-sql/database/purchasing-models | https://learn.microsoft.com/azure/azure-sql/managed-instance/service-tiers-managed-instance-vcore | https://learn.microsoft.com/azure/azure-sql/managed-instance/resource-limits
BC_G8IH (24 vCores),Azure SQL Managed Instance,Managed instance,vCore,Business Critical,Provisioned,Premium-series memory optimized,vCore,24,326.4,ratio,Generally available,2022-09,2021-11,2022-09,medium,mi-premium-series-mo,Managed Instance memory optimized premium-series hardware (G8IH),https://learn.microsoft.com/azure/azure-sql/managed-instance/resource-limits,https://learn.microsoft.com/azure/azure-sql/managed-instance/doc-changes-updates-release-notes-whats-new-archive,The Learn what's-new archive places 'Memory optimized premium-series hardware GA' and '16 TB support in Business Critical GA' in 2022 without a month; contemporaneous coverage dates the announcement to 2022-09-28. The original blog post has been removed from Tech Community.,"1. Purchasing model: vCore is the model Microsoft recommends. Choose it when you value flexibility, control, and transparency, want to scale compute and storage independently, or want to apply Azure Hybrid Benefit or reserved capacity pricing. | 2. Use when the workload needs consistently low IO latency, about 1-2 ms, from locally attached SSD storage. | 3. Use when reports, analytics, or read-only queries can be redirected to the free read-scale replica included in the tier. | 4. Use when you need higher resiliency and faster recovery - one of three secondary replicas becomes the new primary immediately on failure. | 5. Use when you need In-Memory OLTP, which neither General Purpose nor Next-gen General Purpose supports. | 6. Use when advanced data corruption protection through automatic page repair matters. | 7. Use when a failover group must guarantee an RPO of 5 seconds and an RTO of 30 seconds. | 8. Configure 64 or more vCores if you need compute isolation - it is only supported at that size and above. | 9. Plan capacity accordingly: one Business Critical vCore consumes four regional vCore units against your subscription quota, versus one for General Purpose. | 10. Choose when the workload is memory-bound and needs 13.6 GB of memory per vCore, up to 870.4 GB per instance. | 11. Choose when In-Memory OLTP needs the largest available allocation - memory optimized premium-series gives roughly double the premium-series limit. | 12. Choose when Business Critical needs up to 16 TB of instance storage. | 13. Check regional availability first - memory optimized premium-series is restricted to a subset of regions, unlike standard-series and premium-series. | 14. Note the memory-to-vCore ratio holds only up to 64 vCores; above that, memory stays capped at 870.4 GB.",https://learn.microsoft.com/azure/azure-sql/database/purchasing-models | https://learn.microsoft.com/azure/azure-sql/managed-instance/service-tiers-managed-instance-vcore | https://learn.microsoft.com/azure/azure-sql/managed-instance/resource-limits
BC_G8IH (32 vCores),Azure SQL Managed Instance,Managed instance,vCore,Business Critical,Provisioned,Premium-series memory optimized,vCore,32,435.2,ratio,Generally available,2022-09,2021-11,2022-09,medium,mi-premium-series-mo,Managed Instance memory optimized premium-series hardware (G8IH),https://learn.microsoft.com/azure/azure-sql/managed-instance/resource-limits,https://learn.microsoft.com/azure/azure-sql/managed-instance/doc-changes-updates-release-notes-whats-new-archive,The Learn what's-new archive places 'Memory optimized premium-series hardware GA' and '16 TB support in Business Critical GA' in 2022 without a month; contemporaneous coverage dates the announcement to 2022-09-28. The original blog post has been removed from Tech Community.,"1. Purchasing model: vCore is the model Microsoft recommends. Choose it when you value flexibility, control, and transparency, want to scale compute and storage independently, or want to apply Azure Hybrid Benefit or reserved capacity pricing. | 2. Use when the workload needs consistently low IO latency, about 1-2 ms, from locally attached SSD storage. | 3. Use when reports, analytics, or read-only queries can be redirected to the free read-scale replica included in the tier. | 4. Use when you need higher resiliency and faster recovery - one of three secondary replicas becomes the new primary immediately on failure. | 5. Use when you need In-Memory OLTP, which neither General Purpose nor Next-gen General Purpose supports. | 6. Use when advanced data corruption protection through automatic page repair matters. | 7. Use when a failover group must guarantee an RPO of 5 seconds and an RTO of 30 seconds. | 8. Configure 64 or more vCores if you need compute isolation - it is only supported at that size and above. | 9. Plan capacity accordingly: one Business Critical vCore consumes four regional vCore units against your subscription quota, versus one for General Purpose. | 10. Choose when the workload is memory-bound and needs 13.6 GB of memory per vCore, up to 870.4 GB per instance. | 11. Choose when In-Memory OLTP needs the largest available allocation - memory optimized premium-series gives roughly double the premium-series limit. | 12. Choose when Business Critical needs up to 16 TB of instance storage. | 13. Check regional availability first - memory optimized premium-series is restricted to a subset of regions, unlike standard-series and premium-series. | 14. Note the memory-to-vCore ratio holds only up to 64 vCores; above that, memory stays capped at 870.4 GB.",https://learn.microsoft.com/azure/azure-sql/database/purchasing-models | https://learn.microsoft.com/azure/azure-sql/managed-instance/service-tiers-managed-instance-vcore | https://learn.microsoft.com/azure/azure-sql/managed-instance/resource-limits
BC_G8IH (40 vCores),Azure SQL Managed Instance,Managed instance,vCore,Business Critical,Provisioned,Premium-series memory optimized,vCore,40,544.0,ratio,Generally available,2022-09,2021-11,2022-09,medium,mi-premium-series-mo,Managed Instance memory optimized premium-series hardware (G8IH),https://learn.microsoft.com/azure/azure-sql/managed-instance/resource-limits,https://learn.microsoft.com/azure/azure-sql/managed-instance/doc-changes-updates-release-notes-whats-new-archive,The Learn what's-new archive places 'Memory optimized premium-series hardware GA' and '16 TB support in Business Critical GA' in 2022 without a month; contemporaneous coverage dates the announcement to 2022-09-28. The original blog post has been removed from Tech Community.,"1. Purchasing model: vCore is the model Microsoft recommends. Choose it when you value flexibility, control, and transparency, want to scale compute and storage independently, or want to apply Azure Hybrid Benefit or reserved capacity pricing. | 2. Use when the workload needs consistently low IO latency, about 1-2 ms, from locally attached SSD storage. | 3. Use when reports, analytics, or read-only queries can be redirected to the free read-scale replica included in the tier. | 4. Use when you need higher resiliency and faster recovery - one of three secondary replicas becomes the new primary immediately on failure. | 5. Use when you need In-Memory OLTP, which neither General Purpose nor Next-gen General Purpose supports. | 6. Use when advanced data corruption protection through automatic page repair matters. | 7. Use when a failover group must guarantee an RPO of 5 seconds and an RTO of 30 seconds. | 8. Configure 64 or more vCores if you need compute isolation - it is only supported at that size and above. | 9. Plan capacity accordingly: one Business Critical vCore consumes four regional vCore units against your subscription quota, versus one for General Purpose. | 10. Choose when the workload is memory-bound and needs 13.6 GB of memory per vCore, up to 870.4 GB per instance. | 11. Choose when In-Memory OLTP needs the largest available allocation - memory optimized premium-series gives roughly double the premium-series limit. | 12. Choose when Business Critical needs up to 16 TB of instance storage. | 13. Check regional availability first - memory optimized premium-series is restricted to a subset of regions, unlike standard-series and premium-series. | 14. Note the memory-to-vCore ratio holds only up to 64 vCores; above that, memory stays capped at 870.4 GB.",https://learn.microsoft.com/azure/azure-sql/database/purchasing-models | https://learn.microsoft.com/azure/azure-sql/managed-instance/service-tiers-managed-instance-vcore | https://learn.microsoft.com/azure/azure-sql/managed-instance/resource-limits
BC_G8IH (48 vCores),Azure SQL Managed Instance,Managed instance,vCore,Business Critical,Provisioned,Premium-series memory optimized,vCore,48,652.8,ratio,Generally available,2024-01-30,,2024-01-30,high,mi-mid-vcores,"Additional Business Critical vCore sizes (6, 10, 12, 20, 48, 56) on premium-series and memory optimized premium-series",https://learn.microsoft.com/azure/azure-sql/managed-instance/resource-limits,https://techcommunity.microsoft.com/blog/azuresqlblog/more-vcore-options-for-sql-mi-business-critical-for-better-priceperformance-and-/4043195,,"1. Purchasing model: vCore is the model Microsoft recommends. Choose it when you value flexibility, control, and transparency, want to scale compute and storage independently, or want to apply Azure Hybrid Benefit or reserved capacity pricing. | 2. Use when the workload needs consistently low IO latency, about 1-2 ms, from locally attached SSD storage. | 3. Use when reports, analytics, or read-only queries can be redirected to the free read-scale replica included in the tier. | 4. Use when you need higher resiliency and faster recovery - one of three secondary replicas becomes the new primary immediately on failure. | 5. Use when you need In-Memory OLTP, which neither General Purpose nor Next-gen General Purpose supports. | 6. Use when advanced data corruption protection through automatic page repair matters. | 7. Use when a failover group must guarantee an RPO of 5 seconds and an RTO of 30 seconds. | 8. Configure 64 or more vCores if you need compute isolation - it is only supported at that size and above. | 9. Plan capacity accordingly: one Business Critical vCore consumes four regional vCore units against your subscription quota, versus one for General Purpose. | 10. Choose when the workload is memory-bound and needs 13.6 GB of memory per vCore, up to 870.4 GB per instance. | 11. Choose when In-Memory OLTP needs the largest available allocation - memory optimized premium-series gives roughly double the premium-series limit. | 12. Choose when Business Critical needs up to 16 TB of instance storage. | 13. Check regional availability first - memory optimized premium-series is restricted to a subset of regions, unlike standard-series and premium-series. | 14. Note the memory-to-vCore ratio holds only up to 64 vCores; above that, memory stays capped at 870.4 GB.",https://learn.microsoft.com/azure/azure-sql/database/purchasing-models | https://learn.microsoft.com/azure/azure-sql/managed-instance/service-tiers-managed-instance-vcore | https://learn.microsoft.com/azure/azure-sql/managed-instance/resource-limits
BC_G8IH (56 vCores),Azure SQL Managed Instance,Managed instance,vCore,Business Critical,Provisioned,Premium-series memory optimized,vCore,56,761.6,ratio,Generally available,2024-01-30,,2024-01-30,high,mi-mid-vcores,"Additional Business Critical vCore sizes (6, 10, 12, 20, 48, 56) on premium-series and memory optimized premium-series",https://learn.microsoft.com/azure/azure-sql/managed-instance/resource-limits,https://techcommunity.microsoft.com/blog/azuresqlblog/more-vcore-options-for-sql-mi-business-critical-for-better-priceperformance-and-/4043195,,"1. Purchasing model: vCore is the model Microsoft recommends. Choose it when you value flexibility, control, and transparency, want to scale compute and storage independently, or want to apply Azure Hybrid Benefit or reserved capacity pricing. | 2. Use when the workload needs consistently low IO latency, about 1-2 ms, from locally attached SSD storage. | 3. Use when reports, analytics, or read-only queries can be redirected to the free read-scale replica included in the tier. | 4. Use when you need higher resiliency and faster recovery - one of three secondary replicas becomes the new primary immediately on failure. | 5. Use when you need In-Memory OLTP, which neither General Purpose nor Next-gen General Purpose supports. | 6. Use when advanced data corruption protection through automatic page repair matters. | 7. Use when a failover group must guarantee an RPO of 5 seconds and an RTO of 30 seconds. | 8. Configure 64 or more vCores if you need compute isolation - it is only supported at that size and above. | 9. Plan capacity accordingly: one Business Critical vCore consumes four regional vCore units against your subscription quota, versus one for General Purpose. | 10. Choose when the workload is memory-bound and needs 13.6 GB of memory per vCore, up to 870.4 GB per instance. | 11. Choose when In-Memory OLTP needs the largest available allocation - memory optimized premium-series gives roughly double the premium-series limit. | 12. Choose when Business Critical needs up to 16 TB of instance storage. | 13. Check regional availability first - memory optimized premium-series is restricted to a subset of regions, unlike standard-series and premium-series. | 14. Note the memory-to-vCore ratio holds only up to 64 vCores; above that, memory stays capped at 870.4 GB.",https://learn.microsoft.com/azure/azure-sql/database/purchasing-models | https://learn.microsoft.com/azure/azure-sql/managed-instance/service-tiers-managed-instance-vcore | https://learn.microsoft.com/azure/azure-sql/managed-instance/resource-limits
BC_G8IH (64 vCores),Azure SQL Managed Instance,Managed instance,vCore,Business Critical,Provisioned,Premium-series memory optimized,vCore,64,870.4,ratio,Generally available,2022-09,2021-11,2022-09,medium,mi-premium-series-mo,Managed Instance memory optimized premium-series hardware (G8IH),https://learn.microsoft.com/azure/azure-sql/managed-instance/resource-limits,https://learn.microsoft.com/azure/azure-sql/managed-instance/doc-changes-updates-release-notes-whats-new-archive,The Learn what's-new archive places 'Memory optimized premium-series hardware GA' and '16 TB support in Business Critical GA' in 2022 without a month; contemporaneous coverage dates the announcement to 2022-09-28. The original blog post has been removed from Tech Community.,"1. Purchasing model: vCore is the model Microsoft recommends. Choose it when you value flexibility, control, and transparency, want to scale compute and storage independently, or want to apply Azure Hybrid Benefit or reserved capacity pricing. | 2. Use when the workload needs consistently low IO latency, about 1-2 ms, from locally attached SSD storage. | 3. Use when reports, analytics, or read-only queries can be redirected to the free read-scale replica included in the tier. | 4. Use when you need higher resiliency and faster recovery - one of three secondary replicas becomes the new primary immediately on failure. | 5. Use when you need In-Memory OLTP, which neither General Purpose nor Next-gen General Purpose supports. | 6. Use when advanced data corruption protection through automatic page repair matters. | 7. Use when a failover group must guarantee an RPO of 5 seconds and an RTO of 30 seconds. | 8. Configure 64 or more vCores if you need compute isolation - it is only supported at that size and above. | 9. Plan capacity accordingly: one Business Critical vCore consumes four regional vCore units against your subscription quota, versus one for General Purpose. | 10. Choose when the workload is memory-bound and needs 13.6 GB of memory per vCore, up to 870.4 GB per instance. | 11. Choose when In-Memory OLTP needs the largest available allocation - memory optimized premium-series gives roughly double the premium-series limit. | 12. Choose when Business Critical needs up to 16 TB of instance storage. | 13. Check regional availability first - memory optimized premium-series is restricted to a subset of regions, unlike standard-series and premium-series. | 14. Note the memory-to-vCore ratio holds only up to 64 vCores; above that, memory stays capped at 870.4 GB.",https://learn.microsoft.com/azure/azure-sql/database/purchasing-models | https://learn.microsoft.com/azure/azure-sql/managed-instance/service-tiers-managed-instance-vcore | https://learn.microsoft.com/azure/azure-sql/managed-instance/resource-limits
BC_G8IH (80 vCores),Azure SQL Managed Instance,Managed instance,vCore,Business Critical,Provisioned,Premium-series memory optimized,vCore,80,870.4,ratio,Generally available,2022-09,2021-11,2022-09,medium,mi-premium-series-mo,Managed Instance memory optimized premium-series hardware (G8IH),https://learn.microsoft.com/azure/azure-sql/managed-instance/resource-limits,https://learn.microsoft.com/azure/azure-sql/managed-instance/doc-changes-updates-release-notes-whats-new-archive,The Learn what's-new archive places 'Memory optimized premium-series hardware GA' and '16 TB support in Business Critical GA' in 2022 without a month; contemporaneous coverage dates the announcement to 2022-09-28. The original blog post has been removed from Tech Community.,"1. Purchasing model: vCore is the model Microsoft recommends. Choose it when you value flexibility, control, and transparency, want to scale compute and storage independently, or want to apply Azure Hybrid Benefit or reserved capacity pricing. | 2. Use when the workload needs consistently low IO latency, about 1-2 ms, from locally attached SSD storage. | 3. Use when reports, analytics, or read-only queries can be redirected to the free read-scale replica included in the tier. | 4. Use when you need higher resiliency and faster recovery - one of three secondary replicas becomes the new primary immediately on failure. | 5. Use when you need In-Memory OLTP, which neither General Purpose nor Next-gen General Purpose supports. | 6. Use when advanced data corruption protection through automatic page repair matters. | 7. Use when a failover group must guarantee an RPO of 5 seconds and an RTO of 30 seconds. | 8. Configure 64 or more vCores if you need compute isolation - it is only supported at that size and above. | 9. Plan capacity accordingly: one Business Critical vCore consumes four regional vCore units against your subscription quota, versus one for General Purpose. | 10. Choose when the workload is memory-bound and needs 13.6 GB of memory per vCore, up to 870.4 GB per instance. | 11. Choose when In-Memory OLTP needs the largest available allocation - memory optimized premium-series gives roughly double the premium-series limit. | 12. Choose when Business Critical needs up to 16 TB of instance storage. | 13. Check regional availability first - memory optimized premium-series is restricted to a subset of regions, unlike standard-series and premium-series. | 14. Note the memory-to-vCore ratio holds only up to 64 vCores; above that, memory stays capped at 870.4 GB.",https://learn.microsoft.com/azure/azure-sql/database/purchasing-models | https://learn.microsoft.com/azure/azure-sql/managed-instance/service-tiers-managed-instance-vcore | https://learn.microsoft.com/azure/azure-sql/managed-instance/resource-limits
BC_G8IH (96 vCores),Azure SQL Managed Instance,Managed instance,vCore,Business Critical,Provisioned,Premium-series memory optimized,vCore,96,870.4,ratio,Generally available,2023-07,,2023-07,high,mi-128-vcore,96 and 128 vCore sizes for Business Critical on premium-series and memory optimized premium-series,https://learn.microsoft.com/azure/azure-sql/managed-instance/resource-limits,https://techcommunity.microsoft.com/blog/azuresqlblog/128-vcores-on-azure-sql-managed-instance-business-critical/3879510,,"1. Purchasing model: vCore is the model Microsoft recommends. Choose it when you value flexibility, control, and transparency, want to scale compute and storage independently, or want to apply Azure Hybrid Benefit or reserved capacity pricing. | 2. Use when the workload needs consistently low IO latency, about 1-2 ms, from locally attached SSD storage. | 3. Use when reports, analytics, or read-only queries can be redirected to the free read-scale replica included in the tier. | 4. Use when you need higher resiliency and faster recovery - one of three secondary replicas becomes the new primary immediately on failure. | 5. Use when you need In-Memory OLTP, which neither General Purpose nor Next-gen General Purpose supports. | 6. Use when advanced data corruption protection through automatic page repair matters. | 7. Use when a failover group must guarantee an RPO of 5 seconds and an RTO of 30 seconds. | 8. Configure 64 or more vCores if you need compute isolation - it is only supported at that size and above. | 9. Plan capacity accordingly: one Business Critical vCore consumes four regional vCore units against your subscription quota, versus one for General Purpose. | 10. Choose when the workload is memory-bound and needs 13.6 GB of memory per vCore, up to 870.4 GB per instance. | 11. Choose when In-Memory OLTP needs the largest available allocation - memory optimized premium-series gives roughly double the premium-series limit. | 12. Choose when Business Critical needs up to 16 TB of instance storage. | 13. Check regional availability first - memory optimized premium-series is restricted to a subset of regions, unlike standard-series and premium-series. | 14. Note the memory-to-vCore ratio holds only up to 64 vCores; above that, memory stays capped at 870.4 GB.",https://learn.microsoft.com/azure/azure-sql/database/purchasing-models | https://learn.microsoft.com/azure/azure-sql/managed-instance/service-tiers-managed-instance-vcore | https://learn.microsoft.com/azure/azure-sql/managed-instance/resource-limits
BC_G8IH (128 vCores),Azure SQL Managed Instance,Managed instance,vCore,Business Critical,Provisioned,Premium-series memory optimized,vCore,128,870.4,ratio,Generally available,2023-07,,2023-07,high,mi-128-vcore,96 and 128 vCore sizes for Business Critical on premium-series and memory optimized premium-series,https://learn.microsoft.com/azure/azure-sql/managed-instance/resource-limits,https://techcommunity.microsoft.com/blog/azuresqlblog/128-vcores-on-azure-sql-managed-instance-business-critical/3879510,,"1. Purchasing model: vCore is the model Microsoft recommends. Choose it when you value flexibility, control, and transparency, want to scale compute and storage independently, or want to apply Azure Hybrid Benefit or reserved capacity pricing. | 2. Use when the workload needs consistently low IO latency, about 1-2 ms, from locally attached SSD storage. | 3. Use when reports, analytics, or read-only queries can be redirected to the free read-scale replica included in the tier. | 4. Use when you need higher resiliency and faster recovery - one of three secondary replicas becomes the new primary immediately on failure. | 5. Use when you need In-Memory OLTP, which neither General Purpose nor Next-gen General Purpose supports. | 6. Use when advanced data corruption protection through automatic page repair matters. | 7. Use when a failover group must guarantee an RPO of 5 seconds and an RTO of 30 seconds. | 8. Configure 64 or more vCores if you need compute isolation - it is only supported at that size and above. | 9. Plan capacity accordingly: one Business Critical vCore consumes four regional vCore units against your subscription quota, versus one for General Purpose. | 10. Choose when the workload is memory-bound and needs 13.6 GB of memory per vCore, up to 870.4 GB per instance. | 11. Choose when In-Memory OLTP needs the largest available allocation - memory optimized premium-series gives roughly double the premium-series limit. | 12. Choose when Business Critical needs up to 16 TB of instance storage. | 13. Check regional availability first - memory optimized premium-series is restricted to a subset of regions, unlike standard-series and premium-series. | 14. Note the memory-to-vCore ratio holds only up to 64 vCores; above that, memory stays capped at 870.4 GB.",https://learn.microsoft.com/azure/azure-sql/database/purchasing-models | https://learn.microsoft.com/azure/azure-sql/managed-instance/service-tiers-managed-instance-vcore | https://learn.microsoft.com/azure/azure-sql/managed-instance/resource-limits
