sku,service,deployment_model,purchasing_model,service_tier,compute_tier,hardware,capacity_unit,capacity,memory_gb,memory_gb_per_vcore,status,milestone,preview_date,ga_date,date_confidence,source,notes
Basic,Azure SQL Database,Single database,DTU,Basic,Provisioned,n/a (DTU model),DTU,5,,,GA,sqldb-dtu-core,2014-04,2014-09,medium,https://azure.microsoft.com/en-us/blog/new-azure-sql-database-service-tiers-generally-available-in-september-with-reduced-pricing-and-enhanced-sla/,Max storage 2 GB.
S0,Azure SQL Database,Single database,DTU,Standard,Provisioned,n/a (DTU model),DTU,10,,,GA,sqldb-dtu-core,2014-04,2014-09,medium,https://azure.microsoft.com/en-us/blog/new-azure-sql-database-service-tiers-generally-available-in-september-with-reduced-pricing-and-enhanced-sla/,Max storage 250 GB.
S1,Azure SQL Database,Single database,DTU,Standard,Provisioned,n/a (DTU model),DTU,20,,,GA,sqldb-dtu-core,2014-04,2014-09,medium,https://azure.microsoft.com/en-us/blog/new-azure-sql-database-service-tiers-generally-available-in-september-with-reduced-pricing-and-enhanced-sla/,Max storage 250 GB.
S2,Azure SQL Database,Single database,DTU,Standard,Provisioned,n/a (DTU model),DTU,50,,,GA,sqldb-dtu-core,2014-04,2014-09,medium,https://azure.microsoft.com/en-us/blog/new-azure-sql-database-service-tiers-generally-available-in-september-with-reduced-pricing-and-enhanced-sla/,Max storage 250 GB.
S3,Azure SQL Database,Single database,DTU,Standard,Provisioned,n/a (DTU model),DTU,100,,,GA,sqldb-dtu-core,2014-04,2014-09,medium,https://azure.microsoft.com/en-us/blog/new-azure-sql-database-service-tiers-generally-available-in-september-with-reduced-pricing-and-enhanced-sla/,Max storage 1024 GB.
S4,Azure SQL Database,Single database,DTU,Standard,Provisioned,n/a (DTU model),DTU,200,,,GA,sqldb-dtu-expanded,2016-02,2016,low,https://azure.microsoft.com/updates/azure-sql-database-new-performance-levels-and-storage-add-ons-in-public-preview/,Max storage 1024 GB.
S6,Azure SQL Database,Single database,DTU,Standard,Provisioned,n/a (DTU model),DTU,400,,,GA,sqldb-dtu-expanded,2016-02,2016,low,https://azure.microsoft.com/updates/azure-sql-database-new-performance-levels-and-storage-add-ons-in-public-preview/,Max storage 1024 GB.
S7,Azure SQL Database,Single database,DTU,Standard,Provisioned,n/a (DTU model),DTU,800,,,GA,sqldb-dtu-expanded,2016-02,2016,low,https://azure.microsoft.com/updates/azure-sql-database-new-performance-levels-and-storage-add-ons-in-public-preview/,Max storage 1024 GB.
S9,Azure SQL Database,Single database,DTU,Standard,Provisioned,n/a (DTU model),DTU,1600,,,GA,sqldb-dtu-expanded,2016-02,2016,low,https://azure.microsoft.com/updates/azure-sql-database-new-performance-levels-and-storage-add-ons-in-public-preview/,Max storage 1024 GB.
S12,Azure SQL Database,Single database,DTU,Standard,Provisioned,n/a (DTU model),DTU,3000,,,GA,sqldb-dtu-expanded,2016-02,2016,low,https://azure.microsoft.com/updates/azure-sql-database-new-performance-levels-and-storage-add-ons-in-public-preview/,Max storage 1024 GB.
P1,Azure SQL Database,Single database,DTU,Premium,Provisioned,n/a (DTU model),DTU,125,,,GA,sqldb-dtu-core,2014-04,2014-09,medium,https://azure.microsoft.com/en-us/blog/new-azure-sql-database-service-tiers-generally-available-in-september-with-reduced-pricing-and-enhanced-sla/,Max storage 1024 GB.
P2,Azure SQL Database,Single database,DTU,Premium,Provisioned,n/a (DTU model),DTU,250,,,GA,sqldb-dtu-core,2014-04,2014-09,medium,https://azure.microsoft.com/en-us/blog/new-azure-sql-database-service-tiers-generally-available-in-september-with-reduced-pricing-and-enhanced-sla/,Max storage 1024 GB.
P4,Azure SQL Database,Single database,DTU,Premium,Provisioned,n/a (DTU model),DTU,500,,,GA,sqldb-dtu-p4-p11,2014-09,2015,low,https://azure.microsoft.com/en-us/blog/new-azure-sql-database-service-tiers-generally-available-in-september-with-reduced-pricing-and-enhanced-sla/,Max storage 1024 GB.
P6,Azure SQL Database,Single database,DTU,Premium,Provisioned,n/a (DTU model),DTU,1000,,,GA,sqldb-dtu-core,2014-04,2014-09,medium,https://azure.microsoft.com/en-us/blog/new-azure-sql-database-service-tiers-generally-available-in-september-with-reduced-pricing-and-enhanced-sla/,Max storage 1024 GB.
P11,Azure SQL Database,Single database,DTU,Premium,Provisioned,n/a (DTU model),DTU,1750,,,GA,sqldb-dtu-p4-p11,2014-09,2015,low,https://azure.microsoft.com/en-us/blog/new-azure-sql-database-service-tiers-generally-available-in-september-with-reduced-pricing-and-enhanced-sla/,Max storage 4096 GB.
P15,Azure SQL Database,Single database,DTU,Premium,Provisioned,n/a (DTU model),DTU,4000,,,GA,sqldb-dtu-p15,2016-02,2016-08,medium,https://azure.microsoft.com/updates?id=general-availability-new-azure-sql-database-premium-performance-level-p15,Max storage 4096 GB.
BasicPool_50,Azure SQL Database,Elastic pool,DTU,Basic,Provisioned,n/a (DTU model),eDTU,50,,,GA,sqldb-dtu-core,2014-04,2014-09,medium,https://azure.microsoft.com/en-us/blog/new-azure-sql-database-service-tiers-generally-available-in-september-with-reduced-pricing-and-enhanced-sla/,"Basic elastic pool, 50 eDTU. ARM sku name is 'BasicPool' with capacity 50."
BasicPool_100,Azure SQL Database,Elastic pool,DTU,Basic,Provisioned,n/a (DTU model),eDTU,100,,,GA,sqldb-dtu-core,2014-04,2014-09,medium,https://azure.microsoft.com/en-us/blog/new-azure-sql-database-service-tiers-generally-available-in-september-with-reduced-pricing-and-enhanced-sla/,"Basic elastic pool, 100 eDTU. ARM sku name is 'BasicPool' with capacity 100."
BasicPool_200,Azure SQL Database,Elastic pool,DTU,Basic,Provisioned,n/a (DTU model),eDTU,200,,,GA,sqldb-dtu-core,2014-04,2014-09,medium,https://azure.microsoft.com/en-us/blog/new-azure-sql-database-service-tiers-generally-available-in-september-with-reduced-pricing-and-enhanced-sla/,"Basic elastic pool, 200 eDTU. ARM sku name is 'BasicPool' with capacity 200."
BasicPool_300,Azure SQL Database,Elastic pool,DTU,Basic,Provisioned,n/a (DTU model),eDTU,300,,,GA,sqldb-dtu-core,2014-04,2014-09,medium,https://azure.microsoft.com/en-us/blog/new-azure-sql-database-service-tiers-generally-available-in-september-with-reduced-pricing-and-enhanced-sla/,"Basic elastic pool, 300 eDTU. ARM sku name is 'BasicPool' with capacity 300."
BasicPool_400,Azure SQL Database,Elastic pool,DTU,Basic,Provisioned,n/a (DTU model),eDTU,400,,,GA,sqldb-dtu-core,2014-04,2014-09,medium,https://azure.microsoft.com/en-us/blog/new-azure-sql-database-service-tiers-generally-available-in-september-with-reduced-pricing-and-enhanced-sla/,"Basic elastic pool, 400 eDTU. ARM sku name is 'BasicPool' with capacity 400."
BasicPool_800,Azure SQL Database,Elastic pool,DTU,Basic,Provisioned,n/a (DTU model),eDTU,800,,,GA,sqldb-dtu-core,2014-04,2014-09,medium,https://azure.microsoft.com/en-us/blog/new-azure-sql-database-service-tiers-generally-available-in-september-with-reduced-pricing-and-enhanced-sla/,"Basic elastic pool, 800 eDTU. ARM sku name is 'BasicPool' with capacity 800."
BasicPool_1200,Azure SQL Database,Elastic pool,DTU,Basic,Provisioned,n/a (DTU model),eDTU,1200,,,GA,sqldb-dtu-core,2014-04,2014-09,medium,https://azure.microsoft.com/en-us/blog/new-azure-sql-database-service-tiers-generally-available-in-september-with-reduced-pricing-and-enhanced-sla/,"Basic elastic pool, 1200 eDTU. ARM sku name is 'BasicPool' with capacity 1200."
BasicPool_1600,Azure SQL Database,Elastic pool,DTU,Basic,Provisioned,n/a (DTU model),eDTU,1600,,,GA,sqldb-dtu-core,2014-04,2014-09,medium,https://azure.microsoft.com/en-us/blog/new-azure-sql-database-service-tiers-generally-available-in-september-with-reduced-pricing-and-enhanced-sla/,"Basic elastic pool, 1600 eDTU. ARM sku name is 'BasicPool' with capacity 1600."
StandardPool_50,Azure SQL Database,Elastic pool,DTU,Standard,Provisioned,n/a (DTU model),eDTU,50,,,GA,sqldb-dtu-core,2014-04,2014-09,medium,https://azure.microsoft.com/en-us/blog/new-azure-sql-database-service-tiers-generally-available-in-september-with-reduced-pricing-and-enhanced-sla/,"Standard elastic pool, 50 eDTU. ARM sku name is 'StandardPool' with capacity 50."
StandardPool_100,Azure SQL Database,Elastic pool,DTU,Standard,Provisioned,n/a (DTU model),eDTU,100,,,GA,sqldb-dtu-core,2014-04,2014-09,medium,https://azure.microsoft.com/en-us/blog/new-azure-sql-database-service-tiers-generally-available-in-september-with-reduced-pricing-and-enhanced-sla/,"Standard elastic pool, 100 eDTU. ARM sku name is 'StandardPool' with capacity 100."
StandardPool_200,Azure SQL Database,Elastic pool,DTU,Standard,Provisioned,n/a (DTU model),eDTU,200,,,GA,sqldb-dtu-core,2014-04,2014-09,medium,https://azure.microsoft.com/en-us/blog/new-azure-sql-database-service-tiers-generally-available-in-september-with-reduced-pricing-and-enhanced-sla/,"Standard elastic pool, 200 eDTU. ARM sku name is 'StandardPool' with capacity 200."
StandardPool_300,Azure SQL Database,Elastic pool,DTU,Standard,Provisioned,n/a (DTU model),eDTU,300,,,GA,sqldb-dtu-core,2014-04,2014-09,medium,https://azure.microsoft.com/en-us/blog/new-azure-sql-database-service-tiers-generally-available-in-september-with-reduced-pricing-and-enhanced-sla/,"Standard elastic pool, 300 eDTU. ARM sku name is 'StandardPool' with capacity 300."
StandardPool_400,Azure SQL Database,Elastic pool,DTU,Standard,Provisioned,n/a (DTU model),eDTU,400,,,GA,sqldb-dtu-core,2014-04,2014-09,medium,https://azure.microsoft.com/en-us/blog/new-azure-sql-database-service-tiers-generally-available-in-september-with-reduced-pricing-and-enhanced-sla/,"Standard elastic pool, 400 eDTU. ARM sku name is 'StandardPool' with capacity 400."
StandardPool_800,Azure SQL Database,Elastic pool,DTU,Standard,Provisioned,n/a (DTU model),eDTU,800,,,GA,sqldb-dtu-core,2014-04,2014-09,medium,https://azure.microsoft.com/en-us/blog/new-azure-sql-database-service-tiers-generally-available-in-september-with-reduced-pricing-and-enhanced-sla/,"Standard elastic pool, 800 eDTU. ARM sku name is 'StandardPool' with capacity 800."
StandardPool_1200,Azure SQL Database,Elastic pool,DTU,Standard,Provisioned,n/a (DTU model),eDTU,1200,,,GA,sqldb-dtu-core,2014-04,2014-09,medium,https://azure.microsoft.com/en-us/blog/new-azure-sql-database-service-tiers-generally-available-in-september-with-reduced-pricing-and-enhanced-sla/,"Standard elastic pool, 1200 eDTU. ARM sku name is 'StandardPool' with capacity 1200."
StandardPool_1600,Azure SQL Database,Elastic pool,DTU,Standard,Provisioned,n/a (DTU model),eDTU,1600,,,GA,sqldb-dtu-core,2014-04,2014-09,medium,https://azure.microsoft.com/en-us/blog/new-azure-sql-database-service-tiers-generally-available-in-september-with-reduced-pricing-and-enhanced-sla/,"Standard elastic pool, 1600 eDTU. ARM sku name is 'StandardPool' with capacity 1600."
StandardPool_2000,Azure SQL Database,Elastic pool,DTU,Standard,Provisioned,n/a (DTU model),eDTU,2000,,,GA,sqldb-dtu-core,2014-04,2014-09,medium,https://azure.microsoft.com/en-us/blog/new-azure-sql-database-service-tiers-generally-available-in-september-with-reduced-pricing-and-enhanced-sla/,"Standard elastic pool, 2000 eDTU. ARM sku name is 'StandardPool' with capacity 2000."
StandardPool_2500,Azure SQL Database,Elastic pool,DTU,Standard,Provisioned,n/a (DTU model),eDTU,2500,,,GA,sqldb-dtu-core,2014-04,2014-09,medium,https://azure.microsoft.com/en-us/blog/new-azure-sql-database-service-tiers-generally-available-in-september-with-reduced-pricing-and-enhanced-sla/,"Standard elastic pool, 2500 eDTU. ARM sku name is 'StandardPool' with capacity 2500."
StandardPool_3000,Azure SQL Database,Elastic pool,DTU,Standard,Provisioned,n/a (DTU model),eDTU,3000,,,GA,sqldb-dtu-core,2014-04,2014-09,medium,https://azure.microsoft.com/en-us/blog/new-azure-sql-database-service-tiers-generally-available-in-september-with-reduced-pricing-and-enhanced-sla/,"Standard elastic pool, 3000 eDTU. ARM sku name is 'StandardPool' with capacity 3000."
PremiumPool_125,Azure SQL Database,Elastic pool,DTU,Premium,Provisioned,n/a (DTU model),eDTU,125,,,GA,sqldb-dtu-core,2014-04,2014-09,medium,https://azure.microsoft.com/en-us/blog/new-azure-sql-database-service-tiers-generally-available-in-september-with-reduced-pricing-and-enhanced-sla/,"Premium elastic pool, 125 eDTU. ARM sku name is 'PremiumPool' with capacity 125."
PremiumPool_250,Azure SQL Database,Elastic pool,DTU,Premium,Provisioned,n/a (DTU model),eDTU,250,,,GA,sqldb-dtu-core,2014-04,2014-09,medium,https://azure.microsoft.com/en-us/blog/new-azure-sql-database-service-tiers-generally-available-in-september-with-reduced-pricing-and-enhanced-sla/,"Premium elastic pool, 250 eDTU. ARM sku name is 'PremiumPool' with capacity 250."
PremiumPool_500,Azure SQL Database,Elastic pool,DTU,Premium,Provisioned,n/a (DTU model),eDTU,500,,,GA,sqldb-dtu-core,2014-04,2014-09,medium,https://azure.microsoft.com/en-us/blog/new-azure-sql-database-service-tiers-generally-available-in-september-with-reduced-pricing-and-enhanced-sla/,"Premium elastic pool, 500 eDTU. ARM sku name is 'PremiumPool' with capacity 500."
PremiumPool_1000,Azure SQL Database,Elastic pool,DTU,Premium,Provisioned,n/a (DTU model),eDTU,1000,,,GA,sqldb-dtu-core,2014-04,2014-09,medium,https://azure.microsoft.com/en-us/blog/new-azure-sql-database-service-tiers-generally-available-in-september-with-reduced-pricing-and-enhanced-sla/,"Premium elastic pool, 1000 eDTU. ARM sku name is 'PremiumPool' with capacity 1000."
PremiumPool_1500,Azure SQL Database,Elastic pool,DTU,Premium,Provisioned,n/a (DTU model),eDTU,1500,,,GA,sqldb-dtu-core,2014-04,2014-09,medium,https://azure.microsoft.com/en-us/blog/new-azure-sql-database-service-tiers-generally-available-in-september-with-reduced-pricing-and-enhanced-sla/,"Premium elastic pool, 1500 eDTU. ARM sku name is 'PremiumPool' with capacity 1500."
PremiumPool_2000,Azure SQL Database,Elastic pool,DTU,Premium,Provisioned,n/a (DTU model),eDTU,2000,,,GA,sqldb-dtu-core,2014-04,2014-09,medium,https://azure.microsoft.com/en-us/blog/new-azure-sql-database-service-tiers-generally-available-in-september-with-reduced-pricing-and-enhanced-sla/,"Premium elastic pool, 2000 eDTU. ARM sku name is 'PremiumPool' with capacity 2000."
PremiumPool_2500,Azure SQL Database,Elastic pool,DTU,Premium,Provisioned,n/a (DTU model),eDTU,2500,,,GA,sqldb-dtu-core,2014-04,2014-09,medium,https://azure.microsoft.com/en-us/blog/new-azure-sql-database-service-tiers-generally-available-in-september-with-reduced-pricing-and-enhanced-sla/,"Premium elastic pool, 2500 eDTU. ARM sku name is 'PremiumPool' with capacity 2500."
PremiumPool_3000,Azure SQL Database,Elastic pool,DTU,Premium,Provisioned,n/a (DTU model),eDTU,3000,,,GA,sqldb-dtu-core,2014-04,2014-09,medium,https://azure.microsoft.com/en-us/blog/new-azure-sql-database-service-tiers-generally-available-in-september-with-reduced-pricing-and-enhanced-sla/,"Premium elastic pool, 3000 eDTU. ARM sku name is 'PremiumPool' with capacity 3000."
PremiumPool_3500,Azure SQL Database,Elastic pool,DTU,Premium,Provisioned,n/a (DTU model),eDTU,3500,,,GA,sqldb-dtu-core,2014-04,2014-09,medium,https://azure.microsoft.com/en-us/blog/new-azure-sql-database-service-tiers-generally-available-in-september-with-reduced-pricing-and-enhanced-sla/,"Premium elastic pool, 3500 eDTU. ARM sku name is 'PremiumPool' with capacity 3500."
PremiumPool_4000,Azure SQL Database,Elastic pool,DTU,Premium,Provisioned,n/a (DTU model),eDTU,4000,,,GA,sqldb-dtu-core,2014-04,2014-09,medium,https://azure.microsoft.com/en-us/blog/new-azure-sql-database-service-tiers-generally-available-in-september-with-reduced-pricing-and-enhanced-sla/,"Premium elastic pool, 4000 eDTU. ARM sku name is 'PremiumPool' with capacity 4000."
GP_Gen5_2,Azure SQL Database,Single database / Elastic pool,vCore,General Purpose,Provisioned,Standard-series (Gen5),vCore,2,10.4,5.1875,GA,sqldb-vcore,2017-09,2018-04,low,https://azure.microsoft.com/en-us/blog/a-flexible-new-way-to-purchase-azure-sql-database/,Announced as a new purchasing option in September 2017 and generally available in the first half of 2018. The GA month is approximate.
GP_Gen5_4,Azure SQL Database,Single database / Elastic pool,vCore,General Purpose,Provisioned,Standard-series (Gen5),vCore,4,20.8,5.1875,GA,sqldb-vcore,2017-09,2018-04,low,https://azure.microsoft.com/en-us/blog/a-flexible-new-way-to-purchase-azure-sql-database/,Announced as a new purchasing option in September 2017 and generally available in the first half of 2018. The GA month is approximate.
GP_Gen5_6,Azure SQL Database,Single database / Elastic pool,vCore,General Purpose,Provisioned,Standard-series (Gen5),vCore,6,31.1,5.1875,GA,sqldb-vcore,2017-09,2018-04,low,https://azure.microsoft.com/en-us/blog/a-flexible-new-way-to-purchase-azure-sql-database/,Announced as a new purchasing option in September 2017 and generally available in the first half of 2018. The GA month is approximate.
GP_Gen5_8,Azure SQL Database,Single database / Elastic pool,vCore,General Purpose,Provisioned,Standard-series (Gen5),vCore,8,41.5,5.1875,GA,sqldb-vcore,2017-09,2018-04,low,https://azure.microsoft.com/en-us/blog/a-flexible-new-way-to-purchase-azure-sql-database/,Announced as a new purchasing option in September 2017 and generally available in the first half of 2018. The GA month is approximate.
GP_Gen5_10,Azure SQL Database,Single database / Elastic pool,vCore,General Purpose,Provisioned,Standard-series (Gen5),vCore,10,51.9,5.1875,GA,sqldb-vcore,2017-09,2018-04,low,https://azure.microsoft.com/en-us/blog/a-flexible-new-way-to-purchase-azure-sql-database/,Announced as a new purchasing option in September 2017 and generally available in the first half of 2018. The GA month is approximate.
GP_Gen5_12,Azure SQL Database,Single database / Elastic pool,vCore,General Purpose,Provisioned,Standard-series (Gen5),vCore,12,62.2,5.1875,GA,sqldb-vcore,2017-09,2018-04,low,https://azure.microsoft.com/en-us/blog/a-flexible-new-way-to-purchase-azure-sql-database/,Announced as a new purchasing option in September 2017 and generally available in the first half of 2018. The GA month is approximate.
GP_Gen5_14,Azure SQL Database,Single database / Elastic pool,vCore,General Purpose,Provisioned,Standard-series (Gen5),vCore,14,72.6,5.1875,GA,sqldb-vcore,2017-09,2018-04,low,https://azure.microsoft.com/en-us/blog/a-flexible-new-way-to-purchase-azure-sql-database/,Announced as a new purchasing option in September 2017 and generally available in the first half of 2018. The GA month is approximate.
GP_Gen5_16,Azure SQL Database,Single database / Elastic pool,vCore,General Purpose,Provisioned,Standard-series (Gen5),vCore,16,83.0,5.1875,GA,sqldb-vcore,2017-09,2018-04,low,https://azure.microsoft.com/en-us/blog/a-flexible-new-way-to-purchase-azure-sql-database/,Announced as a new purchasing option in September 2017 and generally available in the first half of 2018. The GA month is approximate.
GP_Gen5_18,Azure SQL Database,Single database / Elastic pool,vCore,General Purpose,Provisioned,Standard-series (Gen5),vCore,18,93.4,5.1875,GA,sqldb-vcore,2017-09,2018-04,low,https://azure.microsoft.com/en-us/blog/a-flexible-new-way-to-purchase-azure-sql-database/,Announced as a new purchasing option in September 2017 and generally available in the first half of 2018. The GA month is approximate.
GP_Gen5_20,Azure SQL Database,Single database / Elastic pool,vCore,General Purpose,Provisioned,Standard-series (Gen5),vCore,20,103.8,5.1875,GA,sqldb-vcore,2017-09,2018-04,low,https://azure.microsoft.com/en-us/blog/a-flexible-new-way-to-purchase-azure-sql-database/,Announced as a new purchasing option in September 2017 and generally available in the first half of 2018. The GA month is approximate.
GP_Gen5_24,Azure SQL Database,Single database / Elastic pool,vCore,General Purpose,Provisioned,Standard-series (Gen5),vCore,24,124.5,5.1875,GA,sqldb-vcore,2017-09,2018-04,low,https://azure.microsoft.com/en-us/blog/a-flexible-new-way-to-purchase-azure-sql-database/,Announced as a new purchasing option in September 2017 and generally available in the first half of 2018. The GA month is approximate.
GP_Gen5_32,Azure SQL Database,Single database / Elastic pool,vCore,General Purpose,Provisioned,Standard-series (Gen5),vCore,32,166.0,5.1875,GA,sqldb-vcore,2017-09,2018-04,low,https://azure.microsoft.com/en-us/blog/a-flexible-new-way-to-purchase-azure-sql-database/,Announced as a new purchasing option in September 2017 and generally available in the first half of 2018. The GA month is approximate.
GP_Gen5_40,Azure SQL Database,Single database / Elastic pool,vCore,General Purpose,Provisioned,Standard-series (Gen5),vCore,40,207.5,5.1875,GA,sqldb-vcore,2017-09,2018-04,low,https://azure.microsoft.com/en-us/blog/a-flexible-new-way-to-purchase-azure-sql-database/,Announced as a new purchasing option in September 2017 and generally available in the first half of 2018. The GA month is approximate.
GP_Gen5_80,Azure SQL Database,Single database / Elastic pool,vCore,General Purpose,Provisioned,Standard-series (Gen5),vCore,80,415.0,5.1875,GA,sqldb-vcore,2017-09,2018-04,low,https://azure.microsoft.com/en-us/blog/a-flexible-new-way-to-purchase-azure-sql-database/,Announced as a new purchasing option in September 2017 and generally available in the first half of 2018. The GA month is approximate.
GP_Gen5_128,Azure SQL Database,Single database / Elastic pool,vCore,General Purpose,Provisioned,Standard-series (Gen5),vCore,128,625.0,5.1875,GA,sqldb-128-vcore,2022,2023-06,high,https://techcommunity.microsoft.com/t5/azure-sql-blog/announcing-preview-of-128-vcore-provisioned-compute-size-on/ba-p/3631211,
BC_Gen5_2,Azure SQL Database,Single database / Elastic pool,vCore,Business Critical,Provisioned,Standard-series (Gen5),vCore,2,10.4,5.1875,GA,sqldb-vcore,2017-09,2018-04,low,https://azure.microsoft.com/en-us/blog/a-flexible-new-way-to-purchase-azure-sql-database/,Announced as a new purchasing option in September 2017 and generally available in the first half of 2018. The GA month is approximate.
BC_Gen5_4,Azure SQL Database,Single database / Elastic pool,vCore,Business Critical,Provisioned,Standard-series (Gen5),vCore,4,20.8,5.1875,GA,sqldb-vcore,2017-09,2018-04,low,https://azure.microsoft.com/en-us/blog/a-flexible-new-way-to-purchase-azure-sql-database/,Announced as a new purchasing option in September 2017 and generally available in the first half of 2018. The GA month is approximate.
BC_Gen5_6,Azure SQL Database,Single database / Elastic pool,vCore,Business Critical,Provisioned,Standard-series (Gen5),vCore,6,31.1,5.1875,GA,sqldb-vcore,2017-09,2018-04,low,https://azure.microsoft.com/en-us/blog/a-flexible-new-way-to-purchase-azure-sql-database/,Announced as a new purchasing option in September 2017 and generally available in the first half of 2018. The GA month is approximate.
BC_Gen5_8,Azure SQL Database,Single database / Elastic pool,vCore,Business Critical,Provisioned,Standard-series (Gen5),vCore,8,41.5,5.1875,GA,sqldb-vcore,2017-09,2018-04,low,https://azure.microsoft.com/en-us/blog/a-flexible-new-way-to-purchase-azure-sql-database/,Announced as a new purchasing option in September 2017 and generally available in the first half of 2018. The GA month is approximate.
BC_Gen5_10,Azure SQL Database,Single database / Elastic pool,vCore,Business Critical,Provisioned,Standard-series (Gen5),vCore,10,51.9,5.1875,GA,sqldb-vcore,2017-09,2018-04,low,https://azure.microsoft.com/en-us/blog/a-flexible-new-way-to-purchase-azure-sql-database/,Announced as a new purchasing option in September 2017 and generally available in the first half of 2018. The GA month is approximate.
BC_Gen5_12,Azure SQL Database,Single database / Elastic pool,vCore,Business Critical,Provisioned,Standard-series (Gen5),vCore,12,62.2,5.1875,GA,sqldb-vcore,2017-09,2018-04,low,https://azure.microsoft.com/en-us/blog/a-flexible-new-way-to-purchase-azure-sql-database/,Announced as a new purchasing option in September 2017 and generally available in the first half of 2018. The GA month is approximate.
BC_Gen5_14,Azure SQL Database,Single database / Elastic pool,vCore,Business Critical,Provisioned,Standard-series (Gen5),vCore,14,72.6,5.1875,GA,sqldb-vcore,2017-09,2018-04,low,https://azure.microsoft.com/en-us/blog/a-flexible-new-way-to-purchase-azure-sql-database/,Announced as a new purchasing option in September 2017 and generally available in the first half of 2018. The GA month is approximate.
BC_Gen5_16,Azure SQL Database,Single database / Elastic pool,vCore,Business Critical,Provisioned,Standard-series (Gen5),vCore,16,83.0,5.1875,GA,sqldb-vcore,2017-09,2018-04,low,https://azure.microsoft.com/en-us/blog/a-flexible-new-way-to-purchase-azure-sql-database/,Announced as a new purchasing option in September 2017 and generally available in the first half of 2018. The GA month is approximate.
BC_Gen5_18,Azure SQL Database,Single database / Elastic pool,vCore,Business Critical,Provisioned,Standard-series (Gen5),vCore,18,93.4,5.1875,GA,sqldb-vcore,2017-09,2018-04,low,https://azure.microsoft.com/en-us/blog/a-flexible-new-way-to-purchase-azure-sql-database/,Announced as a new purchasing option in September 2017 and generally available in the first half of 2018. The GA month is approximate.
BC_Gen5_20,Azure SQL Database,Single database / Elastic pool,vCore,Business Critical,Provisioned,Standard-series (Gen5),vCore,20,103.8,5.1875,GA,sqldb-vcore,2017-09,2018-04,low,https://azure.microsoft.com/en-us/blog/a-flexible-new-way-to-purchase-azure-sql-database/,Announced as a new purchasing option in September 2017 and generally available in the first half of 2018. The GA month is approximate.
BC_Gen5_24,Azure SQL Database,Single database / Elastic pool,vCore,Business Critical,Provisioned,Standard-series (Gen5),vCore,24,124.5,5.1875,GA,sqldb-vcore,2017-09,2018-04,low,https://azure.microsoft.com/en-us/blog/a-flexible-new-way-to-purchase-azure-sql-database/,Announced as a new purchasing option in September 2017 and generally available in the first half of 2018. The GA month is approximate.
BC_Gen5_32,Azure SQL Database,Single database / Elastic pool,vCore,Business Critical,Provisioned,Standard-series (Gen5),vCore,32,166.0,5.1875,GA,sqldb-vcore,2017-09,2018-04,low,https://azure.microsoft.com/en-us/blog/a-flexible-new-way-to-purchase-azure-sql-database/,Announced as a new purchasing option in September 2017 and generally available in the first half of 2018. The GA month is approximate.
BC_Gen5_40,Azure SQL Database,Single database / Elastic pool,vCore,Business Critical,Provisioned,Standard-series (Gen5),vCore,40,207.5,5.1875,GA,sqldb-vcore,2017-09,2018-04,low,https://azure.microsoft.com/en-us/blog/a-flexible-new-way-to-purchase-azure-sql-database/,Announced as a new purchasing option in September 2017 and generally available in the first half of 2018. The GA month is approximate.
BC_Gen5_80,Azure SQL Database,Single database / Elastic pool,vCore,Business Critical,Provisioned,Standard-series (Gen5),vCore,80,415.0,5.1875,GA,sqldb-vcore,2017-09,2018-04,low,https://azure.microsoft.com/en-us/blog/a-flexible-new-way-to-purchase-azure-sql-database/,Announced as a new purchasing option in September 2017 and generally available in the first half of 2018. The GA month is approximate.
BC_Gen5_128,Azure SQL Database,Single database / Elastic pool,vCore,Business Critical,Provisioned,Standard-series (Gen5),vCore,128,625.0,5.1875,GA,sqldb-128-vcore,2022,2023-06,high,https://techcommunity.microsoft.com/t5/azure-sql-blog/announcing-preview-of-128-vcore-provisioned-compute-size-on/ba-p/3631211,
HS_Gen5_2,Azure SQL Database,Single database / Elastic pool,vCore,Hyperscale,Provisioned,Standard-series (Gen5),vCore,2,10.4,5.1875,GA,sqldb-hyperscale,2018-10,2019-05,medium,https://azure.microsoft.com/en-us/blog/announcing-azure-sql-database-hyperscale-public-preview/,
HS_Gen5_4,Azure SQL Database,Single database / Elastic pool,vCore,Hyperscale,Provisioned,Standard-series (Gen5),vCore,4,20.8,5.1875,GA,sqldb-hyperscale,2018-10,2019-05,medium,https://azure.microsoft.com/en-us/blog/announcing-azure-sql-database-hyperscale-public-preview/,
HS_Gen5_6,Azure SQL Database,Single database / Elastic pool,vCore,Hyperscale,Provisioned,Standard-series (Gen5),vCore,6,31.1,5.1875,GA,sqldb-hyperscale,2018-10,2019-05,medium,https://azure.microsoft.com/en-us/blog/announcing-azure-sql-database-hyperscale-public-preview/,
HS_Gen5_8,Azure SQL Database,Single database / Elastic pool,vCore,Hyperscale,Provisioned,Standard-series (Gen5),vCore,8,41.5,5.1875,GA,sqldb-hyperscale,2018-10,2019-05,medium,https://azure.microsoft.com/en-us/blog/announcing-azure-sql-database-hyperscale-public-preview/,
HS_Gen5_10,Azure SQL Database,Single database / Elastic pool,vCore,Hyperscale,Provisioned,Standard-series (Gen5),vCore,10,51.9,5.1875,GA,sqldb-hyperscale,2018-10,2019-05,medium,https://azure.microsoft.com/en-us/blog/announcing-azure-sql-database-hyperscale-public-preview/,
HS_Gen5_12,Azure SQL Database,Single database / Elastic pool,vCore,Hyperscale,Provisioned,Standard-series (Gen5),vCore,12,62.2,5.1875,GA,sqldb-hyperscale,2018-10,2019-05,medium,https://azure.microsoft.com/en-us/blog/announcing-azure-sql-database-hyperscale-public-preview/,
HS_Gen5_14,Azure SQL Database,Single database / Elastic pool,vCore,Hyperscale,Provisioned,Standard-series (Gen5),vCore,14,72.6,5.1875,GA,sqldb-hyperscale,2018-10,2019-05,medium,https://azure.microsoft.com/en-us/blog/announcing-azure-sql-database-hyperscale-public-preview/,
HS_Gen5_16,Azure SQL Database,Single database / Elastic pool,vCore,Hyperscale,Provisioned,Standard-series (Gen5),vCore,16,83.0,5.1875,GA,sqldb-hyperscale,2018-10,2019-05,medium,https://azure.microsoft.com/en-us/blog/announcing-azure-sql-database-hyperscale-public-preview/,
HS_Gen5_18,Azure SQL Database,Single database / Elastic pool,vCore,Hyperscale,Provisioned,Standard-series (Gen5),vCore,18,93.4,5.1875,GA,sqldb-hyperscale,2018-10,2019-05,medium,https://azure.microsoft.com/en-us/blog/announcing-azure-sql-database-hyperscale-public-preview/,
HS_Gen5_20,Azure SQL Database,Single database / Elastic pool,vCore,Hyperscale,Provisioned,Standard-series (Gen5),vCore,20,103.8,5.1875,GA,sqldb-hyperscale,2018-10,2019-05,medium,https://azure.microsoft.com/en-us/blog/announcing-azure-sql-database-hyperscale-public-preview/,
HS_Gen5_24,Azure SQL Database,Single database / Elastic pool,vCore,Hyperscale,Provisioned,Standard-series (Gen5),vCore,24,124.5,5.1875,GA,sqldb-hyperscale,2018-10,2019-05,medium,https://azure.microsoft.com/en-us/blog/announcing-azure-sql-database-hyperscale-public-preview/,
HS_Gen5_32,Azure SQL Database,Single database / Elastic pool,vCore,Hyperscale,Provisioned,Standard-series (Gen5),vCore,32,166.0,5.1875,GA,sqldb-hyperscale,2018-10,2019-05,medium,https://azure.microsoft.com/en-us/blog/announcing-azure-sql-database-hyperscale-public-preview/,
HS_Gen5_40,Azure SQL Database,Single database / Elastic pool,vCore,Hyperscale,Provisioned,Standard-series (Gen5),vCore,40,207.5,5.1875,GA,sqldb-hyperscale,2018-10,2019-05,medium,https://azure.microsoft.com/en-us/blog/announcing-azure-sql-database-hyperscale-public-preview/,
HS_Gen5_80,Azure SQL Database,Single database / Elastic pool,vCore,Hyperscale,Provisioned,Standard-series (Gen5),vCore,80,415.0,5.1875,GA,sqldb-hyperscale,2018-10,2019-05,medium,https://azure.microsoft.com/en-us/blog/announcing-azure-sql-database-hyperscale-public-preview/,
GP_S_Gen5_1,Azure SQL Database,Single database / Elastic pool,vCore,General Purpose,Serverless,Standard-series (Gen5),vCore,1,,,GA,sqldb-serverless,2018-11,2019-11,medium,https://learn.microsoft.com/azure/azure-sql/database/serverless-tier-overview,Serverless autoscales compute; memory scales with usage up to 24 GB per vCore (240 GB max). The number is the max vCore setting.
GP_S_Gen5_2,Azure SQL Database,Single database / Elastic pool,vCore,General Purpose,Serverless,Standard-series (Gen5),vCore,2,,,GA,sqldb-serverless,2018-11,2019-11,medium,https://learn.microsoft.com/azure/azure-sql/database/serverless-tier-overview,Serverless autoscales compute; memory scales with usage up to 24 GB per vCore (240 GB max). The number is the max vCore setting.
GP_S_Gen5_4,Azure SQL Database,Single database / Elastic pool,vCore,General Purpose,Serverless,Standard-series (Gen5),vCore,4,,,GA,sqldb-serverless,2018-11,2019-11,medium,https://learn.microsoft.com/azure/azure-sql/database/serverless-tier-overview,Serverless autoscales compute; memory scales with usage up to 24 GB per vCore (240 GB max). The number is the max vCore setting.
GP_S_Gen5_6,Azure SQL Database,Single database / Elastic pool,vCore,General Purpose,Serverless,Standard-series (Gen5),vCore,6,,,GA,sqldb-serverless,2018-11,2019-11,medium,https://learn.microsoft.com/azure/azure-sql/database/serverless-tier-overview,Serverless autoscales compute; memory scales with usage up to 24 GB per vCore (240 GB max). The number is the max vCore setting.
GP_S_Gen5_8,Azure SQL Database,Single database / Elastic pool,vCore,General Purpose,Serverless,Standard-series (Gen5),vCore,8,,,GA,sqldb-serverless,2018-11,2019-11,medium,https://learn.microsoft.com/azure/azure-sql/database/serverless-tier-overview,Serverless autoscales compute; memory scales with usage up to 24 GB per vCore (240 GB max). The number is the max vCore setting.
GP_S_Gen5_10,Azure SQL Database,Single database / Elastic pool,vCore,General Purpose,Serverless,Standard-series (Gen5),vCore,10,,,GA,sqldb-serverless,2018-11,2019-11,medium,https://learn.microsoft.com/azure/azure-sql/database/serverless-tier-overview,Serverless autoscales compute; memory scales with usage up to 24 GB per vCore (240 GB max). The number is the max vCore setting.
GP_S_Gen5_12,Azure SQL Database,Single database / Elastic pool,vCore,General Purpose,Serverless,Standard-series (Gen5),vCore,12,,,GA,sqldb-serverless,2018-11,2019-11,medium,https://learn.microsoft.com/azure/azure-sql/database/serverless-tier-overview,Serverless autoscales compute; memory scales with usage up to 24 GB per vCore (240 GB max). The number is the max vCore setting.
GP_S_Gen5_14,Azure SQL Database,Single database / Elastic pool,vCore,General Purpose,Serverless,Standard-series (Gen5),vCore,14,,,GA,sqldb-serverless,2018-11,2019-11,medium,https://learn.microsoft.com/azure/azure-sql/database/serverless-tier-overview,Serverless autoscales compute; memory scales with usage up to 24 GB per vCore (240 GB max). The number is the max vCore setting.
GP_S_Gen5_16,Azure SQL Database,Single database / Elastic pool,vCore,General Purpose,Serverless,Standard-series (Gen5),vCore,16,,,GA,sqldb-serverless,2018-11,2019-11,medium,https://learn.microsoft.com/azure/azure-sql/database/serverless-tier-overview,Serverless autoscales compute; memory scales with usage up to 24 GB per vCore (240 GB max). The number is the max vCore setting.
GP_S_Gen5_18,Azure SQL Database,Single database / Elastic pool,vCore,General Purpose,Serverless,Standard-series (Gen5),vCore,18,,,GA,sqldb-serverless,2018-11,2019-11,medium,https://learn.microsoft.com/azure/azure-sql/database/serverless-tier-overview,Serverless autoscales compute; memory scales with usage up to 24 GB per vCore (240 GB max). The number is the max vCore setting.
GP_S_Gen5_20,Azure SQL Database,Single database / Elastic pool,vCore,General Purpose,Serverless,Standard-series (Gen5),vCore,20,,,GA,sqldb-serverless,2018-11,2019-11,medium,https://learn.microsoft.com/azure/azure-sql/database/serverless-tier-overview,Serverless autoscales compute; memory scales with usage up to 24 GB per vCore (240 GB max). The number is the max vCore setting.
GP_S_Gen5_24,Azure SQL Database,Single database / Elastic pool,vCore,General Purpose,Serverless,Standard-series (Gen5),vCore,24,,,GA,sqldb-serverless,2018-11,2019-11,medium,https://learn.microsoft.com/azure/azure-sql/database/serverless-tier-overview,Serverless autoscales compute; memory scales with usage up to 24 GB per vCore (240 GB max). The number is the max vCore setting.
GP_S_Gen5_32,Azure SQL Database,Single database / Elastic pool,vCore,General Purpose,Serverless,Standard-series (Gen5),vCore,32,,,GA,sqldb-serverless,2018-11,2019-11,medium,https://learn.microsoft.com/azure/azure-sql/database/serverless-tier-overview,Serverless autoscales compute; memory scales with usage up to 24 GB per vCore (240 GB max). The number is the max vCore setting.
GP_S_Gen5_40,Azure SQL Database,Single database / Elastic pool,vCore,General Purpose,Serverless,Standard-series (Gen5),vCore,40,,,GA,sqldb-serverless,2018-11,2019-11,medium,https://learn.microsoft.com/azure/azure-sql/database/serverless-tier-overview,Serverless autoscales compute; memory scales with usage up to 24 GB per vCore (240 GB max). The number is the max vCore setting.
GP_S_Gen5_80,Azure SQL Database,Single database / Elastic pool,vCore,General Purpose,Serverless,Standard-series (Gen5),vCore,80,,,GA,sqldb-serverless,2018-11,2019-11,medium,https://learn.microsoft.com/azure/azure-sql/database/serverless-tier-overview,Serverless autoscales compute; memory scales with usage up to 24 GB per vCore (240 GB max). The number is the max vCore setting.
HS_S_Gen5_2,Azure SQL Database,Single database / Elastic pool,vCore,Hyperscale,Serverless,Standard-series (Gen5),vCore,2,,,GA,sqldb-hs-serverless,2023-02,2024-02,high,https://techcommunity.microsoft.com/blog/azuresqlblog/general-availability-serverless-for-hyperscale-in-azure-sql-database/4053589,Serverless autoscales compute; memory scales with usage up to 24 GB per vCore (240 GB max). The number is the max vCore setting.
HS_S_Gen5_4,Azure SQL Database,Single database / Elastic pool,vCore,Hyperscale,Serverless,Standard-series (Gen5),vCore,4,,,GA,sqldb-hs-serverless,2023-02,2024-02,high,https://techcommunity.microsoft.com/blog/azuresqlblog/general-availability-serverless-for-hyperscale-in-azure-sql-database/4053589,Serverless autoscales compute; memory scales with usage up to 24 GB per vCore (240 GB max). The number is the max vCore setting.
HS_S_Gen5_6,Azure SQL Database,Single database / Elastic pool,vCore,Hyperscale,Serverless,Standard-series (Gen5),vCore,6,,,GA,sqldb-hs-serverless,2023-02,2024-02,high,https://techcommunity.microsoft.com/blog/azuresqlblog/general-availability-serverless-for-hyperscale-in-azure-sql-database/4053589,Serverless autoscales compute; memory scales with usage up to 24 GB per vCore (240 GB max). The number is the max vCore setting.
HS_S_Gen5_8,Azure SQL Database,Single database / Elastic pool,vCore,Hyperscale,Serverless,Standard-series (Gen5),vCore,8,,,GA,sqldb-hs-serverless,2023-02,2024-02,high,https://techcommunity.microsoft.com/blog/azuresqlblog/general-availability-serverless-for-hyperscale-in-azure-sql-database/4053589,Serverless autoscales compute; memory scales with usage up to 24 GB per vCore (240 GB max). The number is the max vCore setting.
HS_S_Gen5_10,Azure SQL Database,Single database / Elastic pool,vCore,Hyperscale,Serverless,Standard-series (Gen5),vCore,10,,,GA,sqldb-hs-serverless,2023-02,2024-02,high,https://techcommunity.microsoft.com/blog/azuresqlblog/general-availability-serverless-for-hyperscale-in-azure-sql-database/4053589,Serverless autoscales compute; memory scales with usage up to 24 GB per vCore (240 GB max). The number is the max vCore setting.
HS_S_Gen5_12,Azure SQL Database,Single database / Elastic pool,vCore,Hyperscale,Serverless,Standard-series (Gen5),vCore,12,,,GA,sqldb-hs-serverless,2023-02,2024-02,high,https://techcommunity.microsoft.com/blog/azuresqlblog/general-availability-serverless-for-hyperscale-in-azure-sql-database/4053589,Serverless autoscales compute; memory scales with usage up to 24 GB per vCore (240 GB max). The number is the max vCore setting.
HS_S_Gen5_14,Azure SQL Database,Single database / Elastic pool,vCore,Hyperscale,Serverless,Standard-series (Gen5),vCore,14,,,GA,sqldb-hs-serverless,2023-02,2024-02,high,https://techcommunity.microsoft.com/blog/azuresqlblog/general-availability-serverless-for-hyperscale-in-azure-sql-database/4053589,Serverless autoscales compute; memory scales with usage up to 24 GB per vCore (240 GB max). The number is the max vCore setting.
HS_S_Gen5_16,Azure SQL Database,Single database / Elastic pool,vCore,Hyperscale,Serverless,Standard-series (Gen5),vCore,16,,,GA,sqldb-hs-serverless,2023-02,2024-02,high,https://techcommunity.microsoft.com/blog/azuresqlblog/general-availability-serverless-for-hyperscale-in-azure-sql-database/4053589,Serverless autoscales compute; memory scales with usage up to 24 GB per vCore (240 GB max). The number is the max vCore setting.
HS_S_Gen5_18,Azure SQL Database,Single database / Elastic pool,vCore,Hyperscale,Serverless,Standard-series (Gen5),vCore,18,,,GA,sqldb-hs-serverless,2023-02,2024-02,high,https://techcommunity.microsoft.com/blog/azuresqlblog/general-availability-serverless-for-hyperscale-in-azure-sql-database/4053589,Serverless autoscales compute; memory scales with usage up to 24 GB per vCore (240 GB max). The number is the max vCore setting.
HS_S_Gen5_20,Azure SQL Database,Single database / Elastic pool,vCore,Hyperscale,Serverless,Standard-series (Gen5),vCore,20,,,GA,sqldb-hs-serverless,2023-02,2024-02,high,https://techcommunity.microsoft.com/blog/azuresqlblog/general-availability-serverless-for-hyperscale-in-azure-sql-database/4053589,Serverless autoscales compute; memory scales with usage up to 24 GB per vCore (240 GB max). The number is the max vCore setting.
HS_S_Gen5_24,Azure SQL Database,Single database / Elastic pool,vCore,Hyperscale,Serverless,Standard-series (Gen5),vCore,24,,,GA,sqldb-hs-serverless,2023-02,2024-02,high,https://techcommunity.microsoft.com/blog/azuresqlblog/general-availability-serverless-for-hyperscale-in-azure-sql-database/4053589,Serverless autoscales compute; memory scales with usage up to 24 GB per vCore (240 GB max). The number is the max vCore setting.
HS_S_Gen5_32,Azure SQL Database,Single database / Elastic pool,vCore,Hyperscale,Serverless,Standard-series (Gen5),vCore,32,,,GA,sqldb-hs-serverless,2023-02,2024-02,high,https://techcommunity.microsoft.com/blog/azuresqlblog/general-availability-serverless-for-hyperscale-in-azure-sql-database/4053589,Serverless autoscales compute; memory scales with usage up to 24 GB per vCore (240 GB max). The number is the max vCore setting.
HS_S_Gen5_40,Azure SQL Database,Single database / Elastic pool,vCore,Hyperscale,Serverless,Standard-series (Gen5),vCore,40,,,GA,sqldb-hs-serverless,2023-02,2024-02,high,https://techcommunity.microsoft.com/blog/azuresqlblog/general-availability-serverless-for-hyperscale-in-azure-sql-database/4053589,Serverless autoscales compute; memory scales with usage up to 24 GB per vCore (240 GB max). The number is the max vCore setting.
HS_S_Gen5_80,Azure SQL Database,Single database / Elastic pool,vCore,Hyperscale,Serverless,Standard-series (Gen5),vCore,80,,,GA,sqldb-hs-serverless,2023-02,2024-02,high,https://techcommunity.microsoft.com/blog/azuresqlblog/general-availability-serverless-for-hyperscale-in-azure-sql-database/4053589,Serverless autoscales compute; memory scales with usage up to 24 GB per vCore (240 GB max). The number is the max vCore setting.
GP_Fsv2_8,Azure SQL Database,Single database / Elastic pool,vCore,General Purpose,Provisioned,Fsv2-series,vCore,8,15.2,1.9,GA,sqldb-fsv2,2019,2019,low,https://azure.microsoft.com/updates?id=485030,RETIRING: no longer available to create; retirement date 2026-10-01. Original GA year is approximate.
GP_Fsv2_10,Azure SQL Database,Single database / Elastic pool,vCore,General Purpose,Provisioned,Fsv2-series,vCore,10,19.0,1.9,GA,sqldb-fsv2,2019,2019,low,https://azure.microsoft.com/updates?id=485030,RETIRING: no longer available to create; retirement date 2026-10-01. Original GA year is approximate.
GP_Fsv2_12,Azure SQL Database,Single database / Elastic pool,vCore,General Purpose,Provisioned,Fsv2-series,vCore,12,22.8,1.9,GA,sqldb-fsv2,2019,2019,low,https://azure.microsoft.com/updates?id=485030,RETIRING: no longer available to create; retirement date 2026-10-01. Original GA year is approximate.
GP_Fsv2_14,Azure SQL Database,Single database / Elastic pool,vCore,General Purpose,Provisioned,Fsv2-series,vCore,14,26.6,1.9,GA,sqldb-fsv2,2019,2019,low,https://azure.microsoft.com/updates?id=485030,RETIRING: no longer available to create; retirement date 2026-10-01. Original GA year is approximate.
GP_Fsv2_16,Azure SQL Database,Single database / Elastic pool,vCore,General Purpose,Provisioned,Fsv2-series,vCore,16,30.4,1.9,GA,sqldb-fsv2,2019,2019,low,https://azure.microsoft.com/updates?id=485030,RETIRING: no longer available to create; retirement date 2026-10-01. Original GA year is approximate.
GP_Fsv2_18,Azure SQL Database,Single database / Elastic pool,vCore,General Purpose,Provisioned,Fsv2-series,vCore,18,34.2,1.9,GA,sqldb-fsv2,2019,2019,low,https://azure.microsoft.com/updates?id=485030,RETIRING: no longer available to create; retirement date 2026-10-01. Original GA year is approximate.
GP_Fsv2_20,Azure SQL Database,Single database / Elastic pool,vCore,General Purpose,Provisioned,Fsv2-series,vCore,20,38.0,1.9,GA,sqldb-fsv2,2019,2019,low,https://azure.microsoft.com/updates?id=485030,RETIRING: no longer available to create; retirement date 2026-10-01. Original GA year is approximate.
GP_Fsv2_24,Azure SQL Database,Single database / Elastic pool,vCore,General Purpose,Provisioned,Fsv2-series,vCore,24,45.6,1.9,GA,sqldb-fsv2,2019,2019,low,https://azure.microsoft.com/updates?id=485030,RETIRING: no longer available to create; retirement date 2026-10-01. Original GA year is approximate.
GP_Fsv2_32,Azure SQL Database,Single database / Elastic pool,vCore,General Purpose,Provisioned,Fsv2-series,vCore,32,60.8,1.9,GA,sqldb-fsv2,2019,2019,low,https://azure.microsoft.com/updates?id=485030,RETIRING: no longer available to create; retirement date 2026-10-01. Original GA year is approximate.
GP_Fsv2_36,Azure SQL Database,Single database / Elastic pool,vCore,General Purpose,Provisioned,Fsv2-series,vCore,36,68.4,1.9,GA,sqldb-fsv2,2019,2019,low,https://azure.microsoft.com/updates?id=485030,RETIRING: no longer available to create; retirement date 2026-10-01. Original GA year is approximate.
GP_Fsv2_72,Azure SQL Database,Single database / Elastic pool,vCore,General Purpose,Provisioned,Fsv2-series,vCore,72,136.0,1.9,GA,sqldb-fsv2,2019,2019,low,https://azure.microsoft.com/updates?id=485030,RETIRING: no longer available to create; retirement date 2026-10-01. Original GA year is approximate.
GP_DC_2,Azure SQL Database,Single database / Elastic pool,vCore,General Purpose,Provisioned,DC-series,vCore,2,9.0,4.5,GA,sqldb-dc-2-8,2019,2021-11,low,https://learn.microsoft.com/azure/azure-sql/database/service-tiers-sql-database-vcore,GA month reconstructed from the DC-series rollout; treat as approximate.
GP_DC_4,Azure SQL Database,Single database / Elastic pool,vCore,General Purpose,Provisioned,DC-series,vCore,4,18.0,4.5,GA,sqldb-dc-2-8,2019,2021-11,low,https://learn.microsoft.com/azure/azure-sql/database/service-tiers-sql-database-vcore,GA month reconstructed from the DC-series rollout; treat as approximate.
GP_DC_6,Azure SQL Database,Single database / Elastic pool,vCore,General Purpose,Provisioned,DC-series,vCore,6,27.0,4.5,GA,sqldb-dc-2-8,2019,2021-11,low,https://learn.microsoft.com/azure/azure-sql/database/service-tiers-sql-database-vcore,GA month reconstructed from the DC-series rollout; treat as approximate.
GP_DC_8,Azure SQL Database,Single database / Elastic pool,vCore,General Purpose,Provisioned,DC-series,vCore,8,36.0,4.5,GA,sqldb-dc-2-8,2019,2021-11,low,https://learn.microsoft.com/azure/azure-sql/database/service-tiers-sql-database-vcore,GA month reconstructed from the DC-series rollout; treat as approximate.
GP_DC_10,Azure SQL Database,Single database / Elastic pool,vCore,General Purpose,Provisioned,DC-series,vCore,10,45.0,4.5,GA,sqldb-dc-10-40,2023-07,2023-11,high,https://learn.microsoft.com/azure/azure-sql/database/doc-changes-updates-release-notes-whats-new-archive,
GP_DC_12,Azure SQL Database,Single database / Elastic pool,vCore,General Purpose,Provisioned,DC-series,vCore,12,54.0,4.5,GA,sqldb-dc-10-40,2023-07,2023-11,high,https://learn.microsoft.com/azure/azure-sql/database/doc-changes-updates-release-notes-whats-new-archive,
GP_DC_14,Azure SQL Database,Single database / Elastic pool,vCore,General Purpose,Provisioned,DC-series,vCore,14,63.0,4.5,GA,sqldb-dc-10-40,2023-07,2023-11,high,https://learn.microsoft.com/azure/azure-sql/database/doc-changes-updates-release-notes-whats-new-archive,
GP_DC_16,Azure SQL Database,Single database / Elastic pool,vCore,General Purpose,Provisioned,DC-series,vCore,16,72.0,4.5,GA,sqldb-dc-10-40,2023-07,2023-11,high,https://learn.microsoft.com/azure/azure-sql/database/doc-changes-updates-release-notes-whats-new-archive,
GP_DC_18,Azure SQL Database,Single database / Elastic pool,vCore,General Purpose,Provisioned,DC-series,vCore,18,81.0,4.5,GA,sqldb-dc-10-40,2023-07,2023-11,high,https://learn.microsoft.com/azure/azure-sql/database/doc-changes-updates-release-notes-whats-new-archive,
GP_DC_20,Azure SQL Database,Single database / Elastic pool,vCore,General Purpose,Provisioned,DC-series,vCore,20,90.0,4.5,GA,sqldb-dc-10-40,2023-07,2023-11,high,https://learn.microsoft.com/azure/azure-sql/database/doc-changes-updates-release-notes-whats-new-archive,
GP_DC_32,Azure SQL Database,Single database / Elastic pool,vCore,General Purpose,Provisioned,DC-series,vCore,32,144.0,4.5,GA,sqldb-dc-10-40,2023-07,2023-11,high,https://learn.microsoft.com/azure/azure-sql/database/doc-changes-updates-release-notes-whats-new-archive,
GP_DC_40,Azure SQL Database,Single database / Elastic pool,vCore,General Purpose,Provisioned,DC-series,vCore,40,180.0,4.5,GA,sqldb-dc-10-40,2023-07,2023-11,high,https://learn.microsoft.com/azure/azure-sql/database/doc-changes-updates-release-notes-whats-new-archive,
BC_DC_2,Azure SQL Database,Single database / Elastic pool,vCore,Business Critical,Provisioned,DC-series,vCore,2,9.0,4.5,GA,sqldb-dc-2-8,2019,2021-11,low,https://learn.microsoft.com/azure/azure-sql/database/service-tiers-sql-database-vcore,GA month reconstructed from the DC-series rollout; treat as approximate.
BC_DC_4,Azure SQL Database,Single database / Elastic pool,vCore,Business Critical,Provisioned,DC-series,vCore,4,18.0,4.5,GA,sqldb-dc-2-8,2019,2021-11,low,https://learn.microsoft.com/azure/azure-sql/database/service-tiers-sql-database-vcore,GA month reconstructed from the DC-series rollout; treat as approximate.
BC_DC_6,Azure SQL Database,Single database / Elastic pool,vCore,Business Critical,Provisioned,DC-series,vCore,6,27.0,4.5,GA,sqldb-dc-2-8,2019,2021-11,low,https://learn.microsoft.com/azure/azure-sql/database/service-tiers-sql-database-vcore,GA month reconstructed from the DC-series rollout; treat as approximate.
BC_DC_8,Azure SQL Database,Single database / Elastic pool,vCore,Business Critical,Provisioned,DC-series,vCore,8,36.0,4.5,GA,sqldb-dc-2-8,2019,2021-11,low,https://learn.microsoft.com/azure/azure-sql/database/service-tiers-sql-database-vcore,GA month reconstructed from the DC-series rollout; treat as approximate.
BC_DC_10,Azure SQL Database,Single database / Elastic pool,vCore,Business Critical,Provisioned,DC-series,vCore,10,45.0,4.5,GA,sqldb-dc-10-40,2023-07,2023-11,high,https://learn.microsoft.com/azure/azure-sql/database/doc-changes-updates-release-notes-whats-new-archive,
BC_DC_12,Azure SQL Database,Single database / Elastic pool,vCore,Business Critical,Provisioned,DC-series,vCore,12,54.0,4.5,GA,sqldb-dc-10-40,2023-07,2023-11,high,https://learn.microsoft.com/azure/azure-sql/database/doc-changes-updates-release-notes-whats-new-archive,
BC_DC_14,Azure SQL Database,Single database / Elastic pool,vCore,Business Critical,Provisioned,DC-series,vCore,14,63.0,4.5,GA,sqldb-dc-10-40,2023-07,2023-11,high,https://learn.microsoft.com/azure/azure-sql/database/doc-changes-updates-release-notes-whats-new-archive,
BC_DC_16,Azure SQL Database,Single database / Elastic pool,vCore,Business Critical,Provisioned,DC-series,vCore,16,72.0,4.5,GA,sqldb-dc-10-40,2023-07,2023-11,high,https://learn.microsoft.com/azure/azure-sql/database/doc-changes-updates-release-notes-whats-new-archive,
BC_DC_18,Azure SQL Database,Single database / Elastic pool,vCore,Business Critical,Provisioned,DC-series,vCore,18,81.0,4.5,GA,sqldb-dc-10-40,2023-07,2023-11,high,https://learn.microsoft.com/azure/azure-sql/database/doc-changes-updates-release-notes-whats-new-archive,
BC_DC_20,Azure SQL Database,Single database / Elastic pool,vCore,Business Critical,Provisioned,DC-series,vCore,20,90.0,4.5,GA,sqldb-dc-10-40,2023-07,2023-11,high,https://learn.microsoft.com/azure/azure-sql/database/doc-changes-updates-release-notes-whats-new-archive,
BC_DC_32,Azure SQL Database,Single database / Elastic pool,vCore,Business Critical,Provisioned,DC-series,vCore,32,144.0,4.5,GA,sqldb-dc-10-40,2023-07,2023-11,high,https://learn.microsoft.com/azure/azure-sql/database/doc-changes-updates-release-notes-whats-new-archive,
BC_DC_40,Azure SQL Database,Single database / Elastic pool,vCore,Business Critical,Provisioned,DC-series,vCore,40,180.0,4.5,GA,sqldb-dc-10-40,2023-07,2023-11,high,https://learn.microsoft.com/azure/azure-sql/database/doc-changes-updates-release-notes-whats-new-archive,
HS_DC_2,Azure SQL Database,Single database / Elastic pool,vCore,Hyperscale,Provisioned,DC-series,vCore,2,9.0,4.5,GA,sqldb-dc-2-8,2019,2021-11,low,https://learn.microsoft.com/azure/azure-sql/database/service-tiers-sql-database-vcore,GA month reconstructed from the DC-series rollout; treat as approximate.
HS_DC_4,Azure SQL Database,Single database / Elastic pool,vCore,Hyperscale,Provisioned,DC-series,vCore,4,18.0,4.5,GA,sqldb-dc-2-8,2019,2021-11,low,https://learn.microsoft.com/azure/azure-sql/database/service-tiers-sql-database-vcore,GA month reconstructed from the DC-series rollout; treat as approximate.
HS_DC_6,Azure SQL Database,Single database / Elastic pool,vCore,Hyperscale,Provisioned,DC-series,vCore,6,27.0,4.5,GA,sqldb-dc-2-8,2019,2021-11,low,https://learn.microsoft.com/azure/azure-sql/database/service-tiers-sql-database-vcore,GA month reconstructed from the DC-series rollout; treat as approximate.
HS_DC_8,Azure SQL Database,Single database / Elastic pool,vCore,Hyperscale,Provisioned,DC-series,vCore,8,36.0,4.5,GA,sqldb-dc-2-8,2019,2021-11,low,https://learn.microsoft.com/azure/azure-sql/database/service-tiers-sql-database-vcore,GA month reconstructed from the DC-series rollout; treat as approximate.
HS_DC_10,Azure SQL Database,Single database / Elastic pool,vCore,Hyperscale,Provisioned,DC-series,vCore,10,45.0,4.5,GA,sqldb-dc-10-40,2023-07,2023-11,high,https://learn.microsoft.com/azure/azure-sql/database/doc-changes-updates-release-notes-whats-new-archive,
HS_DC_12,Azure SQL Database,Single database / Elastic pool,vCore,Hyperscale,Provisioned,DC-series,vCore,12,54.0,4.5,GA,sqldb-dc-10-40,2023-07,2023-11,high,https://learn.microsoft.com/azure/azure-sql/database/doc-changes-updates-release-notes-whats-new-archive,
HS_DC_14,Azure SQL Database,Single database / Elastic pool,vCore,Hyperscale,Provisioned,DC-series,vCore,14,63.0,4.5,GA,sqldb-dc-10-40,2023-07,2023-11,high,https://learn.microsoft.com/azure/azure-sql/database/doc-changes-updates-release-notes-whats-new-archive,
HS_DC_16,Azure SQL Database,Single database / Elastic pool,vCore,Hyperscale,Provisioned,DC-series,vCore,16,72.0,4.5,GA,sqldb-dc-10-40,2023-07,2023-11,high,https://learn.microsoft.com/azure/azure-sql/database/doc-changes-updates-release-notes-whats-new-archive,
HS_DC_18,Azure SQL Database,Single database / Elastic pool,vCore,Hyperscale,Provisioned,DC-series,vCore,18,81.0,4.5,GA,sqldb-dc-10-40,2023-07,2023-11,high,https://learn.microsoft.com/azure/azure-sql/database/doc-changes-updates-release-notes-whats-new-archive,
HS_DC_20,Azure SQL Database,Single database / Elastic pool,vCore,Hyperscale,Provisioned,DC-series,vCore,20,90.0,4.5,GA,sqldb-dc-10-40,2023-07,2023-11,high,https://learn.microsoft.com/azure/azure-sql/database/doc-changes-updates-release-notes-whats-new-archive,
HS_DC_32,Azure SQL Database,Single database / Elastic pool,vCore,Hyperscale,Provisioned,DC-series,vCore,32,144.0,4.5,GA,sqldb-dc-10-40,2023-07,2023-11,high,https://learn.microsoft.com/azure/azure-sql/database/doc-changes-updates-release-notes-whats-new-archive,
HS_DC_40,Azure SQL Database,Single database / Elastic pool,vCore,Hyperscale,Provisioned,DC-series,vCore,40,180.0,4.5,GA,sqldb-dc-10-40,2023-07,2023-11,high,https://learn.microsoft.com/azure/azure-sql/database/doc-changes-updates-release-notes-whats-new-archive,
HS_PRMS_2,Azure SQL Database,Single database / Elastic pool,vCore,Hyperscale,Provisioned,Premium-series,vCore,2,10.4,5.1875,GA,sqldb-hs-premium,2022,2023-07,high,https://aka.ms/AAiq28n,
HS_PRMS_4,Azure SQL Database,Single database / Elastic pool,vCore,Hyperscale,Provisioned,Premium-series,vCore,4,20.8,5.1875,GA,sqldb-hs-premium,2022,2023-07,high,https://aka.ms/AAiq28n,
HS_PRMS_6,Azure SQL Database,Single database / Elastic pool,vCore,Hyperscale,Provisioned,Premium-series,vCore,6,31.1,5.1875,GA,sqldb-hs-premium,2022,2023-07,high,https://aka.ms/AAiq28n,
HS_PRMS_8,Azure SQL Database,Single database / Elastic pool,vCore,Hyperscale,Provisioned,Premium-series,vCore,8,41.5,5.1875,GA,sqldb-hs-premium,2022,2023-07,high,https://aka.ms/AAiq28n,
HS_PRMS_10,Azure SQL Database,Single database / Elastic pool,vCore,Hyperscale,Provisioned,Premium-series,vCore,10,51.9,5.1875,GA,sqldb-hs-premium,2022,2023-07,high,https://aka.ms/AAiq28n,
HS_PRMS_12,Azure SQL Database,Single database / Elastic pool,vCore,Hyperscale,Provisioned,Premium-series,vCore,12,62.2,5.1875,GA,sqldb-hs-premium,2022,2023-07,high,https://aka.ms/AAiq28n,
HS_PRMS_14,Azure SQL Database,Single database / Elastic pool,vCore,Hyperscale,Provisioned,Premium-series,vCore,14,72.6,5.1875,GA,sqldb-hs-premium,2022,2023-07,high,https://aka.ms/AAiq28n,
HS_PRMS_16,Azure SQL Database,Single database / Elastic pool,vCore,Hyperscale,Provisioned,Premium-series,vCore,16,83.0,5.1875,GA,sqldb-hs-premium,2022,2023-07,high,https://aka.ms/AAiq28n,
HS_PRMS_18,Azure SQL Database,Single database / Elastic pool,vCore,Hyperscale,Provisioned,Premium-series,vCore,18,93.4,5.1875,GA,sqldb-hs-premium,2022,2023-07,high,https://aka.ms/AAiq28n,
HS_PRMS_20,Azure SQL Database,Single database / Elastic pool,vCore,Hyperscale,Provisioned,Premium-series,vCore,20,103.8,5.1875,GA,sqldb-hs-premium,2022,2023-07,high,https://aka.ms/AAiq28n,
HS_PRMS_24,Azure SQL Database,Single database / Elastic pool,vCore,Hyperscale,Provisioned,Premium-series,vCore,24,124.5,5.1875,GA,sqldb-hs-premium,2022,2023-07,high,https://aka.ms/AAiq28n,
HS_PRMS_32,Azure SQL Database,Single database / Elastic pool,vCore,Hyperscale,Provisioned,Premium-series,vCore,32,166.0,5.1875,GA,sqldb-hs-premium,2022,2023-07,high,https://aka.ms/AAiq28n,
HS_PRMS_40,Azure SQL Database,Single database / Elastic pool,vCore,Hyperscale,Provisioned,Premium-series,vCore,40,207.5,5.1875,GA,sqldb-hs-premium,2022,2023-07,high,https://aka.ms/AAiq28n,
HS_PRMS_64,Azure SQL Database,Single database / Elastic pool,vCore,Hyperscale,Provisioned,Premium-series,vCore,64,332.0,5.1875,GA,sqldb-hs-premium-64,,2023-06,high,https://learn.microsoft.com/azure/azure-sql/database/doc-changes-updates-release-notes-whats-new-archive,
HS_PRMS_80,Azure SQL Database,Single database / Elastic pool,vCore,Hyperscale,Provisioned,Premium-series,vCore,80,415.0,5.1875,GA,sqldb-hs-premium,2022,2023-07,high,https://aka.ms/AAiq28n,
HS_PRMS_128,Azure SQL Database,Single database / Elastic pool,vCore,Hyperscale,Provisioned,Premium-series,vCore,128,664.0,5.1875,GA,sqldb-hs-premium,2022,2023-07,high,https://aka.ms/AAiq28n,
HS_PRMS_160,Azure SQL Database,Single database / Elastic pool,vCore,Hyperscale,Provisioned,Premium-series,vCore,160,830.0,5.1875,Preview,sqldb-hs-premium-160-192,2026-03,,high,https://techcommunity.microsoft.com/blog/azuresqlblog/announcing-preview-of-160-and-192vcore-premium-series-options-for-azure-sql-data/4501367,Preview only as of the catalog date. Available for single databases and Hyperscale elastic pools.
HS_PRMS_192,Azure SQL Database,Single database / Elastic pool,vCore,Hyperscale,Provisioned,Premium-series,vCore,192,996.0,5.1875,Preview,sqldb-hs-premium-160-192,2026-03,,high,https://techcommunity.microsoft.com/blog/azuresqlblog/announcing-preview-of-160-and-192vcore-premium-series-options-for-azure-sql-data/4501367,Preview only as of the catalog date. Available for single databases and Hyperscale elastic pools.
HS_MOPRMS_2,Azure SQL Database,Single database / Elastic pool,vCore,Hyperscale,Provisioned,Premium-series memory optimized,vCore,2,20.8,10.375,GA,sqldb-hs-premium,2022,2023-07,high,https://aka.ms/AAiq28n,
HS_MOPRMS_4,Azure SQL Database,Single database / Elastic pool,vCore,Hyperscale,Provisioned,Premium-series memory optimized,vCore,4,41.5,10.375,GA,sqldb-hs-premium,2022,2023-07,high,https://aka.ms/AAiq28n,
HS_MOPRMS_6,Azure SQL Database,Single database / Elastic pool,vCore,Hyperscale,Provisioned,Premium-series memory optimized,vCore,6,62.2,10.375,GA,sqldb-hs-premium,2022,2023-07,high,https://aka.ms/AAiq28n,
HS_MOPRMS_8,Azure SQL Database,Single database / Elastic pool,vCore,Hyperscale,Provisioned,Premium-series memory optimized,vCore,8,83.0,10.375,GA,sqldb-hs-premium,2022,2023-07,high,https://aka.ms/AAiq28n,
HS_MOPRMS_10,Azure SQL Database,Single database / Elastic pool,vCore,Hyperscale,Provisioned,Premium-series memory optimized,vCore,10,103.8,10.375,GA,sqldb-hs-premium,2022,2023-07,high,https://aka.ms/AAiq28n,
HS_MOPRMS_12,Azure SQL Database,Single database / Elastic pool,vCore,Hyperscale,Provisioned,Premium-series memory optimized,vCore,12,124.5,10.375,GA,sqldb-hs-premium,2022,2023-07,high,https://aka.ms/AAiq28n,
HS_MOPRMS_14,Azure SQL Database,Single database / Elastic pool,vCore,Hyperscale,Provisioned,Premium-series memory optimized,vCore,14,145.2,10.375,GA,sqldb-hs-premium,2022,2023-07,high,https://aka.ms/AAiq28n,
HS_MOPRMS_16,Azure SQL Database,Single database / Elastic pool,vCore,Hyperscale,Provisioned,Premium-series memory optimized,vCore,16,166.0,10.375,GA,sqldb-hs-premium,2022,2023-07,high,https://aka.ms/AAiq28n,
HS_MOPRMS_18,Azure SQL Database,Single database / Elastic pool,vCore,Hyperscale,Provisioned,Premium-series memory optimized,vCore,18,186.8,10.375,GA,sqldb-hs-premium,2022,2023-07,high,https://aka.ms/AAiq28n,
HS_MOPRMS_20,Azure SQL Database,Single database / Elastic pool,vCore,Hyperscale,Provisioned,Premium-series memory optimized,vCore,20,207.5,10.375,GA,sqldb-hs-premium,2022,2023-07,high,https://aka.ms/AAiq28n,
HS_MOPRMS_24,Azure SQL Database,Single database / Elastic pool,vCore,Hyperscale,Provisioned,Premium-series memory optimized,vCore,24,249.0,10.375,GA,sqldb-hs-premium,2022,2023-07,high,https://aka.ms/AAiq28n,
HS_MOPRMS_32,Azure SQL Database,Single database / Elastic pool,vCore,Hyperscale,Provisioned,Premium-series memory optimized,vCore,32,332.0,10.375,GA,sqldb-hs-premium,2022,2023-07,high,https://aka.ms/AAiq28n,
HS_MOPRMS_40,Azure SQL Database,Single database / Elastic pool,vCore,Hyperscale,Provisioned,Premium-series memory optimized,vCore,40,415.0,10.375,GA,sqldb-hs-premium,2022,2023-07,high,https://aka.ms/AAiq28n,
HS_MOPRMS_64,Azure SQL Database,Single database / Elastic pool,vCore,Hyperscale,Provisioned,Premium-series memory optimized,vCore,64,664.0,10.375,GA,sqldb-hs-premium-64,,2023-06,high,https://learn.microsoft.com/azure/azure-sql/database/doc-changes-updates-release-notes-whats-new-archive,
HS_MOPRMS_80,Azure SQL Database,Single database / Elastic pool,vCore,Hyperscale,Provisioned,Premium-series memory optimized,vCore,80,830.0,10.375,GA,sqldb-hs-premium,2022,2023-07,high,https://aka.ms/AAiq28n,
GP_Gen5 (2 vCores),Azure SQL Managed Instance,Managed instance,vCore,General Purpose,Provisioned,Standard-series (Gen5),vCore,2,10.2,5.1,GA,mi-ga,2018-03,2018-10-01,medium,https://learn.microsoft.com/azure/azure-sql/managed-instance/sql-managed-instance-paas-overview,"2 vCores can only be deployed inside an instance pool. ARM sku name 'GP_Gen5', family 'Gen5', capacity 2."
GP_Gen5 (4 vCores),Azure SQL Managed Instance,Managed instance,vCore,General Purpose,Provisioned,Standard-series (Gen5),vCore,4,20.4,5.1,GA,mi-ga,2018-03,2018-10-01,medium,https://learn.microsoft.com/azure/azure-sql/managed-instance/sql-managed-instance-paas-overview,"ARM sku name 'GP_Gen5', family 'Gen5', capacity 4."
GP_Gen5 (8 vCores),Azure SQL Managed Instance,Managed instance,vCore,General Purpose,Provisioned,Standard-series (Gen5),vCore,8,40.8,5.1,GA,mi-ga,2018-03,2018-10-01,medium,https://learn.microsoft.com/azure/azure-sql/managed-instance/sql-managed-instance-paas-overview,"ARM sku name 'GP_Gen5', family 'Gen5', capacity 8."
GP_Gen5 (16 vCores),Azure SQL Managed Instance,Managed instance,vCore,General Purpose,Provisioned,Standard-series (Gen5),vCore,16,81.6,5.1,GA,mi-ga,2018-03,2018-10-01,medium,https://learn.microsoft.com/azure/azure-sql/managed-instance/sql-managed-instance-paas-overview,"ARM sku name 'GP_Gen5', family 'Gen5', capacity 16."
GP_Gen5 (24 vCores),Azure SQL Managed Instance,Managed instance,vCore,General Purpose,Provisioned,Standard-series (Gen5),vCore,24,122.4,5.1,GA,mi-ga,2018-03,2018-10-01,medium,https://learn.microsoft.com/azure/azure-sql/managed-instance/sql-managed-instance-paas-overview,"ARM sku name 'GP_Gen5', family 'Gen5', capacity 24."
GP_Gen5 (32 vCores),Azure SQL Managed Instance,Managed instance,vCore,General Purpose,Provisioned,Standard-series (Gen5),vCore,32,163.2,5.1,GA,mi-ga,2018-03,2018-10-01,medium,https://learn.microsoft.com/azure/azure-sql/managed-instance/sql-managed-instance-paas-overview,"ARM sku name 'GP_Gen5', family 'Gen5', capacity 32."
GP_Gen5 (40 vCores),Azure SQL Managed Instance,Managed instance,vCore,General Purpose,Provisioned,Standard-series (Gen5),vCore,40,204.0,5.1,GA,mi-ga,2018-03,2018-10-01,medium,https://learn.microsoft.com/azure/azure-sql/managed-instance/sql-managed-instance-paas-overview,"ARM sku name 'GP_Gen5', family 'Gen5', capacity 40."
GP_Gen5 (64 vCores),Azure SQL Managed Instance,Managed instance,vCore,General Purpose,Provisioned,Standard-series (Gen5),vCore,64,326.4,5.1,GA,mi-ga,2018-03,2018-10-01,medium,https://learn.microsoft.com/azure/azure-sql/managed-instance/sql-managed-instance-paas-overview,"ARM sku name 'GP_Gen5', family 'Gen5', capacity 64."
GP_Gen5 (80 vCores),Azure SQL Managed Instance,Managed instance,vCore,General Purpose,Provisioned,Standard-series (Gen5),vCore,80,408.0,5.1,GA,mi-ga,2018-03,2018-10-01,medium,https://learn.microsoft.com/azure/azure-sql/managed-instance/sql-managed-instance-paas-overview,"ARM sku name 'GP_Gen5', family 'Gen5', capacity 80."
BC_Gen5 (4 vCores),Azure SQL Managed Instance,Managed instance,vCore,Business Critical,Provisioned,Standard-series (Gen5),vCore,4,20.4,5.1,GA,mi-ga,2018-03,2018-10-01,medium,https://learn.microsoft.com/azure/azure-sql/managed-instance/sql-managed-instance-paas-overview,"ARM sku name 'BC_Gen5', family 'Gen5', capacity 4."
BC_Gen5 (8 vCores),Azure SQL Managed Instance,Managed instance,vCore,Business Critical,Provisioned,Standard-series (Gen5),vCore,8,40.8,5.1,GA,mi-ga,2018-03,2018-10-01,medium,https://learn.microsoft.com/azure/azure-sql/managed-instance/sql-managed-instance-paas-overview,"ARM sku name 'BC_Gen5', family 'Gen5', capacity 8."
BC_Gen5 (16 vCores),Azure SQL Managed Instance,Managed instance,vCore,Business Critical,Provisioned,Standard-series (Gen5),vCore,16,81.6,5.1,GA,mi-ga,2018-03,2018-10-01,medium,https://learn.microsoft.com/azure/azure-sql/managed-instance/sql-managed-instance-paas-overview,"ARM sku name 'BC_Gen5', family 'Gen5', capacity 16."
BC_Gen5 (24 vCores),Azure SQL Managed Instance,Managed instance,vCore,Business Critical,Provisioned,Standard-series (Gen5),vCore,24,122.4,5.1,GA,mi-ga,2018-03,2018-10-01,medium,https://learn.microsoft.com/azure/azure-sql/managed-instance/sql-managed-instance-paas-overview,"ARM sku name 'BC_Gen5', family 'Gen5', capacity 24."
BC_Gen5 (32 vCores),Azure SQL Managed Instance,Managed instance,vCore,Business Critical,Provisioned,Standard-series (Gen5),vCore,32,163.2,5.1,GA,mi-ga,2018-03,2018-10-01,medium,https://learn.microsoft.com/azure/azure-sql/managed-instance/sql-managed-instance-paas-overview,"ARM sku name 'BC_Gen5', family 'Gen5', capacity 32."
BC_Gen5 (40 vCores),Azure SQL Managed Instance,Managed instance,vCore,Business Critical,Provisioned,Standard-series (Gen5),vCore,40,204.0,5.1,GA,mi-ga,2018-03,2018-10-01,medium,https://learn.microsoft.com/azure/azure-sql/managed-instance/sql-managed-instance-paas-overview,"ARM sku name 'BC_Gen5', family 'Gen5', capacity 40."
BC_Gen5 (64 vCores),Azure SQL Managed Instance,Managed instance,vCore,Business Critical,Provisioned,Standard-series (Gen5),vCore,64,326.4,5.1,GA,mi-ga,2018-03,2018-10-01,medium,https://learn.microsoft.com/azure/azure-sql/managed-instance/sql-managed-instance-paas-overview,"ARM sku name 'BC_Gen5', family 'Gen5', capacity 64."
BC_Gen5 (80 vCores),Azure SQL Managed Instance,Managed instance,vCore,Business Critical,Provisioned,Standard-series (Gen5),vCore,80,408.0,5.1,GA,mi-ga,2018-03,2018-10-01,medium,https://learn.microsoft.com/azure/azure-sql/managed-instance/sql-managed-instance-paas-overview,"ARM sku name 'BC_Gen5', family 'Gen5', capacity 80."
GP_G8IM (2 vCores),Azure SQL Managed Instance,Managed instance,vCore,General Purpose,Provisioned,Premium-series,vCore,2,14.0,7.0,GA,mi-premium-series,2021-11,2022-07-19,high,https://techcommunity.microsoft.com/t5/azure-sql-blog/announcing-the-general-availability-of-premium-series-hardware/ba-p/3576737,"2 vCores can only be deployed inside an instance pool. ARM sku name 'GP_G8IM', family 'G8IM', capacity 2."
GP_G8IM (4 vCores),Azure SQL Managed Instance,Managed instance,vCore,General Purpose,Provisioned,Premium-series,vCore,4,28.0,7.0,GA,mi-premium-series,2021-11,2022-07-19,high,https://techcommunity.microsoft.com/t5/azure-sql-blog/announcing-the-general-availability-of-premium-series-hardware/ba-p/3576737,"ARM sku name 'GP_G8IM', family 'G8IM', capacity 4."
GP_G8IM (8 vCores),Azure SQL Managed Instance,Managed instance,vCore,General Purpose,Provisioned,Premium-series,vCore,8,56.0,7.0,GA,mi-premium-series,2021-11,2022-07-19,high,https://techcommunity.microsoft.com/t5/azure-sql-blog/announcing-the-general-availability-of-premium-series-hardware/ba-p/3576737,"ARM sku name 'GP_G8IM', family 'G8IM', capacity 8."
GP_G8IM (16 vCores),Azure SQL Managed Instance,Managed instance,vCore,General Purpose,Provisioned,Premium-series,vCore,16,112.0,7.0,GA,mi-premium-series,2021-11,2022-07-19,high,https://techcommunity.microsoft.com/t5/azure-sql-blog/announcing-the-general-availability-of-premium-series-hardware/ba-p/3576737,"ARM sku name 'GP_G8IM', family 'G8IM', capacity 16."
GP_G8IM (24 vCores),Azure SQL Managed Instance,Managed instance,vCore,General Purpose,Provisioned,Premium-series,vCore,24,168.0,7.0,GA,mi-premium-series,2021-11,2022-07-19,high,https://techcommunity.microsoft.com/t5/azure-sql-blog/announcing-the-general-availability-of-premium-series-hardware/ba-p/3576737,"ARM sku name 'GP_G8IM', family 'G8IM', capacity 24."
GP_G8IM (32 vCores),Azure SQL Managed Instance,Managed instance,vCore,General Purpose,Provisioned,Premium-series,vCore,32,224.0,7.0,GA,mi-premium-series,2021-11,2022-07-19,high,https://techcommunity.microsoft.com/t5/azure-sql-blog/announcing-the-general-availability-of-premium-series-hardware/ba-p/3576737,"ARM sku name 'GP_G8IM', family 'G8IM', capacity 32."
GP_G8IM (40 vCores),Azure SQL Managed Instance,Managed instance,vCore,General Purpose,Provisioned,Premium-series,vCore,40,280.0,7.0,GA,mi-premium-series,2021-11,2022-07-19,high,https://techcommunity.microsoft.com/t5/azure-sql-blog/announcing-the-general-availability-of-premium-series-hardware/ba-p/3576737,"ARM sku name 'GP_G8IM', family 'G8IM', capacity 40."
GP_G8IM (64 vCores),Azure SQL Managed Instance,Managed instance,vCore,General Purpose,Provisioned,Premium-series,vCore,64,448.0,7.0,GA,mi-premium-series,2021-11,2022-07-19,high,https://techcommunity.microsoft.com/t5/azure-sql-blog/announcing-the-general-availability-of-premium-series-hardware/ba-p/3576737,"ARM sku name 'GP_G8IM', family 'G8IM', capacity 64."
GP_G8IM (80 vCores),Azure SQL Managed Instance,Managed instance,vCore,General Purpose,Provisioned,Premium-series,vCore,80,560.0,7.0,GA,mi-premium-series,2021-11,2022-07-19,high,https://techcommunity.microsoft.com/t5/azure-sql-blog/announcing-the-general-availability-of-premium-series-hardware/ba-p/3576737,"ARM sku name 'GP_G8IM', family 'G8IM', capacity 80."
BC_G8IM (4 vCores),Azure SQL Managed Instance,Managed instance,vCore,Business Critical,Provisioned,Premium-series,vCore,4,28.0,7.0,GA,mi-premium-series,2021-11,2022-07-19,high,https://techcommunity.microsoft.com/t5/azure-sql-blog/announcing-the-general-availability-of-premium-series-hardware/ba-p/3576737,"ARM sku name 'BC_G8IM', family 'G8IM', capacity 4."
BC_G8IM (6 vCores),Azure SQL Managed Instance,Managed instance,vCore,Business Critical,Provisioned,Premium-series,vCore,6,42.0,7.0,GA,mi-extra-vcores,,2024-01,medium,https://learn.microsoft.com/azure/azure-sql/managed-instance/resource-limits,"ARM sku name 'BC_G8IM', family 'G8IM', capacity 6."
BC_G8IM (8 vCores),Azure SQL Managed Instance,Managed instance,vCore,Business Critical,Provisioned,Premium-series,vCore,8,56.0,7.0,GA,mi-premium-series,2021-11,2022-07-19,high,https://techcommunity.microsoft.com/t5/azure-sql-blog/announcing-the-general-availability-of-premium-series-hardware/ba-p/3576737,"ARM sku name 'BC_G8IM', family 'G8IM', capacity 8."
BC_G8IM (10 vCores),Azure SQL Managed Instance,Managed instance,vCore,Business Critical,Provisioned,Premium-series,vCore,10,70.0,7.0,GA,mi-extra-vcores,,2024-01,medium,https://learn.microsoft.com/azure/azure-sql/managed-instance/resource-limits,"ARM sku name 'BC_G8IM', family 'G8IM', capacity 10."
BC_G8IM (12 vCores),Azure SQL Managed Instance,Managed instance,vCore,Business Critical,Provisioned,Premium-series,vCore,12,84.0,7.0,GA,mi-extra-vcores,,2024-01,medium,https://learn.microsoft.com/azure/azure-sql/managed-instance/resource-limits,"ARM sku name 'BC_G8IM', family 'G8IM', capacity 12."
BC_G8IM (16 vCores),Azure SQL Managed Instance,Managed instance,vCore,Business Critical,Provisioned,Premium-series,vCore,16,112.0,7.0,GA,mi-premium-series,2021-11,2022-07-19,high,https://techcommunity.microsoft.com/t5/azure-sql-blog/announcing-the-general-availability-of-premium-series-hardware/ba-p/3576737,"ARM sku name 'BC_G8IM', family 'G8IM', capacity 16."
BC_G8IM (20 vCores),Azure SQL Managed Instance,Managed instance,vCore,Business Critical,Provisioned,Premium-series,vCore,20,140.0,7.0,GA,mi-extra-vcores,,2024-01,medium,https://learn.microsoft.com/azure/azure-sql/managed-instance/resource-limits,"ARM sku name 'BC_G8IM', family 'G8IM', capacity 20."
BC_G8IM (24 vCores),Azure SQL Managed Instance,Managed instance,vCore,Business Critical,Provisioned,Premium-series,vCore,24,168.0,7.0,GA,mi-premium-series,2021-11,2022-07-19,high,https://techcommunity.microsoft.com/t5/azure-sql-blog/announcing-the-general-availability-of-premium-series-hardware/ba-p/3576737,"ARM sku name 'BC_G8IM', family 'G8IM', capacity 24."
BC_G8IM (32 vCores),Azure SQL Managed Instance,Managed instance,vCore,Business Critical,Provisioned,Premium-series,vCore,32,224.0,7.0,GA,mi-premium-series,2021-11,2022-07-19,high,https://techcommunity.microsoft.com/t5/azure-sql-blog/announcing-the-general-availability-of-premium-series-hardware/ba-p/3576737,"ARM sku name 'BC_G8IM', family 'G8IM', capacity 32."
BC_G8IM (40 vCores),Azure SQL Managed Instance,Managed instance,vCore,Business Critical,Provisioned,Premium-series,vCore,40,280.0,7.0,GA,mi-premium-series,2021-11,2022-07-19,high,https://techcommunity.microsoft.com/t5/azure-sql-blog/announcing-the-general-availability-of-premium-series-hardware/ba-p/3576737,"ARM sku name 'BC_G8IM', family 'G8IM', capacity 40."
BC_G8IM (48 vCores),Azure SQL Managed Instance,Managed instance,vCore,Business Critical,Provisioned,Premium-series,vCore,48,336.0,7.0,GA,mi-extra-vcores,,2024-01,medium,https://learn.microsoft.com/azure/azure-sql/managed-instance/resource-limits,"ARM sku name 'BC_G8IM', family 'G8IM', capacity 48."
BC_G8IM (56 vCores),Azure SQL Managed Instance,Managed instance,vCore,Business Critical,Provisioned,Premium-series,vCore,56,392.0,7.0,GA,mi-extra-vcores,,2024-01,medium,https://learn.microsoft.com/azure/azure-sql/managed-instance/resource-limits,"ARM sku name 'BC_G8IM', family 'G8IM', capacity 56."
BC_G8IM (64 vCores),Azure SQL Managed Instance,Managed instance,vCore,Business Critical,Provisioned,Premium-series,vCore,64,448.0,7.0,GA,mi-premium-series,2021-11,2022-07-19,high,https://techcommunity.microsoft.com/t5/azure-sql-blog/announcing-the-general-availability-of-premium-series-hardware/ba-p/3576737,"ARM sku name 'BC_G8IM', family 'G8IM', capacity 64."
BC_G8IM (80 vCores),Azure SQL Managed Instance,Managed instance,vCore,Business Critical,Provisioned,Premium-series,vCore,80,560.0,7.0,GA,mi-premium-series,2021-11,2022-07-19,high,https://techcommunity.microsoft.com/t5/azure-sql-blog/announcing-the-general-availability-of-premium-series-hardware/ba-p/3576737,"ARM sku name 'BC_G8IM', family 'G8IM', capacity 80."
BC_G8IM (96 vCores),Azure SQL Managed Instance,Managed instance,vCore,Business Critical,Provisioned,Premium-series,vCore,96,560.0,7.0,GA,mi-extra-vcores,,2024-01,medium,https://learn.microsoft.com/azure/azure-sql/managed-instance/resource-limits,"ARM sku name 'BC_G8IM', family 'G8IM', capacity 96."
BC_G8IM (128 vCores),Azure SQL Managed Instance,Managed instance,vCore,Business Critical,Provisioned,Premium-series,vCore,128,560.0,7.0,GA,mi-extra-vcores,,2024-01,medium,https://learn.microsoft.com/azure/azure-sql/managed-instance/resource-limits,"ARM sku name 'BC_G8IM', family 'G8IM', capacity 128."
GP_G8IH (4 vCores),Azure SQL Managed Instance,Managed instance,vCore,General Purpose,Provisioned,Premium-series memory optimized,vCore,4,54.4,13.6,GA,mi-premium-series-mo,2021-11,2022-09-28,high,https://techcommunity.microsoft.com/t5/azure-sql-blog/announcing-the-new-premium-series-hardware-for-sql-managed/ba-p/2913496,"ARM sku name 'GP_G8IH', family 'G8IH', capacity 4."
GP_G8IH (8 vCores),Azure SQL Managed Instance,Managed instance,vCore,General Purpose,Provisioned,Premium-series memory optimized,vCore,8,108.8,13.6,GA,mi-premium-series-mo,2021-11,2022-09-28,high,https://techcommunity.microsoft.com/t5/azure-sql-blog/announcing-the-new-premium-series-hardware-for-sql-managed/ba-p/2913496,"ARM sku name 'GP_G8IH', family 'G8IH', capacity 8."
GP_G8IH (16 vCores),Azure SQL Managed Instance,Managed instance,vCore,General Purpose,Provisioned,Premium-series memory optimized,vCore,16,217.6,13.6,GA,mi-premium-series-mo,2021-11,2022-09-28,high,https://techcommunity.microsoft.com/t5/azure-sql-blog/announcing-the-new-premium-series-hardware-for-sql-managed/ba-p/2913496,"ARM sku name 'GP_G8IH', family 'G8IH', capacity 16."
GP_G8IH (24 vCores),Azure SQL Managed Instance,Managed instance,vCore,General Purpose,Provisioned,Premium-series memory optimized,vCore,24,326.4,13.6,GA,mi-premium-series-mo,2021-11,2022-09-28,high,https://techcommunity.microsoft.com/t5/azure-sql-blog/announcing-the-new-premium-series-hardware-for-sql-managed/ba-p/2913496,"ARM sku name 'GP_G8IH', family 'G8IH', capacity 24."
GP_G8IH (32 vCores),Azure SQL Managed Instance,Managed instance,vCore,General Purpose,Provisioned,Premium-series memory optimized,vCore,32,435.2,13.6,GA,mi-premium-series-mo,2021-11,2022-09-28,high,https://techcommunity.microsoft.com/t5/azure-sql-blog/announcing-the-new-premium-series-hardware-for-sql-managed/ba-p/2913496,"ARM sku name 'GP_G8IH', family 'G8IH', capacity 32."
GP_G8IH (40 vCores),Azure SQL Managed Instance,Managed instance,vCore,General Purpose,Provisioned,Premium-series memory optimized,vCore,40,544.0,13.6,GA,mi-premium-series-mo,2021-11,2022-09-28,high,https://techcommunity.microsoft.com/t5/azure-sql-blog/announcing-the-new-premium-series-hardware-for-sql-managed/ba-p/2913496,"ARM sku name 'GP_G8IH', family 'G8IH', capacity 40."
GP_G8IH (64 vCores),Azure SQL Managed Instance,Managed instance,vCore,General Purpose,Provisioned,Premium-series memory optimized,vCore,64,870.4,13.6,GA,mi-premium-series-mo,2021-11,2022-09-28,high,https://techcommunity.microsoft.com/t5/azure-sql-blog/announcing-the-new-premium-series-hardware-for-sql-managed/ba-p/2913496,"ARM sku name 'GP_G8IH', family 'G8IH', capacity 64."
GP_G8IH (80 vCores),Azure SQL Managed Instance,Managed instance,vCore,General Purpose,Provisioned,Premium-series memory optimized,vCore,80,870.4,13.6,GA,mi-premium-series-mo,2021-11,2022-09-28,high,https://techcommunity.microsoft.com/t5/azure-sql-blog/announcing-the-new-premium-series-hardware-for-sql-managed/ba-p/2913496,"ARM sku name 'GP_G8IH', family 'G8IH', capacity 80."
BC_G8IH (4 vCores),Azure SQL Managed Instance,Managed instance,vCore,Business Critical,Provisioned,Premium-series memory optimized,vCore,4,54.4,13.6,GA,mi-premium-series-mo,2021-11,2022-09-28,high,https://techcommunity.microsoft.com/t5/azure-sql-blog/announcing-the-new-premium-series-hardware-for-sql-managed/ba-p/2913496,"ARM sku name 'BC_G8IH', family 'G8IH', capacity 4."
BC_G8IH (6 vCores),Azure SQL Managed Instance,Managed instance,vCore,Business Critical,Provisioned,Premium-series memory optimized,vCore,6,81.6,13.6,GA,mi-extra-vcores,,2024-01,medium,https://learn.microsoft.com/azure/azure-sql/managed-instance/resource-limits,"ARM sku name 'BC_G8IH', family 'G8IH', capacity 6."
BC_G8IH (8 vCores),Azure SQL Managed Instance,Managed instance,vCore,Business Critical,Provisioned,Premium-series memory optimized,vCore,8,108.8,13.6,GA,mi-premium-series-mo,2021-11,2022-09-28,high,https://techcommunity.microsoft.com/t5/azure-sql-blog/announcing-the-new-premium-series-hardware-for-sql-managed/ba-p/2913496,"ARM sku name 'BC_G8IH', family 'G8IH', capacity 8."
BC_G8IH (10 vCores),Azure SQL Managed Instance,Managed instance,vCore,Business Critical,Provisioned,Premium-series memory optimized,vCore,10,136.0,13.6,GA,mi-extra-vcores,,2024-01,medium,https://learn.microsoft.com/azure/azure-sql/managed-instance/resource-limits,"ARM sku name 'BC_G8IH', family 'G8IH', capacity 10."
BC_G8IH (12 vCores),Azure SQL Managed Instance,Managed instance,vCore,Business Critical,Provisioned,Premium-series memory optimized,vCore,12,163.2,13.6,GA,mi-extra-vcores,,2024-01,medium,https://learn.microsoft.com/azure/azure-sql/managed-instance/resource-limits,"ARM sku name 'BC_G8IH', family 'G8IH', capacity 12."
BC_G8IH (16 vCores),Azure SQL Managed Instance,Managed instance,vCore,Business Critical,Provisioned,Premium-series memory optimized,vCore,16,217.6,13.6,GA,mi-premium-series-mo,2021-11,2022-09-28,high,https://techcommunity.microsoft.com/t5/azure-sql-blog/announcing-the-new-premium-series-hardware-for-sql-managed/ba-p/2913496,"ARM sku name 'BC_G8IH', family 'G8IH', capacity 16."
BC_G8IH (20 vCores),Azure SQL Managed Instance,Managed instance,vCore,Business Critical,Provisioned,Premium-series memory optimized,vCore,20,272.0,13.6,GA,mi-extra-vcores,,2024-01,medium,https://learn.microsoft.com/azure/azure-sql/managed-instance/resource-limits,"ARM sku name 'BC_G8IH', family 'G8IH', capacity 20."
BC_G8IH (24 vCores),Azure SQL Managed Instance,Managed instance,vCore,Business Critical,Provisioned,Premium-series memory optimized,vCore,24,326.4,13.6,GA,mi-premium-series-mo,2021-11,2022-09-28,high,https://techcommunity.microsoft.com/t5/azure-sql-blog/announcing-the-new-premium-series-hardware-for-sql-managed/ba-p/2913496,"ARM sku name 'BC_G8IH', family 'G8IH', capacity 24."
BC_G8IH (32 vCores),Azure SQL Managed Instance,Managed instance,vCore,Business Critical,Provisioned,Premium-series memory optimized,vCore,32,435.2,13.6,GA,mi-premium-series-mo,2021-11,2022-09-28,high,https://techcommunity.microsoft.com/t5/azure-sql-blog/announcing-the-new-premium-series-hardware-for-sql-managed/ba-p/2913496,"ARM sku name 'BC_G8IH', family 'G8IH', capacity 32."
BC_G8IH (40 vCores),Azure SQL Managed Instance,Managed instance,vCore,Business Critical,Provisioned,Premium-series memory optimized,vCore,40,544.0,13.6,GA,mi-premium-series-mo,2021-11,2022-09-28,high,https://techcommunity.microsoft.com/t5/azure-sql-blog/announcing-the-new-premium-series-hardware-for-sql-managed/ba-p/2913496,"ARM sku name 'BC_G8IH', family 'G8IH', capacity 40."
BC_G8IH (48 vCores),Azure SQL Managed Instance,Managed instance,vCore,Business Critical,Provisioned,Premium-series memory optimized,vCore,48,652.8,13.6,GA,mi-extra-vcores,,2024-01,medium,https://learn.microsoft.com/azure/azure-sql/managed-instance/resource-limits,"ARM sku name 'BC_G8IH', family 'G8IH', capacity 48."
BC_G8IH (56 vCores),Azure SQL Managed Instance,Managed instance,vCore,Business Critical,Provisioned,Premium-series memory optimized,vCore,56,761.6,13.6,GA,mi-extra-vcores,,2024-01,medium,https://learn.microsoft.com/azure/azure-sql/managed-instance/resource-limits,"ARM sku name 'BC_G8IH', family 'G8IH', capacity 56."
BC_G8IH (64 vCores),Azure SQL Managed Instance,Managed instance,vCore,Business Critical,Provisioned,Premium-series memory optimized,vCore,64,870.4,13.6,GA,mi-premium-series-mo,2021-11,2022-09-28,high,https://techcommunity.microsoft.com/t5/azure-sql-blog/announcing-the-new-premium-series-hardware-for-sql-managed/ba-p/2913496,"ARM sku name 'BC_G8IH', family 'G8IH', capacity 64."
BC_G8IH (80 vCores),Azure SQL Managed Instance,Managed instance,vCore,Business Critical,Provisioned,Premium-series memory optimized,vCore,80,870.4,13.6,GA,mi-premium-series-mo,2021-11,2022-09-28,high,https://techcommunity.microsoft.com/t5/azure-sql-blog/announcing-the-new-premium-series-hardware-for-sql-managed/ba-p/2913496,"ARM sku name 'BC_G8IH', family 'G8IH', capacity 80."
BC_G8IH (96 vCores),Azure SQL Managed Instance,Managed instance,vCore,Business Critical,Provisioned,Premium-series memory optimized,vCore,96,870.4,13.6,GA,mi-extra-vcores,,2024-01,medium,https://learn.microsoft.com/azure/azure-sql/managed-instance/resource-limits,"ARM sku name 'BC_G8IH', family 'G8IH', capacity 96."
BC_G8IH (128 vCores),Azure SQL Managed Instance,Managed instance,vCore,Business Critical,Provisioned,Premium-series memory optimized,vCore,128,870.4,13.6,GA,mi-extra-vcores,,2024-01,medium,https://learn.microsoft.com/azure/azure-sql/managed-instance/resource-limits,"ARM sku name 'BC_G8IH', family 'G8IH', capacity 128."
GP_Gen5 (4 vCores),Azure SQL Managed Instance,Managed instance,vCore,Next-gen General Purpose,Provisioned,Standard-series (Gen5),vCore,4,20.4,5.1,GA,mi-nextgen-gp,2024-05,2025-12-02,high,https://techcommunity.microsoft.com/blog/azuresqlblog/generally-available-azure-sql-managed-instance-next-gen-general-purpose/4470970,"ARM sku name 'GP_Gen5', family 'Gen5', capacity 4. Billed as General Purpose. Supports flexible memory on premium-series."
GP_Gen5 (8 vCores),Azure SQL Managed Instance,Managed instance,vCore,Next-gen General Purpose,Provisioned,Standard-series (Gen5),vCore,8,40.8,5.1,GA,mi-nextgen-gp,2024-05,2025-12-02,high,https://techcommunity.microsoft.com/blog/azuresqlblog/generally-available-azure-sql-managed-instance-next-gen-general-purpose/4470970,"ARM sku name 'GP_Gen5', family 'Gen5', capacity 8. Billed as General Purpose. Supports flexible memory on premium-series."
GP_Gen5 (16 vCores),Azure SQL Managed Instance,Managed instance,vCore,Next-gen General Purpose,Provisioned,Standard-series (Gen5),vCore,16,81.6,5.1,GA,mi-nextgen-gp,2024-05,2025-12-02,high,https://techcommunity.microsoft.com/blog/azuresqlblog/generally-available-azure-sql-managed-instance-next-gen-general-purpose/4470970,"ARM sku name 'GP_Gen5', family 'Gen5', capacity 16. Billed as General Purpose. Supports flexible memory on premium-series."
GP_Gen5 (24 vCores),Azure SQL Managed Instance,Managed instance,vCore,Next-gen General Purpose,Provisioned,Standard-series (Gen5),vCore,24,122.4,5.1,GA,mi-nextgen-gp,2024-05,2025-12-02,high,https://techcommunity.microsoft.com/blog/azuresqlblog/generally-available-azure-sql-managed-instance-next-gen-general-purpose/4470970,"ARM sku name 'GP_Gen5', family 'Gen5', capacity 24. Billed as General Purpose. Supports flexible memory on premium-series."
GP_Gen5 (32 vCores),Azure SQL Managed Instance,Managed instance,vCore,Next-gen General Purpose,Provisioned,Standard-series (Gen5),vCore,32,163.2,5.1,GA,mi-nextgen-gp,2024-05,2025-12-02,high,https://techcommunity.microsoft.com/blog/azuresqlblog/generally-available-azure-sql-managed-instance-next-gen-general-purpose/4470970,"ARM sku name 'GP_Gen5', family 'Gen5', capacity 32. Billed as General Purpose. Supports flexible memory on premium-series."
GP_Gen5 (40 vCores),Azure SQL Managed Instance,Managed instance,vCore,Next-gen General Purpose,Provisioned,Standard-series (Gen5),vCore,40,204.0,5.1,GA,mi-nextgen-gp,2024-05,2025-12-02,high,https://techcommunity.microsoft.com/blog/azuresqlblog/generally-available-azure-sql-managed-instance-next-gen-general-purpose/4470970,"ARM sku name 'GP_Gen5', family 'Gen5', capacity 40. Billed as General Purpose. Supports flexible memory on premium-series."
GP_Gen5 (64 vCores),Azure SQL Managed Instance,Managed instance,vCore,Next-gen General Purpose,Provisioned,Standard-series (Gen5),vCore,64,326.4,5.1,GA,mi-nextgen-gp,2024-05,2025-12-02,high,https://techcommunity.microsoft.com/blog/azuresqlblog/generally-available-azure-sql-managed-instance-next-gen-general-purpose/4470970,"ARM sku name 'GP_Gen5', family 'Gen5', capacity 64. Billed as General Purpose. Supports flexible memory on premium-series."
GP_Gen5 (80 vCores),Azure SQL Managed Instance,Managed instance,vCore,Next-gen General Purpose,Provisioned,Standard-series (Gen5),vCore,80,408.0,5.1,GA,mi-nextgen-gp,2024-05,2025-12-02,high,https://techcommunity.microsoft.com/blog/azuresqlblog/generally-available-azure-sql-managed-instance-next-gen-general-purpose/4470970,"ARM sku name 'GP_Gen5', family 'Gen5', capacity 80. Billed as General Purpose. Supports flexible memory on premium-series."
GP_G8IM (4 vCores),Azure SQL Managed Instance,Managed instance,vCore,Next-gen General Purpose,Provisioned,Premium-series,vCore,4,28.0,7.0,GA,mi-nextgen-gp,2024-05,2025-12-02,high,https://techcommunity.microsoft.com/blog/azuresqlblog/generally-available-azure-sql-managed-instance-next-gen-general-purpose/4470970,"ARM sku name 'GP_G8IM', family 'G8IM', capacity 4. Billed as General Purpose. Supports flexible memory on premium-series."
GP_G8IM (6 vCores),Azure SQL Managed Instance,Managed instance,vCore,Next-gen General Purpose,Provisioned,Premium-series,vCore,6,42.0,7.0,GA,mi-nextgen-gp,2024-05,2025-12-02,high,https://techcommunity.microsoft.com/blog/azuresqlblog/generally-available-azure-sql-managed-instance-next-gen-general-purpose/4470970,"ARM sku name 'GP_G8IM', family 'G8IM', capacity 6. Billed as General Purpose. Supports flexible memory on premium-series."
GP_G8IM (8 vCores),Azure SQL Managed Instance,Managed instance,vCore,Next-gen General Purpose,Provisioned,Premium-series,vCore,8,56.0,7.0,GA,mi-nextgen-gp,2024-05,2025-12-02,high,https://techcommunity.microsoft.com/blog/azuresqlblog/generally-available-azure-sql-managed-instance-next-gen-general-purpose/4470970,"ARM sku name 'GP_G8IM', family 'G8IM', capacity 8. Billed as General Purpose. Supports flexible memory on premium-series."
GP_G8IM (10 vCores),Azure SQL Managed Instance,Managed instance,vCore,Next-gen General Purpose,Provisioned,Premium-series,vCore,10,70.0,7.0,GA,mi-nextgen-gp,2024-05,2025-12-02,high,https://techcommunity.microsoft.com/blog/azuresqlblog/generally-available-azure-sql-managed-instance-next-gen-general-purpose/4470970,"ARM sku name 'GP_G8IM', family 'G8IM', capacity 10. Billed as General Purpose. Supports flexible memory on premium-series."
GP_G8IM (12 vCores),Azure SQL Managed Instance,Managed instance,vCore,Next-gen General Purpose,Provisioned,Premium-series,vCore,12,84.0,7.0,GA,mi-nextgen-gp,2024-05,2025-12-02,high,https://techcommunity.microsoft.com/blog/azuresqlblog/generally-available-azure-sql-managed-instance-next-gen-general-purpose/4470970,"ARM sku name 'GP_G8IM', family 'G8IM', capacity 12. Billed as General Purpose. Supports flexible memory on premium-series."
GP_G8IM (16 vCores),Azure SQL Managed Instance,Managed instance,vCore,Next-gen General Purpose,Provisioned,Premium-series,vCore,16,112.0,7.0,GA,mi-nextgen-gp,2024-05,2025-12-02,high,https://techcommunity.microsoft.com/blog/azuresqlblog/generally-available-azure-sql-managed-instance-next-gen-general-purpose/4470970,"ARM sku name 'GP_G8IM', family 'G8IM', capacity 16. Billed as General Purpose. Supports flexible memory on premium-series."
GP_G8IM (20 vCores),Azure SQL Managed Instance,Managed instance,vCore,Next-gen General Purpose,Provisioned,Premium-series,vCore,20,140.0,7.0,GA,mi-nextgen-gp,2024-05,2025-12-02,high,https://techcommunity.microsoft.com/blog/azuresqlblog/generally-available-azure-sql-managed-instance-next-gen-general-purpose/4470970,"ARM sku name 'GP_G8IM', family 'G8IM', capacity 20. Billed as General Purpose. Supports flexible memory on premium-series."
GP_G8IM (24 vCores),Azure SQL Managed Instance,Managed instance,vCore,Next-gen General Purpose,Provisioned,Premium-series,vCore,24,168.0,7.0,GA,mi-nextgen-gp,2024-05,2025-12-02,high,https://techcommunity.microsoft.com/blog/azuresqlblog/generally-available-azure-sql-managed-instance-next-gen-general-purpose/4470970,"ARM sku name 'GP_G8IM', family 'G8IM', capacity 24. Billed as General Purpose. Supports flexible memory on premium-series."
GP_G8IM (32 vCores),Azure SQL Managed Instance,Managed instance,vCore,Next-gen General Purpose,Provisioned,Premium-series,vCore,32,224.0,7.0,GA,mi-nextgen-gp,2024-05,2025-12-02,high,https://techcommunity.microsoft.com/blog/azuresqlblog/generally-available-azure-sql-managed-instance-next-gen-general-purpose/4470970,"ARM sku name 'GP_G8IM', family 'G8IM', capacity 32. Billed as General Purpose. Supports flexible memory on premium-series."
GP_G8IM (40 vCores),Azure SQL Managed Instance,Managed instance,vCore,Next-gen General Purpose,Provisioned,Premium-series,vCore,40,280.0,7.0,GA,mi-nextgen-gp,2024-05,2025-12-02,high,https://techcommunity.microsoft.com/blog/azuresqlblog/generally-available-azure-sql-managed-instance-next-gen-general-purpose/4470970,"ARM sku name 'GP_G8IM', family 'G8IM', capacity 40. Billed as General Purpose. Supports flexible memory on premium-series."
GP_G8IM (48 vCores),Azure SQL Managed Instance,Managed instance,vCore,Next-gen General Purpose,Provisioned,Premium-series,vCore,48,336.0,7.0,GA,mi-nextgen-gp,2024-05,2025-12-02,high,https://techcommunity.microsoft.com/blog/azuresqlblog/generally-available-azure-sql-managed-instance-next-gen-general-purpose/4470970,"ARM sku name 'GP_G8IM', family 'G8IM', capacity 48. Billed as General Purpose. Supports flexible memory on premium-series."
GP_G8IM (56 vCores),Azure SQL Managed Instance,Managed instance,vCore,Next-gen General Purpose,Provisioned,Premium-series,vCore,56,392.0,7.0,GA,mi-nextgen-gp,2024-05,2025-12-02,high,https://techcommunity.microsoft.com/blog/azuresqlblog/generally-available-azure-sql-managed-instance-next-gen-general-purpose/4470970,"ARM sku name 'GP_G8IM', family 'G8IM', capacity 56. Billed as General Purpose. Supports flexible memory on premium-series."
GP_G8IM (64 vCores),Azure SQL Managed Instance,Managed instance,vCore,Next-gen General Purpose,Provisioned,Premium-series,vCore,64,448.0,7.0,GA,mi-nextgen-gp,2024-05,2025-12-02,high,https://techcommunity.microsoft.com/blog/azuresqlblog/generally-available-azure-sql-managed-instance-next-gen-general-purpose/4470970,"ARM sku name 'GP_G8IM', family 'G8IM', capacity 64. Billed as General Purpose. Supports flexible memory on premium-series."
GP_G8IM (80 vCores),Azure SQL Managed Instance,Managed instance,vCore,Next-gen General Purpose,Provisioned,Premium-series,vCore,80,560.0,7.0,GA,mi-nextgen-gp,2024-05,2025-12-02,high,https://techcommunity.microsoft.com/blog/azuresqlblog/generally-available-azure-sql-managed-instance-next-gen-general-purpose/4470970,"ARM sku name 'GP_G8IM', family 'G8IM', capacity 80. Billed as General Purpose. Supports flexible memory on premium-series."
GP_G8IM (96 vCores),Azure SQL Managed Instance,Managed instance,vCore,Next-gen General Purpose,Provisioned,Premium-series,vCore,96,560.0,7.0,GA,mi-nextgen-gp,2024-05,2025-12-02,high,https://techcommunity.microsoft.com/blog/azuresqlblog/generally-available-azure-sql-managed-instance-next-gen-general-purpose/4470970,"ARM sku name 'GP_G8IM', family 'G8IM', capacity 96. Billed as General Purpose. Supports flexible memory on premium-series."
GP_G8IM (128 vCores),Azure SQL Managed Instance,Managed instance,vCore,Next-gen General Purpose,Provisioned,Premium-series,vCore,128,560.0,7.0,GA,mi-nextgen-gp,2024-05,2025-12-02,high,https://techcommunity.microsoft.com/blog/azuresqlblog/generally-available-azure-sql-managed-instance-next-gen-general-purpose/4470970,"ARM sku name 'GP_G8IM', family 'G8IM', capacity 128. Billed as General Purpose. Supports flexible memory on premium-series."
GP_G8IH (4 vCores),Azure SQL Managed Instance,Managed instance,vCore,Next-gen General Purpose,Provisioned,Premium-series memory optimized,vCore,4,54.4,13.6,GA,mi-nextgen-gp,2024-05,2025-12-02,high,https://techcommunity.microsoft.com/blog/azuresqlblog/generally-available-azure-sql-managed-instance-next-gen-general-purpose/4470970,"ARM sku name 'GP_G8IH', family 'G8IH', capacity 4. Billed as General Purpose. Supports flexible memory on premium-series."
GP_G8IH (6 vCores),Azure SQL Managed Instance,Managed instance,vCore,Next-gen General Purpose,Provisioned,Premium-series memory optimized,vCore,6,81.6,13.6,GA,mi-nextgen-gp,2024-05,2025-12-02,high,https://techcommunity.microsoft.com/blog/azuresqlblog/generally-available-azure-sql-managed-instance-next-gen-general-purpose/4470970,"ARM sku name 'GP_G8IH', family 'G8IH', capacity 6. Billed as General Purpose. Supports flexible memory on premium-series."
GP_G8IH (8 vCores),Azure SQL Managed Instance,Managed instance,vCore,Next-gen General Purpose,Provisioned,Premium-series memory optimized,vCore,8,108.8,13.6,GA,mi-nextgen-gp,2024-05,2025-12-02,high,https://techcommunity.microsoft.com/blog/azuresqlblog/generally-available-azure-sql-managed-instance-next-gen-general-purpose/4470970,"ARM sku name 'GP_G8IH', family 'G8IH', capacity 8. Billed as General Purpose. Supports flexible memory on premium-series."
GP_G8IH (10 vCores),Azure SQL Managed Instance,Managed instance,vCore,Next-gen General Purpose,Provisioned,Premium-series memory optimized,vCore,10,136.0,13.6,GA,mi-nextgen-gp,2024-05,2025-12-02,high,https://techcommunity.microsoft.com/blog/azuresqlblog/generally-available-azure-sql-managed-instance-next-gen-general-purpose/4470970,"ARM sku name 'GP_G8IH', family 'G8IH', capacity 10. Billed as General Purpose. Supports flexible memory on premium-series."
GP_G8IH (12 vCores),Azure SQL Managed Instance,Managed instance,vCore,Next-gen General Purpose,Provisioned,Premium-series memory optimized,vCore,12,163.2,13.6,GA,mi-nextgen-gp,2024-05,2025-12-02,high,https://techcommunity.microsoft.com/blog/azuresqlblog/generally-available-azure-sql-managed-instance-next-gen-general-purpose/4470970,"ARM sku name 'GP_G8IH', family 'G8IH', capacity 12. Billed as General Purpose. Supports flexible memory on premium-series."
GP_G8IH (16 vCores),Azure SQL Managed Instance,Managed instance,vCore,Next-gen General Purpose,Provisioned,Premium-series memory optimized,vCore,16,217.6,13.6,GA,mi-nextgen-gp,2024-05,2025-12-02,high,https://techcommunity.microsoft.com/blog/azuresqlblog/generally-available-azure-sql-managed-instance-next-gen-general-purpose/4470970,"ARM sku name 'GP_G8IH', family 'G8IH', capacity 16. Billed as General Purpose. Supports flexible memory on premium-series."
GP_G8IH (20 vCores),Azure SQL Managed Instance,Managed instance,vCore,Next-gen General Purpose,Provisioned,Premium-series memory optimized,vCore,20,272.0,13.6,GA,mi-nextgen-gp,2024-05,2025-12-02,high,https://techcommunity.microsoft.com/blog/azuresqlblog/generally-available-azure-sql-managed-instance-next-gen-general-purpose/4470970,"ARM sku name 'GP_G8IH', family 'G8IH', capacity 20. Billed as General Purpose. Supports flexible memory on premium-series."
GP_G8IH (24 vCores),Azure SQL Managed Instance,Managed instance,vCore,Next-gen General Purpose,Provisioned,Premium-series memory optimized,vCore,24,326.4,13.6,GA,mi-nextgen-gp,2024-05,2025-12-02,high,https://techcommunity.microsoft.com/blog/azuresqlblog/generally-available-azure-sql-managed-instance-next-gen-general-purpose/4470970,"ARM sku name 'GP_G8IH', family 'G8IH', capacity 24. Billed as General Purpose. Supports flexible memory on premium-series."
GP_G8IH (32 vCores),Azure SQL Managed Instance,Managed instance,vCore,Next-gen General Purpose,Provisioned,Premium-series memory optimized,vCore,32,435.2,13.6,GA,mi-nextgen-gp,2024-05,2025-12-02,high,https://techcommunity.microsoft.com/blog/azuresqlblog/generally-available-azure-sql-managed-instance-next-gen-general-purpose/4470970,"ARM sku name 'GP_G8IH', family 'G8IH', capacity 32. Billed as General Purpose. Supports flexible memory on premium-series."
GP_G8IH (40 vCores),Azure SQL Managed Instance,Managed instance,vCore,Next-gen General Purpose,Provisioned,Premium-series memory optimized,vCore,40,544.0,13.6,GA,mi-nextgen-gp,2024-05,2025-12-02,high,https://techcommunity.microsoft.com/blog/azuresqlblog/generally-available-azure-sql-managed-instance-next-gen-general-purpose/4470970,"ARM sku name 'GP_G8IH', family 'G8IH', capacity 40. Billed as General Purpose. Supports flexible memory on premium-series."
GP_G8IH (48 vCores),Azure SQL Managed Instance,Managed instance,vCore,Next-gen General Purpose,Provisioned,Premium-series memory optimized,vCore,48,652.8,13.6,GA,mi-nextgen-gp,2024-05,2025-12-02,high,https://techcommunity.microsoft.com/blog/azuresqlblog/generally-available-azure-sql-managed-instance-next-gen-general-purpose/4470970,"ARM sku name 'GP_G8IH', family 'G8IH', capacity 48. Billed as General Purpose. Supports flexible memory on premium-series."
GP_G8IH (56 vCores),Azure SQL Managed Instance,Managed instance,vCore,Next-gen General Purpose,Provisioned,Premium-series memory optimized,vCore,56,761.6,13.6,GA,mi-nextgen-gp,2024-05,2025-12-02,high,https://techcommunity.microsoft.com/blog/azuresqlblog/generally-available-azure-sql-managed-instance-next-gen-general-purpose/4470970,"ARM sku name 'GP_G8IH', family 'G8IH', capacity 56. Billed as General Purpose. Supports flexible memory on premium-series."
GP_G8IH (64 vCores),Azure SQL Managed Instance,Managed instance,vCore,Next-gen General Purpose,Provisioned,Premium-series memory optimized,vCore,64,870.4,13.6,GA,mi-nextgen-gp,2024-05,2025-12-02,high,https://techcommunity.microsoft.com/blog/azuresqlblog/generally-available-azure-sql-managed-instance-next-gen-general-purpose/4470970,"ARM sku name 'GP_G8IH', family 'G8IH', capacity 64. Billed as General Purpose. Supports flexible memory on premium-series."
GP_G8IH (80 vCores),Azure SQL Managed Instance,Managed instance,vCore,Next-gen General Purpose,Provisioned,Premium-series memory optimized,vCore,80,870.4,13.6,GA,mi-nextgen-gp,2024-05,2025-12-02,high,https://techcommunity.microsoft.com/blog/azuresqlblog/generally-available-azure-sql-managed-instance-next-gen-general-purpose/4470970,"ARM sku name 'GP_G8IH', family 'G8IH', capacity 80. Billed as General Purpose. Supports flexible memory on premium-series."
GP_G8IH (96 vCores),Azure SQL Managed Instance,Managed instance,vCore,Next-gen General Purpose,Provisioned,Premium-series memory optimized,vCore,96,870.4,13.6,GA,mi-nextgen-gp,2024-05,2025-12-02,high,https://techcommunity.microsoft.com/blog/azuresqlblog/generally-available-azure-sql-managed-instance-next-gen-general-purpose/4470970,"ARM sku name 'GP_G8IH', family 'G8IH', capacity 96. Billed as General Purpose. Supports flexible memory on premium-series."
GP_G8IH (128 vCores),Azure SQL Managed Instance,Managed instance,vCore,Next-gen General Purpose,Provisioned,Premium-series memory optimized,vCore,128,870.4,13.6,GA,mi-nextgen-gp,2024-05,2025-12-02,high,https://techcommunity.microsoft.com/blog/azuresqlblog/generally-available-azure-sql-managed-instance-next-gen-general-purpose/4470970,"ARM sku name 'GP_G8IH', family 'G8IH', capacity 128. Billed as General Purpose. Supports flexible memory on premium-series."
Standard_B1ms,Azure Database for PostgreSQL,Flexible server,vCore,Burstable,Burstable,B-series,vCore,1,2.0,2.0,GA,pg-burstable-small,2020-11,2021-11,medium,https://learn.microsoft.com/azure/postgresql/compute-storage/concepts-compute,Not recommended for production; CPU credit model.
Standard_B2s,Azure Database for PostgreSQL,Flexible server,vCore,Burstable,Burstable,B-series,vCore,2,4.0,2.0,GA,pg-burstable-small,2020-11,2021-11,medium,https://learn.microsoft.com/azure/postgresql/compute-storage/concepts-compute,Not recommended for production; CPU credit model.
Standard_B2ms,Azure Database for PostgreSQL,Flexible server,vCore,Burstable,Burstable,B-series,vCore,2,8.0,4.0,GA,pg-burstable-small,2020-11,2021-11,medium,https://learn.microsoft.com/azure/postgresql/compute-storage/concepts-compute,Not recommended for production; CPU credit model.
Standard_B4ms,Azure Database for PostgreSQL,Flexible server,vCore,Burstable,Burstable,B-series,vCore,4,16.0,4.0,GA,pg-burstable-large,,2023-04,high,https://azure.microsoft.com/updates/generally-available-new-burstable-skus-for-azure-database-for-postgresql-flexible-server/,Not recommended for production; CPU credit model.
Standard_B8ms,Azure Database for PostgreSQL,Flexible server,vCore,Burstable,Burstable,B-series,vCore,8,32.0,4.0,GA,pg-burstable-large,,2023-04,high,https://azure.microsoft.com/updates/generally-available-new-burstable-skus-for-azure-database-for-postgresql-flexible-server/,Not recommended for production; CPU credit model.
Standard_B12ms,Azure Database for PostgreSQL,Flexible server,vCore,Burstable,Burstable,B-series,vCore,12,48.0,4.0,GA,pg-burstable-large,,2023-04,high,https://azure.microsoft.com/updates/generally-available-new-burstable-skus-for-azure-database-for-postgresql-flexible-server/,Not recommended for production; CPU credit model.
Standard_B16ms,Azure Database for PostgreSQL,Flexible server,vCore,Burstable,Burstable,B-series,vCore,16,64.0,4.0,GA,pg-burstable-large,,2023-04,high,https://azure.microsoft.com/updates/generally-available-new-burstable-skus-for-azure-database-for-postgresql-flexible-server/,Not recommended for production; CPU credit model.
Standard_B20ms,Azure Database for PostgreSQL,Flexible server,vCore,Burstable,Burstable,B-series,vCore,20,80.0,4.0,GA,pg-burstable-large,,2023-04,high,https://azure.microsoft.com/updates/generally-available-new-burstable-skus-for-azure-database-for-postgresql-flexible-server/,Not recommended for production; CPU credit model.
Standard_D2s_v3,Azure Database for PostgreSQL,Flexible server,vCore,General Purpose,Provisioned,Dsv3-series,vCore,2,8.0,4.0,GA,pg-v3,2020-11,2021-11,medium,https://learn.microsoft.com/azure/postgresql/release-notes/release-notes,v3 was the launch compute series for flexible server; it reached GA with the service.
Standard_D4s_v3,Azure Database for PostgreSQL,Flexible server,vCore,General Purpose,Provisioned,Dsv3-series,vCore,4,16.0,4.0,GA,pg-v3,2020-11,2021-11,medium,https://learn.microsoft.com/azure/postgresql/release-notes/release-notes,v3 was the launch compute series for flexible server; it reached GA with the service.
Standard_D8s_v3,Azure Database for PostgreSQL,Flexible server,vCore,General Purpose,Provisioned,Dsv3-series,vCore,8,32.0,4.0,GA,pg-v3,2020-11,2021-11,medium,https://learn.microsoft.com/azure/postgresql/release-notes/release-notes,v3 was the launch compute series for flexible server; it reached GA with the service.
Standard_D16s_v3,Azure Database for PostgreSQL,Flexible server,vCore,General Purpose,Provisioned,Dsv3-series,vCore,16,64.0,4.0,GA,pg-v3,2020-11,2021-11,medium,https://learn.microsoft.com/azure/postgresql/release-notes/release-notes,v3 was the launch compute series for flexible server; it reached GA with the service.
Standard_D32s_v3,Azure Database for PostgreSQL,Flexible server,vCore,General Purpose,Provisioned,Dsv3-series,vCore,32,128.0,4.0,GA,pg-v3,2020-11,2021-11,medium,https://learn.microsoft.com/azure/postgresql/release-notes/release-notes,v3 was the launch compute series for flexible server; it reached GA with the service.
Standard_D48s_v3,Azure Database for PostgreSQL,Flexible server,vCore,General Purpose,Provisioned,Dsv3-series,vCore,48,192.0,4.0,GA,pg-v3,2020-11,2021-11,medium,https://learn.microsoft.com/azure/postgresql/release-notes/release-notes,v3 was the launch compute series for flexible server; it reached GA with the service.
Standard_D64s_v3,Azure Database for PostgreSQL,Flexible server,vCore,General Purpose,Provisioned,Dsv3-series,vCore,64,256.0,4.0,GA,pg-v3,2020-11,2021-11,medium,https://learn.microsoft.com/azure/postgresql/release-notes/release-notes,v3 was the launch compute series for flexible server; it reached GA with the service.
Standard_D2ds_v4,Azure Database for PostgreSQL,Flexible server,vCore,General Purpose,Provisioned,Ddsv4-series,vCore,2,8.0,4.0,GA,pg-v4,,2021-10,high,https://techcommunity.microsoft.com/blog/adforpostgresql/flexible-server-now-supports-v4-compute-series-in-postgresql-on-azure/2815092,
Standard_D4ds_v4,Azure Database for PostgreSQL,Flexible server,vCore,General Purpose,Provisioned,Ddsv4-series,vCore,4,16.0,4.0,GA,pg-v4,,2021-10,high,https://techcommunity.microsoft.com/blog/adforpostgresql/flexible-server-now-supports-v4-compute-series-in-postgresql-on-azure/2815092,
Standard_D8ds_v4,Azure Database for PostgreSQL,Flexible server,vCore,General Purpose,Provisioned,Ddsv4-series,vCore,8,32.0,4.0,GA,pg-v4,,2021-10,high,https://techcommunity.microsoft.com/blog/adforpostgresql/flexible-server-now-supports-v4-compute-series-in-postgresql-on-azure/2815092,
Standard_D16ds_v4,Azure Database for PostgreSQL,Flexible server,vCore,General Purpose,Provisioned,Ddsv4-series,vCore,16,64.0,4.0,GA,pg-v4,,2021-10,high,https://techcommunity.microsoft.com/blog/adforpostgresql/flexible-server-now-supports-v4-compute-series-in-postgresql-on-azure/2815092,
Standard_D32ds_v4,Azure Database for PostgreSQL,Flexible server,vCore,General Purpose,Provisioned,Ddsv4-series,vCore,32,128.0,4.0,GA,pg-v4,,2021-10,high,https://techcommunity.microsoft.com/blog/adforpostgresql/flexible-server-now-supports-v4-compute-series-in-postgresql-on-azure/2815092,
Standard_D48ds_v4,Azure Database for PostgreSQL,Flexible server,vCore,General Purpose,Provisioned,Ddsv4-series,vCore,48,192.0,4.0,GA,pg-v4,,2021-10,high,https://techcommunity.microsoft.com/blog/adforpostgresql/flexible-server-now-supports-v4-compute-series-in-postgresql-on-azure/2815092,
Standard_D64ds_v4,Azure Database for PostgreSQL,Flexible server,vCore,General Purpose,Provisioned,Ddsv4-series,vCore,64,256.0,4.0,GA,pg-v4,,2021-10,high,https://techcommunity.microsoft.com/blog/adforpostgresql/flexible-server-now-supports-v4-compute-series-in-postgresql-on-azure/2815092,
Standard_D2ds_v5,Azure Database for PostgreSQL,Flexible server,vCore,General Purpose,Provisioned,Ddsv5-series,vCore,2,8.0,4.0,GA,pg-v5-intel,,2023-05,high,https://techcommunity.microsoft.com/t5/azure-database-for-postgresql/introducing-intel-v5-compute-and-32-tb-storage-support-on-azure/ba-p/3839849,Announced 2023-06-05 covering the May 2023 release; listed in the May 2023 release notes.
Standard_D4ds_v5,Azure Database for PostgreSQL,Flexible server,vCore,General Purpose,Provisioned,Ddsv5-series,vCore,4,16.0,4.0,GA,pg-v5-intel,,2023-05,high,https://techcommunity.microsoft.com/t5/azure-database-for-postgresql/introducing-intel-v5-compute-and-32-tb-storage-support-on-azure/ba-p/3839849,Announced 2023-06-05 covering the May 2023 release; listed in the May 2023 release notes.
Standard_D8ds_v5,Azure Database for PostgreSQL,Flexible server,vCore,General Purpose,Provisioned,Ddsv5-series,vCore,8,32.0,4.0,GA,pg-v5-intel,,2023-05,high,https://techcommunity.microsoft.com/t5/azure-database-for-postgresql/introducing-intel-v5-compute-and-32-tb-storage-support-on-azure/ba-p/3839849,Announced 2023-06-05 covering the May 2023 release; listed in the May 2023 release notes.
Standard_D16ds_v5,Azure Database for PostgreSQL,Flexible server,vCore,General Purpose,Provisioned,Ddsv5-series,vCore,16,64.0,4.0,GA,pg-v5-intel,,2023-05,high,https://techcommunity.microsoft.com/t5/azure-database-for-postgresql/introducing-intel-v5-compute-and-32-tb-storage-support-on-azure/ba-p/3839849,Announced 2023-06-05 covering the May 2023 release; listed in the May 2023 release notes.
Standard_D32ds_v5,Azure Database for PostgreSQL,Flexible server,vCore,General Purpose,Provisioned,Ddsv5-series,vCore,32,128.0,4.0,GA,pg-v5-intel,,2023-05,high,https://techcommunity.microsoft.com/t5/azure-database-for-postgresql/introducing-intel-v5-compute-and-32-tb-storage-support-on-azure/ba-p/3839849,Announced 2023-06-05 covering the May 2023 release; listed in the May 2023 release notes.
Standard_D48ds_v5,Azure Database for PostgreSQL,Flexible server,vCore,General Purpose,Provisioned,Ddsv5-series,vCore,48,192.0,4.0,GA,pg-v5-intel,,2023-05,high,https://techcommunity.microsoft.com/t5/azure-database-for-postgresql/introducing-intel-v5-compute-and-32-tb-storage-support-on-azure/ba-p/3839849,Announced 2023-06-05 covering the May 2023 release; listed in the May 2023 release notes.
Standard_D64ds_v5,Azure Database for PostgreSQL,Flexible server,vCore,General Purpose,Provisioned,Ddsv5-series,vCore,64,256.0,4.0,GA,pg-v5-intel,,2023-05,high,https://techcommunity.microsoft.com/t5/azure-database-for-postgresql/introducing-intel-v5-compute-and-32-tb-storage-support-on-azure/ba-p/3839849,Announced 2023-06-05 covering the May 2023 release; listed in the May 2023 release notes.
Standard_D96ds_v5,Azure Database for PostgreSQL,Flexible server,vCore,General Purpose,Provisioned,Ddsv5-series,vCore,96,384.0,4.0,GA,pg-v5-intel,,2023-05,high,https://techcommunity.microsoft.com/t5/azure-database-for-postgresql/introducing-intel-v5-compute-and-32-tb-storage-support-on-azure/ba-p/3839849,Announced 2023-06-05 covering the May 2023 release; listed in the May 2023 release notes.
Standard_D2ads_v5,Azure Database for PostgreSQL,Flexible server,vCore,General Purpose,Provisioned,Dadsv5-series,vCore,2,8.0,4.0,GA,pg-v5-amd,,2023,low,https://learn.microsoft.com/azure/postgresql/compute-storage/concepts-compute,Rolled out during 2023 after the Intel v5 series; reserved capacity for both Intel and AMD v5 SKUs landed in September 2024. Exact GA month not confirmed.
Standard_D4ads_v5,Azure Database for PostgreSQL,Flexible server,vCore,General Purpose,Provisioned,Dadsv5-series,vCore,4,16.0,4.0,GA,pg-v5-amd,,2023,low,https://learn.microsoft.com/azure/postgresql/compute-storage/concepts-compute,Rolled out during 2023 after the Intel v5 series; reserved capacity for both Intel and AMD v5 SKUs landed in September 2024. Exact GA month not confirmed.
Standard_D8ads_v5,Azure Database for PostgreSQL,Flexible server,vCore,General Purpose,Provisioned,Dadsv5-series,vCore,8,32.0,4.0,GA,pg-v5-amd,,2023,low,https://learn.microsoft.com/azure/postgresql/compute-storage/concepts-compute,Rolled out during 2023 after the Intel v5 series; reserved capacity for both Intel and AMD v5 SKUs landed in September 2024. Exact GA month not confirmed.
Standard_D16ads_v5,Azure Database for PostgreSQL,Flexible server,vCore,General Purpose,Provisioned,Dadsv5-series,vCore,16,64.0,4.0,GA,pg-v5-amd,,2023,low,https://learn.microsoft.com/azure/postgresql/compute-storage/concepts-compute,Rolled out during 2023 after the Intel v5 series; reserved capacity for both Intel and AMD v5 SKUs landed in September 2024. Exact GA month not confirmed.
Standard_D32ads_v5,Azure Database for PostgreSQL,Flexible server,vCore,General Purpose,Provisioned,Dadsv5-series,vCore,32,128.0,4.0,GA,pg-v5-amd,,2023,low,https://learn.microsoft.com/azure/postgresql/compute-storage/concepts-compute,Rolled out during 2023 after the Intel v5 series; reserved capacity for both Intel and AMD v5 SKUs landed in September 2024. Exact GA month not confirmed.
Standard_D48ads_v5,Azure Database for PostgreSQL,Flexible server,vCore,General Purpose,Provisioned,Dadsv5-series,vCore,48,192.0,4.0,GA,pg-v5-amd,,2023,low,https://learn.microsoft.com/azure/postgresql/compute-storage/concepts-compute,Rolled out during 2023 after the Intel v5 series; reserved capacity for both Intel and AMD v5 SKUs landed in September 2024. Exact GA month not confirmed.
Standard_D64ads_v5,Azure Database for PostgreSQL,Flexible server,vCore,General Purpose,Provisioned,Dadsv5-series,vCore,64,256.0,4.0,GA,pg-v5-amd,,2023,low,https://learn.microsoft.com/azure/postgresql/compute-storage/concepts-compute,Rolled out during 2023 after the Intel v5 series; reserved capacity for both Intel and AMD v5 SKUs landed in September 2024. Exact GA month not confirmed.
Standard_D96ads_v5,Azure Database for PostgreSQL,Flexible server,vCore,General Purpose,Provisioned,Dadsv5-series,vCore,96,384.0,4.0,GA,pg-v5-amd,,2023,low,https://learn.microsoft.com/azure/postgresql/compute-storage/concepts-compute,Rolled out during 2023 after the Intel v5 series; reserved capacity for both Intel and AMD v5 SKUs landed in September 2024. Exact GA month not confirmed.
Standard_D2ds_v6,Azure Database for PostgreSQL,Flexible server,vCore,General Purpose,Provisioned,Ddsv6-series,vCore,2,8.0,4.0,Preview,pg-v6,2025,,medium,https://learn.microsoft.com/azure/postgresql/overview,"PUBLIC PREVIEW as of the catalog date. Scaling between Burstable and v6 is not supported, and virtual network integration is not supported on v6."
Standard_D4ds_v6,Azure Database for PostgreSQL,Flexible server,vCore,General Purpose,Provisioned,Ddsv6-series,vCore,4,16.0,4.0,Preview,pg-v6,2025,,medium,https://learn.microsoft.com/azure/postgresql/overview,"PUBLIC PREVIEW as of the catalog date. Scaling between Burstable and v6 is not supported, and virtual network integration is not supported on v6."
Standard_D8ds_v6,Azure Database for PostgreSQL,Flexible server,vCore,General Purpose,Provisioned,Ddsv6-series,vCore,8,32.0,4.0,Preview,pg-v6,2025,,medium,https://learn.microsoft.com/azure/postgresql/overview,"PUBLIC PREVIEW as of the catalog date. Scaling between Burstable and v6 is not supported, and virtual network integration is not supported on v6."
Standard_D16ds_v6,Azure Database for PostgreSQL,Flexible server,vCore,General Purpose,Provisioned,Ddsv6-series,vCore,16,64.0,4.0,Preview,pg-v6,2025,,medium,https://learn.microsoft.com/azure/postgresql/overview,"PUBLIC PREVIEW as of the catalog date. Scaling between Burstable and v6 is not supported, and virtual network integration is not supported on v6."
Standard_D32ds_v6,Azure Database for PostgreSQL,Flexible server,vCore,General Purpose,Provisioned,Ddsv6-series,vCore,32,128.0,4.0,Preview,pg-v6,2025,,medium,https://learn.microsoft.com/azure/postgresql/overview,"PUBLIC PREVIEW as of the catalog date. Scaling between Burstable and v6 is not supported, and virtual network integration is not supported on v6."
Standard_D48ds_v6,Azure Database for PostgreSQL,Flexible server,vCore,General Purpose,Provisioned,Ddsv6-series,vCore,48,192.0,4.0,Preview,pg-v6,2025,,medium,https://learn.microsoft.com/azure/postgresql/overview,"PUBLIC PREVIEW as of the catalog date. Scaling between Burstable and v6 is not supported, and virtual network integration is not supported on v6."
Standard_D64ds_v6,Azure Database for PostgreSQL,Flexible server,vCore,General Purpose,Provisioned,Ddsv6-series,vCore,64,256.0,4.0,Preview,pg-v6,2025,,medium,https://learn.microsoft.com/azure/postgresql/overview,"PUBLIC PREVIEW as of the catalog date. Scaling between Burstable and v6 is not supported, and virtual network integration is not supported on v6."
Standard_D96ds_v6,Azure Database for PostgreSQL,Flexible server,vCore,General Purpose,Provisioned,Ddsv6-series,vCore,96,384.0,4.0,Preview,pg-v6,2025,,medium,https://learn.microsoft.com/azure/postgresql/overview,"PUBLIC PREVIEW as of the catalog date. Scaling between Burstable and v6 is not supported, and virtual network integration is not supported on v6."
Standard_D128ds_v6,Azure Database for PostgreSQL,Flexible server,vCore,General Purpose,Provisioned,Ddsv6-series,vCore,128,512.0,4.0,Preview,pg-v6,2025,,medium,https://learn.microsoft.com/azure/postgresql/overview,"PUBLIC PREVIEW as of the catalog date. Scaling between Burstable and v6 is not supported, and virtual network integration is not supported on v6."
Standard_D192ds_v6,Azure Database for PostgreSQL,Flexible server,vCore,General Purpose,Provisioned,Ddsv6-series,vCore,192,768.0,4.0,Preview,pg-v6,2025,,medium,https://learn.microsoft.com/azure/postgresql/overview,"PUBLIC PREVIEW as of the catalog date. Scaling between Burstable and v6 is not supported, and virtual network integration is not supported on v6."
Standard_D2ads_v6,Azure Database for PostgreSQL,Flexible server,vCore,General Purpose,Provisioned,Dadsv6-series,vCore,2,8.0,4.0,Preview,pg-v6,2025,,medium,https://learn.microsoft.com/azure/postgresql/overview,"PUBLIC PREVIEW as of the catalog date. Scaling between Burstable and v6 is not supported, and virtual network integration is not supported on v6."
Standard_D4ads_v6,Azure Database for PostgreSQL,Flexible server,vCore,General Purpose,Provisioned,Dadsv6-series,vCore,4,16.0,4.0,Preview,pg-v6,2025,,medium,https://learn.microsoft.com/azure/postgresql/overview,"PUBLIC PREVIEW as of the catalog date. Scaling between Burstable and v6 is not supported, and virtual network integration is not supported on v6."
Standard_D8ads_v6,Azure Database for PostgreSQL,Flexible server,vCore,General Purpose,Provisioned,Dadsv6-series,vCore,8,32.0,4.0,Preview,pg-v6,2025,,medium,https://learn.microsoft.com/azure/postgresql/overview,"PUBLIC PREVIEW as of the catalog date. Scaling between Burstable and v6 is not supported, and virtual network integration is not supported on v6."
Standard_D16ads_v6,Azure Database for PostgreSQL,Flexible server,vCore,General Purpose,Provisioned,Dadsv6-series,vCore,16,64.0,4.0,Preview,pg-v6,2025,,medium,https://learn.microsoft.com/azure/postgresql/overview,"PUBLIC PREVIEW as of the catalog date. Scaling between Burstable and v6 is not supported, and virtual network integration is not supported on v6."
Standard_D32ads_v6,Azure Database for PostgreSQL,Flexible server,vCore,General Purpose,Provisioned,Dadsv6-series,vCore,32,128.0,4.0,Preview,pg-v6,2025,,medium,https://learn.microsoft.com/azure/postgresql/overview,"PUBLIC PREVIEW as of the catalog date. Scaling between Burstable and v6 is not supported, and virtual network integration is not supported on v6."
Standard_D48ads_v6,Azure Database for PostgreSQL,Flexible server,vCore,General Purpose,Provisioned,Dadsv6-series,vCore,48,192.0,4.0,Preview,pg-v6,2025,,medium,https://learn.microsoft.com/azure/postgresql/overview,"PUBLIC PREVIEW as of the catalog date. Scaling between Burstable and v6 is not supported, and virtual network integration is not supported on v6."
Standard_D64ads_v6,Azure Database for PostgreSQL,Flexible server,vCore,General Purpose,Provisioned,Dadsv6-series,vCore,64,256.0,4.0,Preview,pg-v6,2025,,medium,https://learn.microsoft.com/azure/postgresql/overview,"PUBLIC PREVIEW as of the catalog date. Scaling between Burstable and v6 is not supported, and virtual network integration is not supported on v6."
Standard_D96ads_v6,Azure Database for PostgreSQL,Flexible server,vCore,General Purpose,Provisioned,Dadsv6-series,vCore,96,384.0,4.0,Preview,pg-v6,2025,,medium,https://learn.microsoft.com/azure/postgresql/overview,"PUBLIC PREVIEW as of the catalog date. Scaling between Burstable and v6 is not supported, and virtual network integration is not supported on v6."
Standard_E2s_v3,Azure Database for PostgreSQL,Flexible server,vCore,Memory Optimized,Provisioned,Esv3-series,vCore,2,16.0,8.0,GA,pg-v3,2020-11,2021-11,medium,https://learn.microsoft.com/azure/postgresql/release-notes/release-notes,v3 was the launch compute series for flexible server; it reached GA with the service.
Standard_E4s_v3,Azure Database for PostgreSQL,Flexible server,vCore,Memory Optimized,Provisioned,Esv3-series,vCore,4,32.0,8.0,GA,pg-v3,2020-11,2021-11,medium,https://learn.microsoft.com/azure/postgresql/release-notes/release-notes,v3 was the launch compute series for flexible server; it reached GA with the service.
Standard_E8s_v3,Azure Database for PostgreSQL,Flexible server,vCore,Memory Optimized,Provisioned,Esv3-series,vCore,8,64.0,8.0,GA,pg-v3,2020-11,2021-11,medium,https://learn.microsoft.com/azure/postgresql/release-notes/release-notes,v3 was the launch compute series for flexible server; it reached GA with the service.
Standard_E16s_v3,Azure Database for PostgreSQL,Flexible server,vCore,Memory Optimized,Provisioned,Esv3-series,vCore,16,128.0,8.0,GA,pg-v3,2020-11,2021-11,medium,https://learn.microsoft.com/azure/postgresql/release-notes/release-notes,v3 was the launch compute series for flexible server; it reached GA with the service.
Standard_E32s_v3,Azure Database for PostgreSQL,Flexible server,vCore,Memory Optimized,Provisioned,Esv3-series,vCore,32,256.0,8.0,GA,pg-v3,2020-11,2021-11,medium,https://learn.microsoft.com/azure/postgresql/release-notes/release-notes,v3 was the launch compute series for flexible server; it reached GA with the service.
Standard_E48s_v3,Azure Database for PostgreSQL,Flexible server,vCore,Memory Optimized,Provisioned,Esv3-series,vCore,48,384.0,8.0,GA,pg-v3,2020-11,2021-11,medium,https://learn.microsoft.com/azure/postgresql/release-notes/release-notes,v3 was the launch compute series for flexible server; it reached GA with the service.
Standard_E64s_v3,Azure Database for PostgreSQL,Flexible server,vCore,Memory Optimized,Provisioned,Esv3-series,vCore,64,432.0,6.75,GA,pg-v3,2020-11,2021-11,medium,https://learn.microsoft.com/azure/postgresql/release-notes/release-notes,v3 was the launch compute series for flexible server; it reached GA with the service.
Standard_E2ds_v4,Azure Database for PostgreSQL,Flexible server,vCore,Memory Optimized,Provisioned,Edsv4-series,vCore,2,16.0,8.0,GA,pg-v4,,2021-10,high,https://techcommunity.microsoft.com/blog/adforpostgresql/flexible-server-now-supports-v4-compute-series-in-postgresql-on-azure/2815092,
Standard_E4ds_v4,Azure Database for PostgreSQL,Flexible server,vCore,Memory Optimized,Provisioned,Edsv4-series,vCore,4,32.0,8.0,GA,pg-v4,,2021-10,high,https://techcommunity.microsoft.com/blog/adforpostgresql/flexible-server-now-supports-v4-compute-series-in-postgresql-on-azure/2815092,
Standard_E8ds_v4,Azure Database for PostgreSQL,Flexible server,vCore,Memory Optimized,Provisioned,Edsv4-series,vCore,8,64.0,8.0,GA,pg-v4,,2021-10,high,https://techcommunity.microsoft.com/blog/adforpostgresql/flexible-server-now-supports-v4-compute-series-in-postgresql-on-azure/2815092,
Standard_E16ds_v4,Azure Database for PostgreSQL,Flexible server,vCore,Memory Optimized,Provisioned,Edsv4-series,vCore,16,128.0,8.0,GA,pg-v4,,2021-10,high,https://techcommunity.microsoft.com/blog/adforpostgresql/flexible-server-now-supports-v4-compute-series-in-postgresql-on-azure/2815092,
Standard_E20ds_v4,Azure Database for PostgreSQL,Flexible server,vCore,Memory Optimized,Provisioned,Edsv4-series,vCore,20,160.0,8.0,GA,pg-v4,,2021-10,high,https://techcommunity.microsoft.com/blog/adforpostgresql/flexible-server-now-supports-v4-compute-series-in-postgresql-on-azure/2815092,
Standard_E32ds_v4,Azure Database for PostgreSQL,Flexible server,vCore,Memory Optimized,Provisioned,Edsv4-series,vCore,32,256.0,8.0,GA,pg-v4,,2021-10,high,https://techcommunity.microsoft.com/blog/adforpostgresql/flexible-server-now-supports-v4-compute-series-in-postgresql-on-azure/2815092,
Standard_E48ds_v4,Azure Database for PostgreSQL,Flexible server,vCore,Memory Optimized,Provisioned,Edsv4-series,vCore,48,384.0,8.0,GA,pg-v4,,2021-10,high,https://techcommunity.microsoft.com/blog/adforpostgresql/flexible-server-now-supports-v4-compute-series-in-postgresql-on-azure/2815092,
Standard_E64ds_v4,Azure Database for PostgreSQL,Flexible server,vCore,Memory Optimized,Provisioned,Edsv4-series,vCore,64,432.0,6.75,GA,pg-v4,,2021-10,high,https://techcommunity.microsoft.com/blog/adforpostgresql/flexible-server-now-supports-v4-compute-series-in-postgresql-on-azure/2815092,
Standard_E2ds_v5,Azure Database for PostgreSQL,Flexible server,vCore,Memory Optimized,Provisioned,Edsv5-series,vCore,2,16.0,8.0,GA,pg-v5-intel,,2023-05,high,https://techcommunity.microsoft.com/t5/azure-database-for-postgresql/introducing-intel-v5-compute-and-32-tb-storage-support-on-azure/ba-p/3839849,Announced 2023-06-05 covering the May 2023 release; listed in the May 2023 release notes.
Standard_E4ds_v5,Azure Database for PostgreSQL,Flexible server,vCore,Memory Optimized,Provisioned,Edsv5-series,vCore,4,32.0,8.0,GA,pg-v5-intel,,2023-05,high,https://techcommunity.microsoft.com/t5/azure-database-for-postgresql/introducing-intel-v5-compute-and-32-tb-storage-support-on-azure/ba-p/3839849,Announced 2023-06-05 covering the May 2023 release; listed in the May 2023 release notes.
Standard_E8ds_v5,Azure Database for PostgreSQL,Flexible server,vCore,Memory Optimized,Provisioned,Edsv5-series,vCore,8,64.0,8.0,GA,pg-v5-intel,,2023-05,high,https://techcommunity.microsoft.com/t5/azure-database-for-postgresql/introducing-intel-v5-compute-and-32-tb-storage-support-on-azure/ba-p/3839849,Announced 2023-06-05 covering the May 2023 release; listed in the May 2023 release notes.
Standard_E16ds_v5,Azure Database for PostgreSQL,Flexible server,vCore,Memory Optimized,Provisioned,Edsv5-series,vCore,16,128.0,8.0,GA,pg-v5-intel,,2023-05,high,https://techcommunity.microsoft.com/t5/azure-database-for-postgresql/introducing-intel-v5-compute-and-32-tb-storage-support-on-azure/ba-p/3839849,Announced 2023-06-05 covering the May 2023 release; listed in the May 2023 release notes.
Standard_E20ds_v5,Azure Database for PostgreSQL,Flexible server,vCore,Memory Optimized,Provisioned,Edsv5-series,vCore,20,160.0,8.0,GA,pg-v5-intel,,2023-05,high,https://techcommunity.microsoft.com/t5/azure-database-for-postgresql/introducing-intel-v5-compute-and-32-tb-storage-support-on-azure/ba-p/3839849,Announced 2023-06-05 covering the May 2023 release; listed in the May 2023 release notes.
Standard_E32ds_v5,Azure Database for PostgreSQL,Flexible server,vCore,Memory Optimized,Provisioned,Edsv5-series,vCore,32,256.0,8.0,GA,pg-v5-intel,,2023-05,high,https://techcommunity.microsoft.com/t5/azure-database-for-postgresql/introducing-intel-v5-compute-and-32-tb-storage-support-on-azure/ba-p/3839849,Announced 2023-06-05 covering the May 2023 release; listed in the May 2023 release notes.
Standard_E48ds_v5,Azure Database for PostgreSQL,Flexible server,vCore,Memory Optimized,Provisioned,Edsv5-series,vCore,48,384.0,8.0,GA,pg-v5-intel,,2023-05,high,https://techcommunity.microsoft.com/t5/azure-database-for-postgresql/introducing-intel-v5-compute-and-32-tb-storage-support-on-azure/ba-p/3839849,Announced 2023-06-05 covering the May 2023 release; listed in the May 2023 release notes.
Standard_E64ds_v5,Azure Database for PostgreSQL,Flexible server,vCore,Memory Optimized,Provisioned,Edsv5-series,vCore,64,512.0,8.0,GA,pg-v5-intel,,2023-05,high,https://techcommunity.microsoft.com/t5/azure-database-for-postgresql/introducing-intel-v5-compute-and-32-tb-storage-support-on-azure/ba-p/3839849,Announced 2023-06-05 covering the May 2023 release; listed in the May 2023 release notes.
Standard_E96ds_v5,Azure Database for PostgreSQL,Flexible server,vCore,Memory Optimized,Provisioned,Edsv5-series,vCore,96,672.0,7.0,GA,pg-v5-intel,,2023-05,high,https://techcommunity.microsoft.com/t5/azure-database-for-postgresql/introducing-intel-v5-compute-and-32-tb-storage-support-on-azure/ba-p/3839849,Announced 2023-06-05 covering the May 2023 release; listed in the May 2023 release notes.
Standard_E2ads_v5,Azure Database for PostgreSQL,Flexible server,vCore,Memory Optimized,Provisioned,Eadsv5-series,vCore,2,16.0,8.0,GA,pg-v5-amd,,2023,low,https://learn.microsoft.com/azure/postgresql/compute-storage/concepts-compute,Rolled out during 2023 after the Intel v5 series; reserved capacity for both Intel and AMD v5 SKUs landed in September 2024. Exact GA month not confirmed.
Standard_E4ads_v5,Azure Database for PostgreSQL,Flexible server,vCore,Memory Optimized,Provisioned,Eadsv5-series,vCore,4,32.0,8.0,GA,pg-v5-amd,,2023,low,https://learn.microsoft.com/azure/postgresql/compute-storage/concepts-compute,Rolled out during 2023 after the Intel v5 series; reserved capacity for both Intel and AMD v5 SKUs landed in September 2024. Exact GA month not confirmed.
Standard_E8ads_v5,Azure Database for PostgreSQL,Flexible server,vCore,Memory Optimized,Provisioned,Eadsv5-series,vCore,8,64.0,8.0,GA,pg-v5-amd,,2023,low,https://learn.microsoft.com/azure/postgresql/compute-storage/concepts-compute,Rolled out during 2023 after the Intel v5 series; reserved capacity for both Intel and AMD v5 SKUs landed in September 2024. Exact GA month not confirmed.
Standard_E16ads_v5,Azure Database for PostgreSQL,Flexible server,vCore,Memory Optimized,Provisioned,Eadsv5-series,vCore,16,128.0,8.0,GA,pg-v5-amd,,2023,low,https://learn.microsoft.com/azure/postgresql/compute-storage/concepts-compute,Rolled out during 2023 after the Intel v5 series; reserved capacity for both Intel and AMD v5 SKUs landed in September 2024. Exact GA month not confirmed.
Standard_E20ads_v5,Azure Database for PostgreSQL,Flexible server,vCore,Memory Optimized,Provisioned,Eadsv5-series,vCore,20,160.0,8.0,GA,pg-v5-amd,,2023,low,https://learn.microsoft.com/azure/postgresql/compute-storage/concepts-compute,Rolled out during 2023 after the Intel v5 series; reserved capacity for both Intel and AMD v5 SKUs landed in September 2024. Exact GA month not confirmed.
Standard_E32ads_v5,Azure Database for PostgreSQL,Flexible server,vCore,Memory Optimized,Provisioned,Eadsv5-series,vCore,32,256.0,8.0,GA,pg-v5-amd,,2023,low,https://learn.microsoft.com/azure/postgresql/compute-storage/concepts-compute,Rolled out during 2023 after the Intel v5 series; reserved capacity for both Intel and AMD v5 SKUs landed in September 2024. Exact GA month not confirmed.
Standard_E48ads_v5,Azure Database for PostgreSQL,Flexible server,vCore,Memory Optimized,Provisioned,Eadsv5-series,vCore,48,384.0,8.0,GA,pg-v5-amd,,2023,low,https://learn.microsoft.com/azure/postgresql/compute-storage/concepts-compute,Rolled out during 2023 after the Intel v5 series; reserved capacity for both Intel and AMD v5 SKUs landed in September 2024. Exact GA month not confirmed.
Standard_E64ads_v5,Azure Database for PostgreSQL,Flexible server,vCore,Memory Optimized,Provisioned,Eadsv5-series,vCore,64,512.0,8.0,GA,pg-v5-amd,,2023,low,https://learn.microsoft.com/azure/postgresql/compute-storage/concepts-compute,Rolled out during 2023 after the Intel v5 series; reserved capacity for both Intel and AMD v5 SKUs landed in September 2024. Exact GA month not confirmed.
Standard_E96ads_v5,Azure Database for PostgreSQL,Flexible server,vCore,Memory Optimized,Provisioned,Eadsv5-series,vCore,96,672.0,7.0,GA,pg-v5-amd,,2023,low,https://learn.microsoft.com/azure/postgresql/compute-storage/concepts-compute,Rolled out during 2023 after the Intel v5 series; reserved capacity for both Intel and AMD v5 SKUs landed in September 2024. Exact GA month not confirmed.
Standard_E2ds_v6,Azure Database for PostgreSQL,Flexible server,vCore,Memory Optimized,Provisioned,Edsv6-series,vCore,2,16.0,8.0,Preview,pg-v6,2025,,medium,https://learn.microsoft.com/azure/postgresql/overview,"PUBLIC PREVIEW as of the catalog date. Scaling between Burstable and v6 is not supported, and virtual network integration is not supported on v6."
Standard_E4ds_v6,Azure Database for PostgreSQL,Flexible server,vCore,Memory Optimized,Provisioned,Edsv6-series,vCore,4,32.0,8.0,Preview,pg-v6,2025,,medium,https://learn.microsoft.com/azure/postgresql/overview,"PUBLIC PREVIEW as of the catalog date. Scaling between Burstable and v6 is not supported, and virtual network integration is not supported on v6."
Standard_E8ds_v6,Azure Database for PostgreSQL,Flexible server,vCore,Memory Optimized,Provisioned,Edsv6-series,vCore,8,64.0,8.0,Preview,pg-v6,2025,,medium,https://learn.microsoft.com/azure/postgresql/overview,"PUBLIC PREVIEW as of the catalog date. Scaling between Burstable and v6 is not supported, and virtual network integration is not supported on v6."
Standard_E16ds_v6,Azure Database for PostgreSQL,Flexible server,vCore,Memory Optimized,Provisioned,Edsv6-series,vCore,16,128.0,8.0,Preview,pg-v6,2025,,medium,https://learn.microsoft.com/azure/postgresql/overview,"PUBLIC PREVIEW as of the catalog date. Scaling between Burstable and v6 is not supported, and virtual network integration is not supported on v6."
Standard_E20ds_v6,Azure Database for PostgreSQL,Flexible server,vCore,Memory Optimized,Provisioned,Edsv6-series,vCore,20,160.0,8.0,Preview,pg-v6,2025,,medium,https://learn.microsoft.com/azure/postgresql/overview,"PUBLIC PREVIEW as of the catalog date. Scaling between Burstable and v6 is not supported, and virtual network integration is not supported on v6."
Standard_E32ds_v6,Azure Database for PostgreSQL,Flexible server,vCore,Memory Optimized,Provisioned,Edsv6-series,vCore,32,256.0,8.0,Preview,pg-v6,2025,,medium,https://learn.microsoft.com/azure/postgresql/overview,"PUBLIC PREVIEW as of the catalog date. Scaling between Burstable and v6 is not supported, and virtual network integration is not supported on v6."
Standard_E48ds_v6,Azure Database for PostgreSQL,Flexible server,vCore,Memory Optimized,Provisioned,Edsv6-series,vCore,48,384.0,8.0,Preview,pg-v6,2025,,medium,https://learn.microsoft.com/azure/postgresql/overview,"PUBLIC PREVIEW as of the catalog date. Scaling between Burstable and v6 is not supported, and virtual network integration is not supported on v6."
Standard_E64ds_v6,Azure Database for PostgreSQL,Flexible server,vCore,Memory Optimized,Provisioned,Edsv6-series,vCore,64,512.0,8.0,Preview,pg-v6,2025,,medium,https://learn.microsoft.com/azure/postgresql/overview,"PUBLIC PREVIEW as of the catalog date. Scaling between Burstable and v6 is not supported, and virtual network integration is not supported on v6."
Standard_E96ds_v6,Azure Database for PostgreSQL,Flexible server,vCore,Memory Optimized,Provisioned,Edsv6-series,vCore,96,768.0,8.0,Preview,pg-v6,2025,,medium,https://learn.microsoft.com/azure/postgresql/overview,"PUBLIC PREVIEW as of the catalog date. Scaling between Burstable and v6 is not supported, and virtual network integration is not supported on v6."
Standard_E128ds_v6,Azure Database for PostgreSQL,Flexible server,vCore,Memory Optimized,Provisioned,Edsv6-series,vCore,128,1024.0,8.0,Preview,pg-v6,2025,,medium,https://learn.microsoft.com/azure/postgresql/overview,"PUBLIC PREVIEW as of the catalog date. Scaling between Burstable and v6 is not supported, and virtual network integration is not supported on v6."
Standard_E192ds_v6,Azure Database for PostgreSQL,Flexible server,vCore,Memory Optimized,Provisioned,Edsv6-series,vCore,192,1832.0,9.54,Preview,pg-v6,2025,,medium,https://learn.microsoft.com/azure/postgresql/overview,"PUBLIC PREVIEW as of the catalog date. Scaling between Burstable and v6 is not supported, and virtual network integration is not supported on v6."
Standard_E2ads_v6,Azure Database for PostgreSQL,Flexible server,vCore,Memory Optimized,Provisioned,Eadsv6-series,vCore,2,16.0,8.0,Preview,pg-v6,2025,,medium,https://learn.microsoft.com/azure/postgresql/overview,"PUBLIC PREVIEW as of the catalog date. Scaling between Burstable and v6 is not supported, and virtual network integration is not supported on v6."
Standard_E4ads_v6,Azure Database for PostgreSQL,Flexible server,vCore,Memory Optimized,Provisioned,Eadsv6-series,vCore,4,32.0,8.0,Preview,pg-v6,2025,,medium,https://learn.microsoft.com/azure/postgresql/overview,"PUBLIC PREVIEW as of the catalog date. Scaling between Burstable and v6 is not supported, and virtual network integration is not supported on v6."
Standard_E8ads_v6,Azure Database for PostgreSQL,Flexible server,vCore,Memory Optimized,Provisioned,Eadsv6-series,vCore,8,64.0,8.0,Preview,pg-v6,2025,,medium,https://learn.microsoft.com/azure/postgresql/overview,"PUBLIC PREVIEW as of the catalog date. Scaling between Burstable and v6 is not supported, and virtual network integration is not supported on v6."
Standard_E16ads_v6,Azure Database for PostgreSQL,Flexible server,vCore,Memory Optimized,Provisioned,Eadsv6-series,vCore,16,128.0,8.0,Preview,pg-v6,2025,,medium,https://learn.microsoft.com/azure/postgresql/overview,"PUBLIC PREVIEW as of the catalog date. Scaling between Burstable and v6 is not supported, and virtual network integration is not supported on v6."
Standard_E20ads_v6,Azure Database for PostgreSQL,Flexible server,vCore,Memory Optimized,Provisioned,Eadsv6-series,vCore,20,160.0,8.0,Preview,pg-v6,2025,,medium,https://learn.microsoft.com/azure/postgresql/overview,"PUBLIC PREVIEW as of the catalog date. Scaling between Burstable and v6 is not supported, and virtual network integration is not supported on v6."
Standard_E32ads_v6,Azure Database for PostgreSQL,Flexible server,vCore,Memory Optimized,Provisioned,Eadsv6-series,vCore,32,256.0,8.0,Preview,pg-v6,2025,,medium,https://learn.microsoft.com/azure/postgresql/overview,"PUBLIC PREVIEW as of the catalog date. Scaling between Burstable and v6 is not supported, and virtual network integration is not supported on v6."
Standard_E48ads_v6,Azure Database for PostgreSQL,Flexible server,vCore,Memory Optimized,Provisioned,Eadsv6-series,vCore,48,384.0,8.0,Preview,pg-v6,2025,,medium,https://learn.microsoft.com/azure/postgresql/overview,"PUBLIC PREVIEW as of the catalog date. Scaling between Burstable and v6 is not supported, and virtual network integration is not supported on v6."
Standard_E64ads_v6,Azure Database for PostgreSQL,Flexible server,vCore,Memory Optimized,Provisioned,Eadsv6-series,vCore,64,512.0,8.0,Preview,pg-v6,2025,,medium,https://learn.microsoft.com/azure/postgresql/overview,"PUBLIC PREVIEW as of the catalog date. Scaling between Burstable and v6 is not supported, and virtual network integration is not supported on v6."
Standard_E96ads_v6,Azure Database for PostgreSQL,Flexible server,vCore,Memory Optimized,Provisioned,Eadsv6-series,vCore,96,672.0,7.0,Preview,pg-v6,2025,,medium,https://learn.microsoft.com/azure/postgresql/overview,"PUBLIC PREVIEW as of the catalog date. Scaling between Burstable and v6 is not supported, and virtual network integration is not supported on v6."
B_Gen5_1,Azure Database for PostgreSQL,Single server (retired),vCore,Basic,Provisioned,Gen5,vCore,1,,,Retired,pg-single-server,2017-05,2018-03,low,https://learn.microsoft.com/azure/postgresql/single-server/whats-happening-to-postgresql-single-server,RETIRED on 2025-03-28. Listed for historical completeness only; not orderable.
B_Gen5_2,Azure Database for PostgreSQL,Single server (retired),vCore,Basic,Provisioned,Gen5,vCore,2,,,Retired,pg-single-server,2017-05,2018-03,low,https://learn.microsoft.com/azure/postgresql/single-server/whats-happening-to-postgresql-single-server,RETIRED on 2025-03-28. Listed for historical completeness only; not orderable.
GP_Gen5_2,Azure Database for PostgreSQL,Single server (retired),vCore,General Purpose,Provisioned,Gen5,vCore,2,,,Retired,pg-single-server,2017-05,2018-03,low,https://learn.microsoft.com/azure/postgresql/single-server/whats-happening-to-postgresql-single-server,RETIRED on 2025-03-28. Listed for historical completeness only; not orderable.
GP_Gen5_4,Azure Database for PostgreSQL,Single server (retired),vCore,General Purpose,Provisioned,Gen5,vCore,4,,,Retired,pg-single-server,2017-05,2018-03,low,https://learn.microsoft.com/azure/postgresql/single-server/whats-happening-to-postgresql-single-server,RETIRED on 2025-03-28. Listed for historical completeness only; not orderable.
GP_Gen5_8,Azure Database for PostgreSQL,Single server (retired),vCore,General Purpose,Provisioned,Gen5,vCore,8,,,Retired,pg-single-server,2017-05,2018-03,low,https://learn.microsoft.com/azure/postgresql/single-server/whats-happening-to-postgresql-single-server,RETIRED on 2025-03-28. Listed for historical completeness only; not orderable.
GP_Gen5_16,Azure Database for PostgreSQL,Single server (retired),vCore,General Purpose,Provisioned,Gen5,vCore,16,,,Retired,pg-single-server,2017-05,2018-03,low,https://learn.microsoft.com/azure/postgresql/single-server/whats-happening-to-postgresql-single-server,RETIRED on 2025-03-28. Listed for historical completeness only; not orderable.
GP_Gen5_32,Azure Database for PostgreSQL,Single server (retired),vCore,General Purpose,Provisioned,Gen5,vCore,32,,,Retired,pg-single-server,2017-05,2018-03,low,https://learn.microsoft.com/azure/postgresql/single-server/whats-happening-to-postgresql-single-server,RETIRED on 2025-03-28. Listed for historical completeness only; not orderable.
GP_Gen5_64,Azure Database for PostgreSQL,Single server (retired),vCore,General Purpose,Provisioned,Gen5,vCore,64,,,Retired,pg-single-server,2017-05,2018-03,low,https://learn.microsoft.com/azure/postgresql/single-server/whats-happening-to-postgresql-single-server,RETIRED on 2025-03-28. Listed for historical completeness only; not orderable.
MO_Gen5_2,Azure Database for PostgreSQL,Single server (retired),vCore,Memory Optimized,Provisioned,Gen5,vCore,2,,,Retired,pg-single-server,2017-05,2018-03,low,https://learn.microsoft.com/azure/postgresql/single-server/whats-happening-to-postgresql-single-server,RETIRED on 2025-03-28. Listed for historical completeness only; not orderable.
MO_Gen5_4,Azure Database for PostgreSQL,Single server (retired),vCore,Memory Optimized,Provisioned,Gen5,vCore,4,,,Retired,pg-single-server,2017-05,2018-03,low,https://learn.microsoft.com/azure/postgresql/single-server/whats-happening-to-postgresql-single-server,RETIRED on 2025-03-28. Listed for historical completeness only; not orderable.
MO_Gen5_8,Azure Database for PostgreSQL,Single server (retired),vCore,Memory Optimized,Provisioned,Gen5,vCore,8,,,Retired,pg-single-server,2017-05,2018-03,low,https://learn.microsoft.com/azure/postgresql/single-server/whats-happening-to-postgresql-single-server,RETIRED on 2025-03-28. Listed for historical completeness only; not orderable.
MO_Gen5_16,Azure Database for PostgreSQL,Single server (retired),vCore,Memory Optimized,Provisioned,Gen5,vCore,16,,,Retired,pg-single-server,2017-05,2018-03,low,https://learn.microsoft.com/azure/postgresql/single-server/whats-happening-to-postgresql-single-server,RETIRED on 2025-03-28. Listed for historical completeness only; not orderable.
MO_Gen5_32,Azure Database for PostgreSQL,Single server (retired),vCore,Memory Optimized,Provisioned,Gen5,vCore,32,,,Retired,pg-single-server,2017-05,2018-03,low,https://learn.microsoft.com/azure/postgresql/single-server/whats-happening-to-postgresql-single-server,RETIRED on 2025-03-28. Listed for historical completeness only; not orderable.
